2026.09.21 22:48:14 INFO  Started: Metals version 1.6.9 in folders 'D:\personal joffre barre\UESS - INGENIERIA COMPUTACION\Diseño de Software\lab1-codigo-heredado\lab1-codigo-heredado' for client Visual Studio Code 1.138.0.[0m
2026.09.21 22:48:14 INFO  Memory monitor started[0m
2026.09.21 22:48:16 WARN  Using H2 2.5.250 which is newer than the version Flyway has been verified with. The latest verified version of H2 is 2.3.232.[0m
2026.09.21 22:48:16 INFO  no build target found for D:\personal joffre barre\UESS - INGENIERIA COMPUTACION\Diseño de Software\lab1-codigo-heredado\lab1-codigo-heredado\src\main\java\edu\uees\refactor\app\Main.java. Using fallback presentation compiler.[0m
2026.09.21 22:48:18 INFO  no build target found for D:\personal joffre barre\UESS - INGENIERIA COMPUTACION\Diseño de Software\lab1-codigo-heredado\lab1-codigo-heredado\src\main\java\edu\uees\refactor\app\Main.java. Using fallback presentation compiler.[0m
2026.09.21 22:49:03 INFO  no build target found for D:\personal joffre barre\UESS - INGENIERIA COMPUTACION\Diseño de Software\lab1-codigo-heredado\lab1-codigo-heredado\src\main\java\edu\uees\refactor\app\Main.java. Using fallback presentation compiler.[0m
2026.09.21 22:49:07 INFO  no build target found for D:\personal joffre barre\UESS - INGENIERIA COMPUTACION\Diseño de Software\lab1-codigo-heredado\lab1-codigo-heredado\src\main\java\edu\uees\refactor\app\Main.java. Using fallback presentation compiler.[0m
2026.09.21 22:49:07 INFO  no build target found for D:\personal joffre barre\UESS - INGENIERIA COMPUTACION\Diseño de Software\lab1-codigo-heredado\lab1-codigo-heredado\src\main\java\edu\uees\refactor\app\Main.java. Using fallback presentation compiler.[0m
2026.09.21 22:49:08 INFO  no build target found for D:\personal joffre barre\UESS - INGENIERIA COMPUTACION\Diseño de Software\lab1-codigo-heredado\lab1-codigo-heredado\src\main\java\edu\uees\refactor\app\Main.java. Using fallback presentation compiler.[0m
2026.09.21 22:49:23 INFO  no build target found for D:\personal joffre barre\UESS - INGENIERIA COMPUTACION\Diseño de Software\lab1-codigo-heredado\lab1-codigo-heredado\src\main\java\edu\uees\refactor\app\Main.java. Using fallback presentation compiler.[0m
2026.09.21 22:49:23 INFO  no build target found for D:\personal joffre barre\UESS - INGENIERIA COMPUTACION\Diseño de Software\lab1-codigo-heredado\lab1-codigo-heredado\src\main\java\edu\uees\refactor\app\Main.java. Using fallback presentation compiler.[0m
2026.09.21 22:49:23 INFO  no build target found for D:\personal joffre barre\UESS - INGENIERIA COMPUTACION\Diseño de Software\lab1-codigo-heredado\lab1-codigo-heredado\src\main\java\edu\uees\refactor\app\Main.java. Using fallback presentation compiler.[0m
2026.09.21 22:49:23 INFO  no build target found for D:\personal joffre barre\UESS - INGENIERIA COMPUTACION\Diseño de Software\lab1-codigo-heredado\lab1-codigo-heredado\src\main\java\edu\uees\refactor\app\Main.java. Using fallback presentation compiler.[0m
2026.09.21 22:49:25 INFO  no build target found for D:\personal joffre barre\UESS - INGENIERIA COMPUTACION\Diseño de Software\lab1-codigo-heredado\lab1-codigo-heredado\src\main\java\edu\uees\refactor\app\Main.java. Using fallback presentation compiler.[0m
2026.09.21 22:49:36 INFO  no build target found for D:\personal joffre barre\UESS - INGENIERIA COMPUTACION\Diseño de Software\lab1-codigo-heredado\lab1-codigo-heredado\src\main\java\edu\uees\refactor\app\Main.java. Using fallback presentation compiler.[0m
2026.09.21 22:49:36 INFO  no build target found for D:\personal joffre barre\UESS - INGENIERIA COMPUTACION\Diseño de Software\lab1-codigo-heredado\lab1-codigo-heredado\src\main\java\edu\uees\refactor\app\Main.java. Using fallback presentation compiler.[0m
2026.09.21 22:49:38 INFO  no build target found for D:\personal joffre barre\UESS - INGENIERIA COMPUTACION\Diseño de Software\lab1-codigo-heredado\lab1-codigo-heredado\src\main\java\edu\uees\refactor\app\Main.java. Using fallback presentation compiler.[0m
2026.09.21 22:49:51 INFO  no build target found for D:\personal joffre barre\UESS - INGENIERIA COMPUTACION\Diseño de Software\lab1-codigo-heredado\lab1-codigo-heredado\src\main\java\edu\uees\refactor\app\Main.java. Using fallback presentation compiler.[0m
2026.09.21 22:50:44 INFO  no build target found for D:\personal joffre barre\UESS - INGENIERIA COMPUTACION\Diseño de Software\lab1-codigo-heredado\lab1-codigo-heredado\src\main\java\edu\uees\refactor\app\Main.java. Using fallback presentation compiler.[0m
2026.09.21 22:50:44 INFO  no build target found for D:\personal joffre barre\UESS - INGENIERIA COMPUTACION\Diseño de Software\lab1-codigo-heredado\lab1-codigo-heredado\src\main\java\edu\uees\refactor\app\Main.java. Using fallback presentation compiler.[0m
sept 21, 2026 10:56:23 P. M. org.eclipse.lsp4j.jsonrpc.services.GenericEndpoint notify
INFORMACIÓN: Unsupported notification method: $/setTrace
2026.09.21 22:58:24 INFO  Shutting down server[0m
2026.09.21 22:58:24 INFO  Memory monitor stopped[0m
2026.09.21 22:58:24 INFO  shutting down Metals[0m
2026.09.21 22:58:24 INFO  Exiting server[0m
2026.09.21 23:00:41 INFO  Started: Metals version 1.6.9 in folders 'D:\personal joffre barre\UESS - INGENIERIA COMPUTACION\Diseño de Software\lab1-codigo-heredado\lab1-codigo-heredado' for client Visual Studio Code 1.138.0.[0m
2026.09.21 23:00:41 INFO  Memory monitor started[0m
2026.09.21 23:00:43 WARN  Using H2 2.5.250 which is newer than the version Flyway has been verified with. The latest verified version of H2 is 2.3.232.[0m
2026.09.21 23:00:43 INFO  no build target found for D:\personal joffre barre\UESS - INGENIERIA COMPUTACION\Diseño de Software\lab1-codigo-heredado\lab1-codigo-heredado\src\test\java\edu\uees\refactor\service\ServicioReservasTest.java. Using fallback presentation compiler.[0m
2026.09.21 23:01:19 INFO  no build target found for D:\personal joffre barre\UESS - INGENIERIA COMPUTACION\Diseño de Software\lab1-codigo-heredado\lab1-codigo-heredado\src\test\java\edu\uees\refactor\service\ServicioReservasTest.java. Using fallback presentation compiler.[0m
2026.09.21 23:01:20 INFO  no build target found for D:\personal joffre barre\UESS - INGENIERIA COMPUTACION\Diseño de Software\lab1-codigo-heredado\lab1-codigo-heredado\src\test\java\edu\uees\refactor\service\ServicioReservasTest.java. Using fallback presentation compiler.[0m
2026.09.21 23:01:20 INFO  no build target found for D:\personal joffre barre\UESS - INGENIERIA COMPUTACION\Diseño de Software\lab1-codigo-heredado\lab1-codigo-heredado\src\test\java\edu\uees\refactor\service\ServicioReservasTest.java. Using fallback presentation compiler.[0m
2026.09.21 23:01:22 INFO  no build target found for D:\personal joffre barre\UESS - INGENIERIA COMPUTACION\Diseño de Software\lab1-codigo-heredado\lab1-codigo-heredado\src\test\java\edu\uees\refactor\service\ServicioReservasTest.java. Using fallback presentation compiler.[0m
2026.09.21 23:01:32 WARN  no build target for: D:\personal joffre barre\UESS - INGENIERIA COMPUTACION\Diseño de Software\lab1-codigo-heredado\lab1-codigo-heredado\src\test\java\edu\uees\refactor\service\ServicioReservasTest.java[0m
2026.09.21 23:01:33 INFO  no build target found for D:\personal joffre barre\UESS - INGENIERIA COMPUTACION\Diseño de Software\lab1-codigo-heredado\lab1-codigo-heredado\src\test\java\edu\uees\refactor\service\ServicioReservasTest.java. Using fallback presentation compiler.[0m
2026.09.21 23:01:33 WARN  Running javac-semanticdb failed for file:///D:/personal%20joffre%20barre/UESS%20-%20INGENIERIA%20COMPUTACION/Diseño%20de%20Software/lab1-codigo-heredado/lab1-codigo-heredado/src/test/java/edu/uees/refactor/service/ServicioReservasTest.java. Output:
[0m
2026.09.21 23:03:06 INFO  no build target found for D:\personal joffre barre\UESS - INGENIERIA COMPUTACION\Diseño de Software\lab1-codigo-heredado\lab1-codigo-heredado\src\main\java\edu\uees\refactor\service\ServicioReservas.java. Using fallback presentation compiler.[0m
2026.09.21 23:03:07 INFO  no build target found for D:\personal joffre barre\UESS - INGENIERIA COMPUTACION\Diseño de Software\lab1-codigo-heredado\lab1-codigo-heredado\src\main\java\edu\uees\refactor\service\ServicioReservas.java. Using fallback presentation compiler.[0m
2026.09.21 23:03:06 INFO  no build target found for D:\personal joffre barre\UESS - INGENIERIA COMPUTACION\Diseño de Software\lab1-codigo-heredado\lab1-codigo-heredado\src\main\java\edu\uees\refactor\service\ServicioReservas.java. Using fallback presentation compiler.[0m
sept 21, 2026 11:03:07 P. M. org.eclipse.lsp4j.jsonrpc.RemoteEndpoint handleCancellation
ADVERTENCIA: Unmatched cancel notification for request id 34
2026.09.21 23:04:09 INFO  no build target found for D:\personal joffre barre\UESS - INGENIERIA COMPUTACION\Diseño de Software\lab1-codigo-heredado\lab1-codigo-heredado\src\main\java\edu\uees\refactor\service\ServicioReservas.java. Using fallback presentation compiler.[0m
sept 21, 2026 11:04:09 P. M. org.eclipse.lsp4j.jsonrpc.RemoteEndpoint handleCancellation
ADVERTENCIA: Unmatched cancel notification for request id 53
2026.09.21 23:05:12 INFO  no build target found for D:\personal joffre barre\UESS - INGENIERIA COMPUTACION\Diseño de Software\lab1-codigo-heredado\lab1-codigo-heredado\src\main\java\edu\uees\refactor\service\ServicioReservas.java. Using fallback presentation compiler.[0m
2026.09.21 23:05:57 INFO  no build target found for D:\personal joffre barre\UESS - INGENIERIA COMPUTACION\Diseño de Software\lab1-codigo-heredado\lab1-codigo-heredado\src\main\java\edu\uees\refactor\service\ServicioReservas.java. Using fallback presentation compiler.[0m
2026.09.21 23:05:59 INFO  no build target found for D:\personal joffre barre\UESS - INGENIERIA COMPUTACION\Diseño de Software\lab1-codigo-heredado\lab1-codigo-heredado\src\main\java\edu\uees\refactor\service\ServicioReservas.java. Using fallback presentation compiler.[0m
2026.09.21 23:06:02 INFO  no build target found for D:\personal joffre barre\UESS - INGENIERIA COMPUTACION\Diseño de Software\lab1-codigo-heredado\lab1-codigo-heredado\src\main\java\edu\uees\refactor\service\ServicioReservas.java. Using fallback presentation compiler.[0m
2026.09.21 23:06:02 INFO  no build target found for D:\personal joffre barre\UESS - INGENIERIA COMPUTACION\Diseño de Software\lab1-codigo-heredado\lab1-codigo-heredado\src\main\java\edu\uees\refactor\service\ServicioReservas.java. Using fallback presentation compiler.[0m
2026.09.21 23:06:03 INFO  no build target found for D:\personal joffre barre\UESS - INGENIERIA COMPUTACION\Diseño de Software\lab1-codigo-heredado\lab1-codigo-heredado\src\main\java\edu\uees\refactor\service\ServicioReservas.java. Using fallback presentation compiler.[0m
2026.09.21 23:06:03 INFO  no build target found for D:\personal joffre barre\UESS - INGENIERIA COMPUTACION\Diseño de Software\lab1-codigo-heredado\lab1-codigo-heredado\src\main\java\edu\uees\refactor\service\ServicioReservas.java. Using fallback presentation compiler.[0m
2026.09.21 23:06:04 INFO  no build target found for D:\personal joffre barre\UESS - INGENIERIA COMPUTACION\Diseño de Software\lab1-codigo-heredado\lab1-codigo-heredado\src\main\java\edu\uees\refactor\service\ServicioReservas.java. Using fallback presentation compiler.[0m
2026.09.21 23:06:03 INFO  no build target found for D:\personal joffre barre\UESS - INGENIERIA COMPUTACION\Diseño de Software\lab1-codigo-heredado\lab1-codigo-heredado\src\main\java\edu\uees\refactor\service\ServicioReservas.java. Using fallback presentation compiler.[0m
2026.09.21 23:06:05 INFO  no build target found for D:\personal joffre barre\UESS - INGENIERIA COMPUTACION\Diseño de Software\lab1-codigo-heredado\lab1-codigo-heredado\src\main\java\edu\uees\refactor\service\ServicioReservas.java. Using fallback presentation compiler.[0m
2026.09.21 23:06:26 WARN  no build target for: D:\personal joffre barre\UESS - INGENIERIA COMPUTACION\Diseño de Software\lab1-codigo-heredado\lab1-codigo-heredado\src\main\java\edu\uees\refactor\service\ServicioReservas.java[0m
2026.09.21 23:06:27 WARN  Running javac-semanticdb failed for file:///D:/personal%20joffre%20barre/UESS%20-%20INGENIERIA%20COMPUTACION/Diseño%20de%20Software/lab1-codigo-heredado/lab1-codigo-heredado/src/main/java/edu/uees/refactor/service/ServicioReservas.java. Output:
[0m
2026.09.21 23:06:27 INFO  no build target found for D:\personal joffre barre\UESS - INGENIERIA COMPUTACION\Diseño de Software\lab1-codigo-heredado\lab1-codigo-heredado\src\main\java\edu\uees\refactor\service\ServicioReservas.java. Using fallback presentation compiler.[0m
2026.09.21 23:06:27 INFO  no build target found for D:\personal joffre barre\UESS - INGENIERIA COMPUTACION\Diseño de Software\lab1-codigo-heredado\lab1-codigo-heredado\src\main\java\edu\uees\refactor\service\ServicioReservas.java. Using fallback presentation compiler.[0m
2026.09.21 23:06:29 INFO  no build target found for D:\personal joffre barre\UESS - INGENIERIA COMPUTACION\Diseño de Software\lab1-codigo-heredado\lab1-codigo-heredado\src\main\java\edu\uees\refactor\service\ServicioReservas.java. Using fallback presentation compiler.[0m
2026.09.21 23:07:10 WARN  no build target for: D:\personal joffre barre\UESS - INGENIERIA COMPUTACION\Diseño de Software\lab1-codigo-heredado\lab1-codigo-heredado\src\main\java\edu\uees\refactor\service\ServicioReservas.java[0m
2026.09.21 23:07:10 INFO  no build target found for D:\personal joffre barre\UESS - INGENIERIA COMPUTACION\Diseño de Software\lab1-codigo-heredado\lab1-codigo-heredado\src\main\java\edu\uees\refactor\service\ServicioReservas.java. Using fallback presentation compiler.[0m
2026.09.21 23:07:11 INFO  no build target found for D:\personal joffre barre\UESS - INGENIERIA COMPUTACION\Diseño de Software\lab1-codigo-heredado\lab1-codigo-heredado\src\main\java\edu\uees\refactor\service\ServicioReservas.java. Using fallback presentation compiler.[0m
2026.09.21 23:07:11 INFO  no build target found for D:\personal joffre barre\UESS - INGENIERIA COMPUTACION\Diseño de Software\lab1-codigo-heredado\lab1-codigo-heredado\src\main\java\edu\uees\refactor\service\ServicioReservas.java. Using fallback presentation compiler.[0m
2026.09.21 23:07:11 INFO  no build target found for D:\personal joffre barre\UESS - INGENIERIA COMPUTACION\Diseño de Software\lab1-codigo-heredado\lab1-codigo-heredado\src\main\java\edu\uees\refactor\service\ServicioReservas.java. Using fallback presentation compiler.[0m
2026.09.21 23:08:11 INFO  no build target found for D:\personal joffre barre\UESS - INGENIERIA COMPUTACION\Diseño de Software\lab1-codigo-heredado\lab1-codigo-heredado\src\main\java\edu\uees\refactor\service\ServicioReservas.java. Using fallback presentation compiler.[0m
2026.09.21 23:08:11 INFO  no build target found for D:\personal joffre barre\UESS - INGENIERIA COMPUTACION\Diseño de Software\lab1-codigo-heredado\lab1-codigo-heredado\src\main\java\edu\uees\refactor\service\ServicioReservas.java. Using fallback presentation compiler.[0m
2026.09.21 23:08:13 INFO  no build target found for D:\personal joffre barre\UESS - INGENIERIA COMPUTACION\Diseño de Software\lab1-codigo-heredado\lab1-codigo-heredado\src\main\java\edu\uees\refactor\service\ServicioReservas.java. Using fallback presentation compiler.[0m
2026.09.21 23:08:14 INFO  no build target found for D:\personal joffre barre\UESS - INGENIERIA COMPUTACION\Diseño de Software\lab1-codigo-heredado\lab1-codigo-heredado\src\main\java\edu\uees\refactor\service\ServicioReservas.java. Using fallback presentation compiler.[0m
2026.09.21 23:08:19 INFO  no build target found for D:\personal joffre barre\UESS - INGENIERIA COMPUTACION\Diseño de Software\lab1-codigo-heredado\lab1-codigo-heredado\src\main\java\edu\uees\refactor\service\ServicioReservas.java. Using fallback presentation compiler.[0m
2026.09.21 23:08:21 INFO  no build target found for D:\personal joffre barre\UESS - INGENIERIA COMPUTACION\Diseño de Software\lab1-codigo-heredado\lab1-codigo-heredado\src\main\java\edu\uees\refactor\service\ServicioReservas.java. Using fallback presentation compiler.[0m
2026.09.21 23:08:22 INFO  no build target found for D:\personal joffre barre\UESS - INGENIERIA COMPUTACION\Diseño de Software\lab1-codigo-heredado\lab1-codigo-heredado\src\main\java\edu\uees\refactor\service\ServicioReservas.java. Using fallback presentation compiler.[0m
2026.09.21 23:08:22 INFO  no build target found for D:\personal joffre barre\UESS - INGENIERIA COMPUTACION\Diseño de Software\lab1-codigo-heredado\lab1-codigo-heredado\src\main\java\edu\uees\refactor\service\ServicioReservas.java. Using fallback presentation compiler.[0m
2026.09.21 23:08:22 INFO  no build target found for D:\personal joffre barre\UESS - INGENIERIA COMPUTACION\Diseño de Software\lab1-codigo-heredado\lab1-codigo-heredado\src\main\java\edu\uees\refactor\service\ServicioReservas.java. Using fallback presentation compiler.[0m
2026.09.21 23:08:22 INFO  no build target found for D:\personal joffre barre\UESS - INGENIERIA COMPUTACION\Diseño de Software\lab1-codigo-heredado\lab1-codigo-heredado\src\main\java\edu\uees\refactor\service\ServicioReservas.java. Using fallback presentation compiler.[0m
2026.09.21 23:08:24 INFO  no build target found for D:\personal joffre barre\UESS - INGENIERIA COMPUTACION\Diseño de Software\lab1-codigo-heredado\lab1-codigo-heredado\src\main\java\edu\uees\refactor\service\ServicioReservas.java. Using fallback presentation compiler.[0m
2026.09.21 23:08:27 WARN  no build target for: D:\personal joffre barre\UESS - INGENIERIA COMPUTACION\Diseño de Software\lab1-codigo-heredado\lab1-codigo-heredado\src\main\java\edu\uees\refactor\service\ServicioReservas.java[0m
2026.09.21 23:08:27 INFO  no build target found for D:\personal joffre barre\UESS - INGENIERIA COMPUTACION\Diseño de Software\lab1-codigo-heredado\lab1-codigo-heredado\src\main\java\edu\uees\refactor\service\ServicioReservas.java. Using fallback presentation compiler.[0m
2026.09.21 23:08:27 WARN  Running javac-semanticdb failed for file:///D:/personal%20joffre%20barre/UESS%20-%20INGENIERIA%20COMPUTACION/Diseño%20de%20Software/lab1-codigo-heredado/lab1-codigo-heredado/src/main/java/edu/uees/refactor/service/ServicioReservas.java. Output:
[0m
2026.09.21 23:08:28 INFO  no build target found for D:\personal joffre barre\UESS - INGENIERIA COMPUTACION\Diseño de Software\lab1-codigo-heredado\lab1-codigo-heredado\src\main\java\edu\uees\refactor\service\ServicioReservas.java. Using fallback presentation compiler.[0m
2026.09.21 23:09:46 INFO  no build target found for D:\personal joffre barre\UESS - INGENIERIA COMPUTACION\Diseño de Software\lab1-codigo-heredado\lab1-codigo-heredado\src\main\java\edu\uees\refactor\service\ServicioReservas.java. Using fallback presentation compiler.[0m
2026.09.21 23:10:22 INFO  no build target found for D:\personal joffre barre\UESS - INGENIERIA COMPUTACION\Diseño de Software\lab1-codigo-heredado\lab1-codigo-heredado\src\main\java\edu\uees\refactor\domain\Reserva.java. Using fallback presentation compiler.[0m
2026.09.21 23:10:23 INFO  no build target found for D:\personal joffre barre\UESS - INGENIERIA COMPUTACION\Diseño de Software\lab1-codigo-heredado\lab1-codigo-heredado\src\main\java\edu\uees\refactor\domain\Reserva.java. Using fallback presentation compiler.[0m
sept 21, 2026 11:10:23 P. M. org.eclipse.lsp4j.jsonrpc.RemoteEndpoint handleCancellation
ADVERTENCIA: Unmatched cancel notification for request id 143
2026.09.21 23:10:22 INFO  no build target found for D:\personal joffre barre\UESS - INGENIERIA COMPUTACION\Diseño de Software\lab1-codigo-heredado\lab1-codigo-heredado\src\main\java\edu\uees\refactor\domain\Reserva.java. Using fallback presentation compiler.[0m
2026.09.21 23:10:22 INFO  no build target found for D:\personal joffre barre\UESS - INGENIERIA COMPUTACION\Diseño de Software\lab1-codigo-heredado\lab1-codigo-heredado\src\main\java\edu\uees\refactor\domain\Reserva.java. Using fallback presentation compiler.[0m
2026.09.21 23:10:28 INFO  no build target found for D:\personal joffre barre\UESS - INGENIERIA COMPUTACION\Diseño de Software\lab1-codigo-heredado\lab1-codigo-heredado\src\main\java\edu\uees\refactor\domain\Reserva.java. Using fallback presentation compiler.[0m
2026.09.21 23:11:06 INFO  no build target found for D:\personal joffre barre\UESS - INGENIERIA COMPUTACION\Diseño de Software\lab1-codigo-heredado\lab1-codigo-heredado\src\main\java\edu\uees\refactor\domain\Reserva.java. Using fallback presentation compiler.[0m
2026.09.21 23:11:08 INFO  no build target found for D:\personal joffre barre\UESS - INGENIERIA COMPUTACION\Diseño de Software\lab1-codigo-heredado\lab1-codigo-heredado\src\main\java\edu\uees\refactor\domain\Reserva.java. Using fallback presentation compiler.[0m
2026.09.21 23:11:08 INFO  no build target found for D:\personal joffre barre\UESS - INGENIERIA COMPUTACION\Diseño de Software\lab1-codigo-heredado\lab1-codigo-heredado\src\main\java\edu\uees\refactor\domain\Reserva.java. Using fallback presentation compiler.[0m
2026.09.21 23:11:08 INFO  no build target found for D:\personal joffre barre\UESS - INGENIERIA COMPUTACION\Diseño de Software\lab1-codigo-heredado\lab1-codigo-heredado\src\main\java\edu\uees\refactor\domain\Reserva.java. Using fallback presentation compiler.[0m
2026.09.21 23:11:10 INFO  no build target found for D:\personal joffre barre\UESS - INGENIERIA COMPUTACION\Diseño de Software\lab1-codigo-heredado\lab1-codigo-heredado\src\main\java\edu\uees\refactor\domain\Reserva.java. Using fallback presentation compiler.[0m
2026.09.21 23:11:10 INFO  no build target found for D:\personal joffre barre\UESS - INGENIERIA COMPUTACION\Diseño de Software\lab1-codigo-heredado\lab1-codigo-heredado\src\main\java\edu\uees\refactor\domain\Reserva.java. Using fallback presentation compiler.[0m
2026.09.21 23:11:22 INFO  no build target found for D:\personal joffre barre\UESS - INGENIERIA COMPUTACION\Diseño de Software\lab1-codigo-heredado\lab1-codigo-heredado\src\main\java\edu\uees\refactor\domain\Reserva.java. Using fallback presentation compiler.[0m
2026.09.21 23:12:18 INFO  no build target found for D:\personal joffre barre\UESS - INGENIERIA COMPUTACION\Diseño de Software\lab1-codigo-heredado\lab1-codigo-heredado\src\main\java\edu\uees\refactor\service\ServicioReservas.java. Using fallback presentation compiler.[0m
2026.09.21 23:12:18 WARN  no build target for: D:\personal joffre barre\UESS - INGENIERIA COMPUTACION\Diseño de Software\lab1-codigo-heredado\lab1-codigo-heredado\src\main\java\edu\uees\refactor\service\ServicioReservas.java[0m
sept 21, 2026 11:12:18 P. M. org.eclipse.lsp4j.jsonrpc.RemoteEndpoint handleCancellation
ADVERTENCIA: Unmatched cancel notification for request id 198
2026.09.21 23:12:18 INFO  no build target found for D:\personal joffre barre\UESS - INGENIERIA COMPUTACION\Diseño de Software\lab1-codigo-heredado\lab1-codigo-heredado\src\main\java\edu\uees\refactor\service\ServicioReservas.java. Using fallback presentation compiler.[0m
sept 21, 2026 11:12:18 P. M. org.eclipse.lsp4j.jsonrpc.RemoteEndpoint handleCancellation
ADVERTENCIA: Unmatched cancel notification for request id 200
2026.09.21 23:12:18 INFO  no build target found for D:\personal joffre barre\UESS - INGENIERIA COMPUTACION\Diseño de Software\lab1-codigo-heredado\lab1-codigo-heredado\src\main\java\edu\uees\refactor\service\ServicioReservas.java. Using fallback presentation compiler.[0m
2026.09.21 23:12:18 INFO  no build target found for D:\personal joffre barre\UESS - INGENIERIA COMPUTACION\Diseño de Software\lab1-codigo-heredado\lab1-codigo-heredado\src\main\java\edu\uees\refactor\service\ServicioReservas.java. Using fallback presentation compiler.[0m
sept 21, 2026 11:12:18 P. M. org.eclipse.lsp4j.jsonrpc.RemoteEndpoint handleCancellation
ADVERTENCIA: Unmatched cancel notification for request id 201
2026.09.21 23:12:18 INFO  no build target found for D:\personal joffre barre\UESS - INGENIERIA COMPUTACION\Diseño de Software\lab1-codigo-heredado\lab1-codigo-heredado\src\main\java\edu\uees\refactor\service\ServicioReservas.java. Using fallback presentation compiler.[0m
2026.09.21 23:13:04 INFO  no build target found for D:\personal joffre barre\UESS - INGENIERIA COMPUTACION\Diseño de Software\lab1-codigo-heredado\lab1-codigo-heredado\src\main\java\edu\uees\refactor\service\ServicioReservas.java. Using fallback presentation compiler.[0m
2026.09.21 23:13:06 INFO  no build target found for D:\personal joffre barre\UESS - INGENIERIA COMPUTACION\Diseño de Software\lab1-codigo-heredado\lab1-codigo-heredado\src\main\java\edu\uees\refactor\service\ServicioReservas.java. Using fallback presentation compiler.[0m
2026.09.21 23:13:07 INFO  no build target found for D:\personal joffre barre\UESS - INGENIERIA COMPUTACION\Diseño de Software\lab1-codigo-heredado\lab1-codigo-heredado\src\main\java\edu\uees\refactor\service\ServicioReservas.java. Using fallback presentation compiler.[0m
2026.09.21 23:13:07 INFO  no build target found for D:\personal joffre barre\UESS - INGENIERIA COMPUTACION\Diseño de Software\lab1-codigo-heredado\lab1-codigo-heredado\src\main\java\edu\uees\refactor\service\ServicioReservas.java. Using fallback presentation compiler.[0m
2026.09.21 23:13:08 INFO  no build target found for D:\personal joffre barre\UESS - INGENIERIA COMPUTACION\Diseño de Software\lab1-codigo-heredado\lab1-codigo-heredado\src\main\java\edu\uees\refactor\service\ServicioReservas.java. Using fallback presentation compiler.[0m
2026.09.21 23:13:08 INFO  no build target found for D:\personal joffre barre\UESS - INGENIERIA COMPUTACION\Diseño de Software\lab1-codigo-heredado\lab1-codigo-heredado\src\main\java\edu\uees\refactor\service\ServicioReservas.java. Using fallback presentation compiler.[0m
2026.09.21 23:13:14 INFO  no build target found for D:\personal joffre barre\UESS - INGENIERIA COMPUTACION\Diseño de Software\lab1-codigo-heredado\lab1-codigo-heredado\src\main\java\edu\uees\refactor\service\ServicioReservas.java. Using fallback presentation compiler.[0m
2026.09.21 23:13:14 INFO  no build target found for D:\personal joffre barre\UESS - INGENIERIA COMPUTACION\Diseño de Software\lab1-codigo-heredado\lab1-codigo-heredado\src\main\java\edu\uees\refactor\service\ServicioReservas.java. Using fallback presentation compiler.[0m
2026.09.21 23:13:14 INFO  no build target found for D:\personal joffre barre\UESS - INGENIERIA COMPUTACION\Diseño de Software\lab1-codigo-heredado\lab1-codigo-heredado\src\main\java\edu\uees\refactor\service\ServicioReservas.java. Using fallback presentation compiler.[0m
2026.09.21 23:13:14 INFO  no build target found for D:\personal joffre barre\UESS - INGENIERIA COMPUTACION\Diseño de Software\lab1-codigo-heredado\lab1-codigo-heredado\src\main\java\edu\uees\refactor\service\ServicioReservas.java. Using fallback presentation compiler.[0m
2026.09.21 23:13:15 INFO  no build target found for D:\personal joffre barre\UESS - INGENIERIA COMPUTACION\Diseño de Software\lab1-codigo-heredado\lab1-codigo-heredado\src\main\java\edu\uees\refactor\service\ServicioReservas.java. Using fallback presentation compiler.[0m
2026.09.21 23:13:15 INFO  no build target found for D:\personal joffre barre\UESS - INGENIERIA COMPUTACION\Diseño de Software\lab1-codigo-heredado\lab1-codigo-heredado\src\main\java\edu\uees\refactor\service\ServicioReservas.java. Using fallback presentation compiler.[0m
2026.09.21 23:13:15 INFO  no build target found for D:\personal joffre barre\UESS - INGENIERIA COMPUTACION\Diseño de Software\lab1-codigo-heredado\lab1-codigo-heredado\src\main\java\edu\uees\refactor\service\ServicioReservas.java. Using fallback presentation compiler.[0m
2026.09.21 23:13:15 INFO  no build target found for D:\personal joffre barre\UESS - INGENIERIA COMPUTACION\Diseño de Software\lab1-codigo-heredado\lab1-codigo-heredado\src\main\java\edu\uees\refactor\service\ServicioReservas.java. Using fallback presentation compiler.[0m
2026.09.21 23:13:16 INFO  no build target found for D:\personal joffre barre\UESS - INGENIERIA COMPUTACION\Diseño de Software\lab1-codigo-heredado\lab1-codigo-heredado\src\main\java\edu\uees\refactor\service\ServicioReservas.java. Using fallback presentation compiler.[0m
2026.09.21 23:13:17 INFO  no build target found for D:\personal joffre barre\UESS - INGENIERIA COMPUTACION\Diseño de Software\lab1-codigo-heredado\lab1-codigo-heredado\src\main\java\edu\uees\refactor\service\ServicioReservas.java. Using fallback presentation compiler.[0m
2026.09.21 23:13:17 INFO  no build target found for D:\personal joffre barre\UESS - INGENIERIA COMPUTACION\Diseño de Software\lab1-codigo-heredado\lab1-codigo-heredado\src\main\java\edu\uees\refactor\service\ServicioReservas.java. Using fallback presentation compiler.[0m
2026.09.21 23:13:17 INFO  no build target found for D:\personal joffre barre\UESS - INGENIERIA COMPUTACION\Diseño de Software\lab1-codigo-heredado\lab1-codigo-heredado\src\main\java\edu\uees\refactor\service\ServicioReservas.java. Using fallback presentation compiler.[0m
2026.09.21 23:13:26 INFO  no build target found for D:\personal joffre barre\UESS - INGENIERIA COMPUTACION\Diseño de Software\lab1-codigo-heredado\lab1-codigo-heredado\src\main\java\edu\uees\refactor\service\ServicioReservas.java. Using fallback presentation compiler.[0m
2026.09.21 23:13:26 INFO  no build target found for D:\personal joffre barre\UESS - INGENIERIA COMPUTACION\Diseño de Software\lab1-codigo-heredado\lab1-codigo-heredado\src\main\java\edu\uees\refactor\service\ServicioReservas.java. Using fallback presentation compiler.[0m
2026.09.21 23:13:28 INFO  no build target found for D:\personal joffre barre\UESS - INGENIERIA COMPUTACION\Diseño de Software\lab1-codigo-heredado\lab1-codigo-heredado\src\main\java\edu\uees\refactor\service\ServicioReservas.java. Using fallback presentation compiler.[0m
2026.09.21 23:13:28 INFO  no build target found for D:\personal joffre barre\UESS - INGENIERIA COMPUTACION\Diseño de Software\lab1-codigo-heredado\lab1-codigo-heredado\src\main\java\edu\uees\refactor\service\ServicioReservas.java. Using fallback presentation compiler.[0m
2026.09.21 23:13:28 INFO  no build target found for D:\personal joffre barre\UESS - INGENIERIA COMPUTACION\Diseño de Software\lab1-codigo-heredado\lab1-codigo-heredado\src\main\java\edu\uees\refactor\service\ServicioReservas.java. Using fallback presentation compiler.[0m
2026.09.21 23:13:45 INFO  no build target found for D:\personal joffre barre\UESS - INGENIERIA COMPUTACION\Diseño de Software\lab1-codigo-heredado\lab1-codigo-heredado\src\main\java\edu\uees\refactor\service\ServicioReservas.java. Using fallback presentation compiler.[0m
2026.09.21 23:13:45 INFO  no build target found for D:\personal joffre barre\UESS - INGENIERIA COMPUTACION\Diseño de Software\lab1-codigo-heredado\lab1-codigo-heredado\src\main\java\edu\uees\refactor\service\ServicioReservas.java. Using fallback presentation compiler.[0m
2026.09.21 23:13:45 INFO  no build target found for D:\personal joffre barre\UESS - INGENIERIA COMPUTACION\Diseño de Software\lab1-codigo-heredado\lab1-codigo-heredado\src\main\java\edu\uees\refactor\service\ServicioReservas.java. Using fallback presentation compiler.[0m
2026.09.21 23:13:46 INFO  no build target found for D:\personal joffre barre\UESS - INGENIERIA COMPUTACION\Diseño de Software\lab1-codigo-heredado\lab1-codigo-heredado\src\main\java\edu\uees\refactor\service\ServicioReservas.java. Using fallback presentation compiler.[0m
2026.09.21 23:13:46 INFO  no build target found for D:\personal joffre barre\UESS - INGENIERIA COMPUTACION\Diseño de Software\lab1-codigo-heredado\lab1-codigo-heredado\src\main\java\edu\uees\refactor\service\ServicioReservas.java. Using fallback presentation compiler.[0m
2026.09.21 23:13:48 INFO  no build target found for D:\personal joffre barre\UESS - INGENIERIA COMPUTACION\Diseño de Software\lab1-codigo-heredado\lab1-codigo-heredado\src\main\java\edu\uees\refactor\service\ServicioReservas.java. Using fallback presentation compiler.[0m
2026.09.21 23:13:48 INFO  no build target found for D:\personal joffre barre\UESS - INGENIERIA COMPUTACION\Diseño de Software\lab1-codigo-heredado\lab1-codigo-heredado\src\main\java\edu\uees\refactor\service\ServicioReservas.java. Using fallback presentation compiler.[0m
2026.09.21 23:13:48 INFO  no build target found for D:\personal joffre barre\UESS - INGENIERIA COMPUTACION\Diseño de Software\lab1-codigo-heredado\lab1-codigo-heredado\src\main\java\edu\uees\refactor\service\ServicioReservas.java. Using fallback presentation compiler.[0m
2026.09.21 23:13:48 INFO  no build target found for D:\personal joffre barre\UESS - INGENIERIA COMPUTACION\Diseño de Software\lab1-codigo-heredado\lab1-codigo-heredado\src\main\java\edu\uees\refactor\service\ServicioReservas.java. Using fallback presentation compiler.[0m
sept 21, 2026 11:13:48 P. M. org.eclipse.lsp4j.jsonrpc.RemoteEndpoint handleCancellation
ADVERTENCIA: Unmatched cancel notification for request id 263
2026.09.21 23:13:48 INFO  no build target found for D:\personal joffre barre\UESS - INGENIERIA COMPUTACION\Diseño de Software\lab1-codigo-heredado\lab1-codigo-heredado\src\main\java\edu\uees\refactor\service\ServicioReservas.java. Using fallback presentation compiler.[0m
2026.09.21 23:13:48 INFO  no build target found for D:\personal joffre barre\UESS - INGENIERIA COMPUTACION\Diseño de Software\lab1-codigo-heredado\lab1-codigo-heredado\src\main\java\edu\uees\refactor\service\ServicioReservas.java. Using fallback presentation compiler.[0m
2026.09.21 23:13:48 INFO  no build target found for D:\personal joffre barre\UESS - INGENIERIA COMPUTACION\Diseño de Software\lab1-codigo-heredado\lab1-codigo-heredado\src\main\java\edu\uees\refactor\service\ServicioReservas.java. Using fallback presentation compiler.[0m
2026.09.21 23:13:49 INFO  no build target found for D:\personal joffre barre\UESS - INGENIERIA COMPUTACION\Diseño de Software\lab1-codigo-heredado\lab1-codigo-heredado\src\main\java\edu\uees\refactor\service\ServicioReservas.java. Using fallback presentation compiler.[0m
2026.09.21 23:13:48 INFO  no build target found for D:\personal joffre barre\UESS - INGENIERIA COMPUTACION\Diseño de Software\lab1-codigo-heredado\lab1-codigo-heredado\src\main\java\edu\uees\refactor\service\ServicioReservas.java. Using fallback presentation compiler.[0m
2026.09.21 23:13:48 INFO  no build target found for D:\personal joffre barre\UESS - INGENIERIA COMPUTACION\Diseño de Software\lab1-codigo-heredado\lab1-codigo-heredado\src\main\java\edu\uees\refactor\service\ServicioReservas.java. Using fallback presentation compiler.[0m
2026.09.21 23:13:49 INFO  no build target found for D:\personal joffre barre\UESS - INGENIERIA COMPUTACION\Diseño de Software\lab1-codigo-heredado\lab1-codigo-heredado\src\main\java\edu\uees\refactor\service\ServicioReservas.java. Using fallback presentation compiler.[0m
2026.09.21 23:13:49 INFO  no build target found for D:\personal joffre barre\UESS - INGENIERIA COMPUTACION\Diseño de Software\lab1-codigo-heredado\lab1-codigo-heredado\src\main\java\edu\uees\refactor\service\ServicioReservas.java. Using fallback presentation compiler.[0m
2026.09.21 23:13:49 INFO  no build target found for D:\personal joffre barre\UESS - INGENIERIA COMPUTACION\Diseño de Software\lab1-codigo-heredado\lab1-codigo-heredado\src\main\java\edu\uees\refactor\service\ServicioReservas.java. Using fallback presentation compiler.[0m
2026.09.21 23:13:49 INFO  no build target found for D:\personal joffre barre\UESS - INGENIERIA COMPUTACION\Diseño de Software\lab1-codigo-heredado\lab1-codigo-heredado\src\main\java\edu\uees\refactor\service\ServicioReservas.java. Using fallback presentation compiler.[0m
2026.09.21 23:13:49 INFO  no build target found for D:\personal joffre barre\UESS - INGENIERIA COMPUTACION\Diseño de Software\lab1-codigo-heredado\lab1-codigo-heredado\src\main\java\edu\uees\refactor\service\ServicioReservas.java. Using fallback presentation compiler.[0m
sept 21, 2026 11:13:50 P. M. org.eclipse.lsp4j.jsonrpc.RemoteEndpoint handleCancellation
ADVERTENCIA: Unmatched cancel notification for request id 275
2026.09.21 23:13:49 INFO  no build target found for D:\personal joffre barre\UESS - INGENIERIA COMPUTACION\Diseño de Software\lab1-codigo-heredado\lab1-codigo-heredado\src\main\java\edu\uees\refactor\service\ServicioReservas.java. Using fallback presentation compiler.[0m
2026.09.21 23:13:49 INFO  no build target found for D:\personal joffre barre\UESS - INGENIERIA COMPUTACION\Diseño de Software\lab1-codigo-heredado\lab1-codigo-heredado\src\main\java\edu\uees\refactor\service\ServicioReservas.java. Using fallback presentation compiler.[0m
2026.09.21 23:13:50 INFO  no build target found for D:\personal joffre barre\UESS - INGENIERIA COMPUTACION\Diseño de Software\lab1-codigo-heredado\lab1-codigo-heredado\src\main\java\edu\uees\refactor\service\ServicioReservas.java. Using fallback presentation compiler.[0m
2026.09.21 23:13:50 INFO  no build target found for D:\personal joffre barre\UESS - INGENIERIA COMPUTACION\Diseño de Software\lab1-codigo-heredado\lab1-codigo-heredado\src\main\java\edu\uees\refactor\service\ServicioReservas.java. Using fallback presentation compiler.[0m
sept 21, 2026 11:13:50 P. M. org.eclipse.lsp4j.jsonrpc.RemoteEndpoint handleCancellation
ADVERTENCIA: Unmatched cancel notification for request id 279
2026.09.21 23:13:50 INFO  no build target found for D:\personal joffre barre\UESS - INGENIERIA COMPUTACION\Diseño de Software\lab1-codigo-heredado\lab1-codigo-heredado\src\main\java\edu\uees\refactor\service\ServicioReservas.java. Using fallback presentation compiler.[0m
2026.09.21 23:13:50 INFO  no build target found for D:\personal joffre barre\UESS - INGENIERIA COMPUTACION\Diseño de Software\lab1-codigo-heredado\lab1-codigo-heredado\src\main\java\edu\uees\refactor\service\ServicioReservas.java. Using fallback presentation compiler.[0m
2026.09.21 23:13:50 INFO  no build target found for D:\personal joffre barre\UESS - INGENIERIA COMPUTACION\Diseño de Software\lab1-codigo-heredado\lab1-codigo-heredado\src\main\java\edu\uees\refactor\service\ServicioReservas.java. Using fallback presentation compiler.[0m
2026.09.21 23:13:50 INFO  no build target found for D:\personal joffre barre\UESS - INGENIERIA COMPUTACION\Diseño de Software\lab1-codigo-heredado\lab1-codigo-heredado\src\main\java\edu\uees\refactor\service\ServicioReservas.java. Using fallback presentation compiler.[0m
2026.09.21 23:13:50 INFO  no build target found for D:\personal joffre barre\UESS - INGENIERIA COMPUTACION\Diseño de Software\lab1-codigo-heredado\lab1-codigo-heredado\src\main\java\edu\uees\refactor\service\ServicioReservas.java. Using fallback presentation compiler.[0m
2026.09.21 23:13:50 INFO  no build target found for D:\personal joffre barre\UESS - INGENIERIA COMPUTACION\Diseño de Software\lab1-codigo-heredado\lab1-codigo-heredado\src\main\java\edu\uees\refactor\service\ServicioReservas.java. Using fallback presentation compiler.[0m
2026.09.21 23:13:50 INFO  no build target found for D:\personal joffre barre\UESS - INGENIERIA COMPUTACION\Diseño de Software\lab1-codigo-heredado\lab1-codigo-heredado\src\main\java\edu\uees\refactor\service\ServicioReservas.java. Using fallback presentation compiler.[0m
2026.09.21 23:13:50 INFO  no build target found for D:\personal joffre barre\UESS - INGENIERIA COMPUTACION\Diseño de Software\lab1-codigo-heredado\lab1-codigo-heredado\src\main\java\edu\uees\refactor\service\ServicioReservas.java. Using fallback presentation compiler.[0m
2026.09.21 23:13:51 INFO  no build target found for D:\personal joffre barre\UESS - INGENIERIA COMPUTACION\Diseño de Software\lab1-codigo-heredado\lab1-codigo-heredado\src\main\java\edu\uees\refactor\service\ServicioReservas.java. Using fallback presentation compiler.[0m
2026.09.21 23:13:54 INFO  no build target found for D:\personal joffre barre\UESS - INGENIERIA COMPUTACION\Diseño de Software\lab1-codigo-heredado\lab1-codigo-heredado\src\main\java\edu\uees\refactor\service\ServicioReservas.java. Using fallback presentation compiler.[0m
2026.09.21 23:13:54 INFO  no build target found for D:\personal joffre barre\UESS - INGENIERIA COMPUTACION\Diseño de Software\lab1-codigo-heredado\lab1-codigo-heredado\src\main\java\edu\uees\refactor\service\ServicioReservas.java. Using fallback presentation compiler.[0m
2026.09.21 23:13:54 INFO  no build target found for D:\personal joffre barre\UESS - INGENIERIA COMPUTACION\Diseño de Software\lab1-codigo-heredado\lab1-codigo-heredado\src\main\java\edu\uees\refactor\service\ServicioReservas.java. Using fallback presentation compiler.[0m
2026.09.21 23:13:54 INFO  no build target found for D:\personal joffre barre\UESS - INGENIERIA COMPUTACION\Diseño de Software\lab1-codigo-heredado\lab1-codigo-heredado\src\main\java\edu\uees\refactor\service\ServicioReservas.java. Using fallback presentation compiler.[0m
2026.09.21 23:13:54 INFO  no build target found for D:\personal joffre barre\UESS - INGENIERIA COMPUTACION\Diseño de Software\lab1-codigo-heredado\lab1-codigo-heredado\src\main\java\edu\uees\refactor\service\ServicioReservas.java. Using fallback presentation compiler.[0m
2026.09.21 23:14:35 INFO  no build target found for D:\personal joffre barre\UESS - INGENIERIA COMPUTACION\Diseño de Software\lab1-codigo-heredado\lab1-codigo-heredado\src\main\java\edu\uees\refactor\domain\Reserva.java. Using fallback presentation compiler.[0m
2026.09.21 23:14:35 WARN  no build target for: D:\personal joffre barre\UESS - INGENIERIA COMPUTACION\Diseño de Software\lab1-codigo-heredado\lab1-codigo-heredado\src\main\java\edu\uees\refactor\domain\Reserva.java[0m
sept 21, 2026 11:14:35 P. M. org.eclipse.lsp4j.jsonrpc.RemoteEndpoint handleCancellation
ADVERTENCIA: Unmatched cancel notification for request id 303
2026.09.21 23:14:36 INFO  no build target found for D:\personal joffre barre\UESS - INGENIERIA COMPUTACION\Diseño de Software\lab1-codigo-heredado\lab1-codigo-heredado\src\main\java\edu\uees\refactor\domain\Reserva.java. Using fallback presentation compiler.[0m
2026.09.21 23:14:36 INFO  no build target found for D:\personal joffre barre\UESS - INGENIERIA COMPUTACION\Diseño de Software\lab1-codigo-heredado\lab1-codigo-heredado\src\main\java\edu\uees\refactor\domain\Reserva.java. Using fallback presentation compiler.[0m
2026.09.21 23:14:46 INFO  no build target found for D:\personal joffre barre\UESS - INGENIERIA COMPUTACION\Diseño de Software\lab1-codigo-heredado\lab1-codigo-heredado\src\main\java\edu\uees\refactor\domain\Reserva.java. Using fallback presentation compiler.[0m
2026.09.21 23:14:52 INFO  no build target found for D:\personal joffre barre\UESS - INGENIERIA COMPUTACION\Diseño de Software\lab1-codigo-heredado\lab1-codigo-heredado\src\main\java\edu\uees\refactor\service\ServicioReservas.java. Using fallback presentation compiler.[0m
2026.09.21 23:14:53 WARN  no build target for: D:\personal joffre barre\UESS - INGENIERIA COMPUTACION\Diseño de Software\lab1-codigo-heredado\lab1-codigo-heredado\src\main\java\edu\uees\refactor\service\ServicioReservas.java[0m
sept 21, 2026 11:14:53 P. M. org.eclipse.lsp4j.jsonrpc.RemoteEndpoint handleCancellation
ADVERTENCIA: Unmatched cancel notification for request id 312
2026.09.21 23:14:52 INFO  no build target found for D:\personal joffre barre\UESS - INGENIERIA COMPUTACION\Diseño de Software\lab1-codigo-heredado\lab1-codigo-heredado\src\main\java\edu\uees\refactor\service\ServicioReservas.java. Using fallback presentation compiler.[0m
sept 21, 2026 11:14:54 P. M. org.eclipse.lsp4j.jsonrpc.RemoteEndpoint handleCancellation
ADVERTENCIA: Unmatched cancel notification for request id 313
2026.09.21 23:14:54 INFO  no build target found for D:\personal joffre barre\UESS - INGENIERIA COMPUTACION\Diseño de Software\lab1-codigo-heredado\lab1-codigo-heredado\src\main\java\edu\uees\refactor\service\ServicioReservas.java. Using fallback presentation compiler.[0m
2026.09.21 23:14:54 INFO  no build target found for D:\personal joffre barre\UESS - INGENIERIA COMPUTACION\Diseño de Software\lab1-codigo-heredado\lab1-codigo-heredado\src\main\java\edu\uees\refactor\service\ServicioReservas.java. Using fallback presentation compiler.[0m
sept 21, 2026 11:14:54 P. M. org.eclipse.lsp4j.jsonrpc.RemoteEndpoint handleCancellation
ADVERTENCIA: Unmatched cancel notification for request id 315
2026.09.21 23:14:54 INFO  no build target found for D:\personal joffre barre\UESS - INGENIERIA COMPUTACION\Diseño de Software\lab1-codigo-heredado\lab1-codigo-heredado\src\main\java\edu\uees\refactor\service\ServicioReservas.java. Using fallback presentation compiler.[0m
2026.09.21 23:14:55 INFO  no build target found for D:\personal joffre barre\UESS - INGENIERIA COMPUTACION\Diseño de Software\lab1-codigo-heredado\lab1-codigo-heredado\src\main\java\edu\uees\refactor\service\ServicioReservas.java. Using fallback presentation compiler.[0m
2026.09.21 23:15:07 INFO  no build target found for D:\personal joffre barre\UESS - INGENIERIA COMPUTACION\Diseño de Software\lab1-codigo-heredado\lab1-codigo-heredado\src\main\java\edu\uees\refactor\service\ServicioReservas.java. Using fallback presentation compiler.[0m
2026.09.21 23:15:09 INFO  no build target found for D:\personal joffre barre\UESS - INGENIERIA COMPUTACION\Diseño de Software\lab1-codigo-heredado\lab1-codigo-heredado\src\main\java\edu\uees\refactor\service\ServicioReservas.java. Using fallback presentation compiler.[0m
2026.09.21 23:15:09 INFO  no build target found for D:\personal joffre barre\UESS - INGENIERIA COMPUTACION\Diseño de Software\lab1-codigo-heredado\lab1-codigo-heredado\src\main\java\edu\uees\refactor\service\ServicioReservas.java. Using fallback presentation compiler.[0m
2026.09.21 23:15:09 INFO  no build target found for D:\personal joffre barre\UESS - INGENIERIA COMPUTACION\Diseño de Software\lab1-codigo-heredado\lab1-codigo-heredado\src\main\java\edu\uees\refactor\service\ServicioReservas.java. Using fallback presentation compiler.[0m
2026.09.21 23:15:09 INFO  no build target found for D:\personal joffre barre\UESS - INGENIERIA COMPUTACION\Diseño de Software\lab1-codigo-heredado\lab1-codigo-heredado\src\main\java\edu\uees\refactor\service\ServicioReservas.java. Using fallback presentation compiler.[0m
2026.09.21 23:15:09 INFO  no build target found for D:\personal joffre barre\UESS - INGENIERIA COMPUTACION\Diseño de Software\lab1-codigo-heredado\lab1-codigo-heredado\src\main\java\edu\uees\refactor\service\ServicioReservas.java. Using fallback presentation compiler.[0m
2026.09.21 23:15:09 INFO  no build target found for D:\personal joffre barre\UESS - INGENIERIA COMPUTACION\Diseño de Software\lab1-codigo-heredado\lab1-codigo-heredado\src\main\java\edu\uees\refactor\service\ServicioReservas.java. Using fallback presentation compiler.[0m
2026.09.21 23:15:09 INFO  no build target found for D:\personal joffre barre\UESS - INGENIERIA COMPUTACION\Diseño de Software\lab1-codigo-heredado\lab1-codigo-heredado\src\main\java\edu\uees\refactor\service\ServicioReservas.java. Using fallback presentation compiler.[0m
2026.09.21 23:15:10 INFO  no build target found for D:\personal joffre barre\UESS - INGENIERIA COMPUTACION\Diseño de Software\lab1-codigo-heredado\lab1-codigo-heredado\src\main\java\edu\uees\refactor\service\ServicioReservas.java. Using fallback presentation compiler.[0m
2026.09.21 23:15:10 INFO  no build target found for D:\personal joffre barre\UESS - INGENIERIA COMPUTACION\Diseño de Software\lab1-codigo-heredado\lab1-codigo-heredado\src\main\java\edu\uees\refactor\service\ServicioReservas.java. Using fallback presentation compiler.[0m
2026.09.21 23:15:10 INFO  no build target found for D:\personal joffre barre\UESS - INGENIERIA COMPUTACION\Diseño de Software\lab1-codigo-heredado\lab1-codigo-heredado\src\main\java\edu\uees\refactor\service\ServicioReservas.java. Using fallback presentation compiler.[0m
2026.09.21 23:15:09 INFO  no build target found for D:\personal joffre barre\UESS - INGENIERIA COMPUTACION\Diseño de Software\lab1-codigo-heredado\lab1-codigo-heredado\src\main\java\edu\uees\refactor\service\ServicioReservas.java. Using fallback presentation compiler.[0m
2026.09.21 23:15:10 INFO  no build target found for D:\personal joffre barre\UESS - INGENIERIA COMPUTACION\Diseño de Software\lab1-codigo-heredado\lab1-codigo-heredado\src\main\java\edu\uees\refactor\service\ServicioReservas.java. Using fallback presentation compiler.[0m
2026.09.21 23:15:10 INFO  no build target found for D:\personal joffre barre\UESS - INGENIERIA COMPUTACION\Diseño de Software\lab1-codigo-heredado\lab1-codigo-heredado\src\main\java\edu\uees\refactor\service\ServicioReservas.java. Using fallback presentation compiler.[0m
2026.09.21 23:15:11 INFO  no build target found for D:\personal joffre barre\UESS - INGENIERIA COMPUTACION\Diseño de Software\lab1-codigo-heredado\lab1-codigo-heredado\src\main\java\edu\uees\refactor\service\ServicioReservas.java. Using fallback presentation compiler.[0m
2026.09.21 23:15:11 INFO  no build target found for D:\personal joffre barre\UESS - INGENIERIA COMPUTACION\Diseño de Software\lab1-codigo-heredado\lab1-codigo-heredado\src\main\java\edu\uees\refactor\service\ServicioReservas.java. Using fallback presentation compiler.[0m
2026.09.21 23:15:35 INFO  no build target found for D:\personal joffre barre\UESS - INGENIERIA COMPUTACION\Diseño de Software\lab1-codigo-heredado\lab1-codigo-heredado\src\main\java\edu\uees\refactor\service\ServicioReservas.java. Using fallback presentation compiler.[0m
2026.09.21 23:15:36 INFO  no build target found for D:\personal joffre barre\UESS - INGENIERIA COMPUTACION\Diseño de Software\lab1-codigo-heredado\lab1-codigo-heredado\src\main\java\edu\uees\refactor\service\ServicioReservas.java. Using fallback presentation compiler.[0m
2026.09.21 23:15:36 INFO  no build target found for D:\personal joffre barre\UESS - INGENIERIA COMPUTACION\Diseño de Software\lab1-codigo-heredado\lab1-codigo-heredado\src\main\java\edu\uees\refactor\service\ServicioReservas.java. Using fallback presentation compiler.[0m
2026.09.21 23:15:36 INFO  no build target found for D:\personal joffre barre\UESS - INGENIERIA COMPUTACION\Diseño de Software\lab1-codigo-heredado\lab1-codigo-heredado\src\main\java\edu\uees\refactor\service\ServicioReservas.java. Using fallback presentation compiler.[0m
sept 21, 2026 11:15:37 P. M. org.eclipse.lsp4j.jsonrpc.RemoteEndpoint handleCancellation
ADVERTENCIA: Unmatched cancel notification for request id 345
2026.09.21 23:15:37 INFO  no build target found for D:\personal joffre barre\UESS - INGENIERIA COMPUTACION\Diseño de Software\lab1-codigo-heredado\lab1-codigo-heredado\src\main\java\edu\uees\refactor\service\ServicioReservas.java. Using fallback presentation compiler.[0m
2026.09.21 23:15:36 INFO  no build target found for D:\personal joffre barre\UESS - INGENIERIA COMPUTACION\Diseño de Software\lab1-codigo-heredado\lab1-codigo-heredado\src\main\java\edu\uees\refactor\service\ServicioReservas.java. Using fallback presentation compiler.[0m
2026.09.21 23:15:38 INFO  no build target found for D:\personal joffre barre\UESS - INGENIERIA COMPUTACION\Diseño de Software\lab1-codigo-heredado\lab1-codigo-heredado\src\main\java\edu\uees\refactor\service\ServicioReservas.java. Using fallback presentation compiler.[0m
2026.09.21 23:15:38 INFO  no build target found for D:\personal joffre barre\UESS - INGENIERIA COMPUTACION\Diseño de Software\lab1-codigo-heredado\lab1-codigo-heredado\src\main\java\edu\uees\refactor\service\ServicioReservas.java. Using fallback presentation compiler.[0m
2026.09.21 23:15:38 INFO  no build target found for D:\personal joffre barre\UESS - INGENIERIA COMPUTACION\Diseño de Software\lab1-codigo-heredado\lab1-codigo-heredado\src\main\java\edu\uees\refactor\service\ServicioReservas.java. Using fallback presentation compiler.[0m
2026.09.21 23:15:38 INFO  no build target found for D:\personal joffre barre\UESS - INGENIERIA COMPUTACION\Diseño de Software\lab1-codigo-heredado\lab1-codigo-heredado\src\main\java\edu\uees\refactor\service\ServicioReservas.java. Using fallback presentation compiler.[0m
2026.09.21 23:15:38 INFO  no build target found for D:\personal joffre barre\UESS - INGENIERIA COMPUTACION\Diseño de Software\lab1-codigo-heredado\lab1-codigo-heredado\src\main\java\edu\uees\refactor\service\ServicioReservas.java. Using fallback presentation compiler.[0m
2026.09.21 23:15:38 INFO  no build target found for D:\personal joffre barre\UESS - INGENIERIA COMPUTACION\Diseño de Software\lab1-codigo-heredado\lab1-codigo-heredado\src\main\java\edu\uees\refactor\service\ServicioReservas.java. Using fallback presentation compiler.[0m
2026.09.21 23:15:39 INFO  no build target found for D:\personal joffre barre\UESS - INGENIERIA COMPUTACION\Diseño de Software\lab1-codigo-heredado\lab1-codigo-heredado\src\main\java\edu\uees\refactor\service\ServicioReservas.java. Using fallback presentation compiler.[0m
2026.09.21 23:15:39 INFO  no build target found for D:\personal joffre barre\UESS - INGENIERIA COMPUTACION\Diseño de Software\lab1-codigo-heredado\lab1-codigo-heredado\src\main\java\edu\uees\refactor\service\ServicioReservas.java. Using fallback presentation compiler.[0m
2026.09.21 23:15:39 INFO  no build target found for D:\personal joffre barre\UESS - INGENIERIA COMPUTACION\Diseño de Software\lab1-codigo-heredado\lab1-codigo-heredado\src\main\java\edu\uees\refactor\service\ServicioReservas.java. Using fallback presentation compiler.[0m
2026.09.21 23:15:40 INFO  no build target found for D:\personal joffre barre\UESS - INGENIERIA COMPUTACION\Diseño de Software\lab1-codigo-heredado\lab1-codigo-heredado\src\main\java\edu\uees\refactor\service\ServicioReservas.java. Using fallback presentation compiler.[0m
2026.09.21 23:15:40 INFO  no build target found for D:\personal joffre barre\UESS - INGENIERIA COMPUTACION\Diseño de Software\lab1-codigo-heredado\lab1-codigo-heredado\src\main\java\edu\uees\refactor\service\ServicioReservas.java. Using fallback presentation compiler.[0m
2026.09.21 23:15:40 INFO  no build target found for D:\personal joffre barre\UESS - INGENIERIA COMPUTACION\Diseño de Software\lab1-codigo-heredado\lab1-codigo-heredado\src\main\java\edu\uees\refactor\service\ServicioReservas.java. Using fallback presentation compiler.[0m
2026.09.21 23:15:40 INFO  no build target found for D:\personal joffre barre\UESS - INGENIERIA COMPUTACION\Diseño de Software\lab1-codigo-heredado\lab1-codigo-heredado\src\main\java\edu\uees\refactor\service\ServicioReservas.java. Using fallback presentation compiler.[0m
2026.09.21 23:15:42 INFO  no build target found for D:\personal joffre barre\UESS - INGENIERIA COMPUTACION\Diseño de Software\lab1-codigo-heredado\lab1-codigo-heredado\src\main\java\edu\uees\refactor\service\ServicioReservas.java. Using fallback presentation compiler.[0m
2026.09.21 23:15:42 INFO  no build target found for D:\personal joffre barre\UESS - INGENIERIA COMPUTACION\Diseño de Software\lab1-codigo-heredado\lab1-codigo-heredado\src\main\java\edu\uees\refactor\service\ServicioReservas.java. Using fallback presentation compiler.[0m
2026.09.21 23:15:42 INFO  no build target found for D:\personal joffre barre\UESS - INGENIERIA COMPUTACION\Diseño de Software\lab1-codigo-heredado\lab1-codigo-heredado\src\main\java\edu\uees\refactor\service\ServicioReservas.java. Using fallback presentation compiler.[0m
2026.09.21 23:15:42 INFO  no build target found for D:\personal joffre barre\UESS - INGENIERIA COMPUTACION\Diseño de Software\lab1-codigo-heredado\lab1-codigo-heredado\src\main\java\edu\uees\refactor\service\ServicioReservas.java. Using fallback presentation compiler.[0m
2026.09.21 23:15:42 INFO  no build target found for D:\personal joffre barre\UESS - INGENIERIA COMPUTACION\Diseño de Software\lab1-codigo-heredado\lab1-codigo-heredado\src\main\java\edu\uees\refactor\service\ServicioReservas.java. Using fallback presentation compiler.[0m
2026.09.21 23:15:48 INFO  no build target found for D:\personal joffre barre\UESS - INGENIERIA COMPUTACION\Diseño de Software\lab1-codigo-heredado\lab1-codigo-heredado\src\main\java\edu\uees\refactor\service\ServicioReservas.java. Using fallback presentation compiler.[0m
2026.09.21 23:15:51 INFO  no build target found for D:\personal joffre barre\UESS - INGENIERIA COMPUTACION\Diseño de Software\lab1-codigo-heredado\lab1-codigo-heredado\src\main\java\edu\uees\refactor\service\ServicioReservas.java. Using fallback presentation compiler.[0m
2026.09.21 23:15:53 INFO  no build target found for D:\personal joffre barre\UESS - INGENIERIA COMPUTACION\Diseño de Software\lab1-codigo-heredado\lab1-codigo-heredado\src\main\java\edu\uees\refactor\service\ServicioReservas.java. Using fallback presentation compiler.[0m
2026.09.21 23:15:53 WARN  no build target for: D:\personal joffre barre\UESS - INGENIERIA COMPUTACION\Diseño de Software\lab1-codigo-heredado\lab1-codigo-heredado\src\main\java\edu\uees\refactor\service\ServicioReservas.java[0m
2026.09.21 23:15:53 INFO  no build target found for D:\personal joffre barre\UESS - INGENIERIA COMPUTACION\Diseño de Software\lab1-codigo-heredado\lab1-codigo-heredado\src\main\java\edu\uees\refactor\service\ServicioReservas.java. Using fallback presentation compiler.[0m
2026.09.21 23:15:53 WARN  Running javac-semanticdb failed for file:///D:/personal%20joffre%20barre/UESS%20-%20INGENIERIA%20COMPUTACION/Diseño%20de%20Software/lab1-codigo-heredado/lab1-codigo-heredado/src/main/java/edu/uees/refactor/service/ServicioReservas.java. Output:
[0m
2026.09.21 23:15:54 INFO  no build target found for D:\personal joffre barre\UESS - INGENIERIA COMPUTACION\Diseño de Software\lab1-codigo-heredado\lab1-codigo-heredado\src\main\java\edu\uees\refactor\domain\Reserva.java. Using fallback presentation compiler.[0m
2026.09.21 23:15:54 WARN  no build target for: D:\personal joffre barre\UESS - INGENIERIA COMPUTACION\Diseño de Software\lab1-codigo-heredado\lab1-codigo-heredado\src\main\java\edu\uees\refactor\domain\Reserva.java[0m
sept 21, 2026 11:15:54 P. M. org.eclipse.lsp4j.jsonrpc.RemoteEndpoint handleCancellation
ADVERTENCIA: Unmatched cancel notification for request id 389
2026.09.21 23:15:54 INFO  no build target found for D:\personal joffre barre\UESS - INGENIERIA COMPUTACION\Diseño de Software\lab1-codigo-heredado\lab1-codigo-heredado\src\main\java\edu\uees\refactor\domain\Reserva.java. Using fallback presentation compiler.[0m
sept 21, 2026 11:15:55 P. M. org.eclipse.lsp4j.jsonrpc.RemoteEndpoint handleCancellation
ADVERTENCIA: Unmatched cancel notification for request id 390
2026.09.21 23:15:54 INFO  no build target found for D:\personal joffre barre\UESS - INGENIERIA COMPUTACION\Diseño de Software\lab1-codigo-heredado\lab1-codigo-heredado\src\main\java\edu\uees\refactor\domain\Reserva.java. Using fallback presentation compiler.[0m
2026.09.21 23:15:55 INFO  no build target found for D:\personal joffre barre\UESS - INGENIERIA COMPUTACION\Diseño de Software\lab1-codigo-heredado\lab1-codigo-heredado\src\main\java\edu\uees\refactor\domain\Reserva.java. Using fallback presentation compiler.[0m
2026.09.21 23:15:55 INFO  no build target found for D:\personal joffre barre\UESS - INGENIERIA COMPUTACION\Diseño de Software\lab1-codigo-heredado\lab1-codigo-heredado\src\main\java\edu\uees\refactor\domain\Reserva.java. Using fallback presentation compiler.[0m
2026.09.21 23:16:00 WARN  no build target for: D:\personal joffre barre\UESS - INGENIERIA COMPUTACION\Diseño de Software\lab1-codigo-heredado\lab1-codigo-heredado\src\main\java\edu\uees\refactor\domain\Reserva.java[0m
2026.09.21 23:16:00 INFO  no build target found for D:\personal joffre barre\UESS - INGENIERIA COMPUTACION\Diseño de Software\lab1-codigo-heredado\lab1-codigo-heredado\src\main\java\edu\uees\refactor\domain\Reserva.java. Using fallback presentation compiler.[0m
2026.09.21 23:16:00 WARN  Running javac-semanticdb failed for file:///D:/personal%20joffre%20barre/UESS%20-%20INGENIERIA%20COMPUTACION/Diseño%20de%20Software/lab1-codigo-heredado/lab1-codigo-heredado/src/main/java/edu/uees/refactor/domain/Reserva.java. Output:
[0m
2026.09.21 23:16:15 INFO  no build target found for D:\personal joffre barre\UESS - INGENIERIA COMPUTACION\Diseño de Software\lab1-codigo-heredado\lab1-codigo-heredado\src\main\java\edu\uees\refactor\domain\Reserva.java. Using fallback presentation compiler.[0m
2026.09.21 23:16:15 INFO  no build target found for D:\personal joffre barre\UESS - INGENIERIA COMPUTACION\Diseño de Software\lab1-codigo-heredado\lab1-codigo-heredado\src\main\java\edu\uees\refactor\domain\Reserva.java. Using fallback presentation compiler.[0m
2026.09.21 23:16:17 INFO  no build target found for D:\personal joffre barre\UESS - INGENIERIA COMPUTACION\Diseño de Software\lab1-codigo-heredado\lab1-codigo-heredado\src\main\java\edu\uees\refactor\service\ServicioReservas.java. Using fallback presentation compiler.[0m
sept 21, 2026 11:16:18 P. M. org.eclipse.lsp4j.jsonrpc.RemoteEndpoint handleCancellation
ADVERTENCIA: Unmatched cancel notification for request id 402
2026.09.21 23:16:18 WARN  no build target for: D:\personal joffre barre\UESS - INGENIERIA COMPUTACION\Diseño de Software\lab1-codigo-heredado\lab1-codigo-heredado\src\main\java\edu\uees\refactor\service\ServicioReservas.java[0m
2026.09.21 23:16:17 INFO  no build target found for D:\personal joffre barre\UESS - INGENIERIA COMPUTACION\Diseño de Software\lab1-codigo-heredado\lab1-codigo-heredado\src\main\java\edu\uees\refactor\service\ServicioReservas.java. Using fallback presentation compiler.[0m
2026.09.21 23:16:17 INFO  no build target found for D:\personal joffre barre\UESS - INGENIERIA COMPUTACION\Diseño de Software\lab1-codigo-heredado\lab1-codigo-heredado\src\main\java\edu\uees\refactor\service\ServicioReservas.java. Using fallback presentation compiler.[0m
sept 21, 2026 11:16:18 P. M. org.eclipse.lsp4j.jsonrpc.RemoteEndpoint handleCancellation
ADVERTENCIA: Unmatched cancel notification for request id 404
2026.09.21 23:16:17 INFO  no build target found for D:\personal joffre barre\UESS - INGENIERIA COMPUTACION\Diseño de Software\lab1-codigo-heredado\lab1-codigo-heredado\src\main\java\edu\uees\refactor\service\ServicioReservas.java. Using fallback presentation compiler.[0m
2026.09.21 23:16:19 INFO  no build target found for D:\personal joffre barre\UESS - INGENIERIA COMPUTACION\Diseño de Software\lab1-codigo-heredado\lab1-codigo-heredado\src\main\java\edu\uees\refactor\service\ServicioReservas.java. Using fallback presentation compiler.[0m
sept 21, 2026 11:16:19 P. M. org.eclipse.lsp4j.jsonrpc.RemoteEndpoint handleCancellation
ADVERTENCIA: Unmatched cancel notification for request id 406
2026.09.21 23:16:19 INFO  no build target found for D:\personal joffre barre\UESS - INGENIERIA COMPUTACION\Diseño de Software\lab1-codigo-heredado\lab1-codigo-heredado\src\main\java\edu\uees\refactor\service\ServicioReservas.java. Using fallback presentation compiler.[0m
2026.09.21 23:16:19 INFO  no build target found for D:\personal joffre barre\UESS - INGENIERIA COMPUTACION\Diseño de Software\lab1-codigo-heredado\lab1-codigo-heredado\src\main\java\edu\uees\refactor\service\ServicioReservas.java. Using fallback presentation compiler.[0m
2026.09.21 23:16:19 INFO  no build target found for D:\personal joffre barre\UESS - INGENIERIA COMPUTACION\Diseño de Software\lab1-codigo-heredado\lab1-codigo-heredado\src\main\java\edu\uees\refactor\service\ServicioReservas.java. Using fallback presentation compiler.[0m
2026.09.21 23:16:19 INFO  no build target found for D:\personal joffre barre\UESS - INGENIERIA COMPUTACION\Diseño de Software\lab1-codigo-heredado\lab1-codigo-heredado\src\main\java\edu\uees\refactor\service\ServicioReservas.java. Using fallback presentation compiler.[0m
2026.09.21 23:16:21 INFO  no build target found for D:\personal joffre barre\UESS - INGENIERIA COMPUTACION\Diseño de Software\lab1-codigo-heredado\lab1-codigo-heredado\src\main\java\edu\uees\refactor\service\ServicioReservas.java. Using fallback presentation compiler.[0m
2026.09.21 23:16:21 INFO  no build target found for D:\personal joffre barre\UESS - INGENIERIA COMPUTACION\Diseño de Software\lab1-codigo-heredado\lab1-codigo-heredado\src\main\java\edu\uees\refactor\service\ServicioReservas.java. Using fallback presentation compiler.[0m
2026.09.21 23:16:23 INFO  no build target found for D:\personal joffre barre\UESS - INGENIERIA COMPUTACION\Diseño de Software\lab1-codigo-heredado\lab1-codigo-heredado\src\main\java\edu\uees\refactor\service\ServicioReservas.java. Using fallback presentation compiler.[0m
2026.09.21 23:20:39 INFO  no build target found for D:\personal joffre barre\UESS - INGENIERIA COMPUTACION\Diseño de Software\lab1-codigo-heredado\lab1-codigo-heredado\src\main\java\edu\uees\refactor\service\ServicioReservas.java. Using fallback presentation compiler.[0m
2026.09.21 23:20:39 INFO  no build target found for D:\personal joffre barre\UESS - INGENIERIA COMPUTACION\Diseño de Software\lab1-codigo-heredado\lab1-codigo-heredado\src\main\java\edu\uees\refactor\service\ServicioReservas.java. Using fallback presentation compiler.[0m
2026.09.21 23:20:49 INFO  no build target found for D:\personal joffre barre\UESS - INGENIERIA COMPUTACION\Diseño de Software\lab1-codigo-heredado\lab1-codigo-heredado\src\main\java\edu\uees\refactor\service\ServicioReservas.java. Using fallback presentation compiler.[0m
2026.09.21 23:20:49 INFO  no build target found for D:\personal joffre barre\UESS - INGENIERIA COMPUTACION\Diseño de Software\lab1-codigo-heredado\lab1-codigo-heredado\src\main\java\edu\uees\refactor\service\ServicioReservas.java. Using fallback presentation compiler.[0m
2026.09.21 23:20:49 INFO  no build target found for D:\personal joffre barre\UESS - INGENIERIA COMPUTACION\Diseño de Software\lab1-codigo-heredado\lab1-codigo-heredado\src\main\java\edu\uees\refactor\service\ServicioReservas.java. Using fallback presentation compiler.[0m
2026.09.21 23:20:51 INFO  no build target found for D:\personal joffre barre\UESS - INGENIERIA COMPUTACION\Diseño de Software\lab1-codigo-heredado\lab1-codigo-heredado\src\main\java\edu\uees\refactor\service\ServicioReservas.java. Using fallback presentation compiler.[0m
2026.09.21 23:20:51 INFO  no build target found for D:\personal joffre barre\UESS - INGENIERIA COMPUTACION\Diseño de Software\lab1-codigo-heredado\lab1-codigo-heredado\src\main\java\edu\uees\refactor\service\ServicioReservas.java. Using fallback presentation compiler.[0m
2026.09.21 23:20:52 INFO  no build target found for D:\personal joffre barre\UESS - INGENIERIA COMPUTACION\Diseño de Software\lab1-codigo-heredado\lab1-codigo-heredado\src\main\java\edu\uees\refactor\service\ServicioReservas.java. Using fallback presentation compiler.[0m
2026.09.21 23:20:54 INFO  no build target found for D:\personal joffre barre\UESS - INGENIERIA COMPUTACION\Diseño de Software\lab1-codigo-heredado\lab1-codigo-heredado\src\main\java\edu\uees\refactor\service\ServicioReservas.java. Using fallback presentation compiler.[0m
2026.09.21 23:20:54 INFO  no build target found for D:\personal joffre barre\UESS - INGENIERIA COMPUTACION\Diseño de Software\lab1-codigo-heredado\lab1-codigo-heredado\src\main\java\edu\uees\refactor\service\ServicioReservas.java. Using fallback presentation compiler.[0m
2026.09.21 23:20:55 INFO  no build target found for D:\personal joffre barre\UESS - INGENIERIA COMPUTACION\Diseño de Software\lab1-codigo-heredado\lab1-codigo-heredado\src\main\java\edu\uees\refactor\service\ServicioReservas.java. Using fallback presentation compiler.[0m
2026.09.21 23:20:55 INFO  no build target found for D:\personal joffre barre\UESS - INGENIERIA COMPUTACION\Diseño de Software\lab1-codigo-heredado\lab1-codigo-heredado\src\main\java\edu\uees\refactor\service\ServicioReservas.java. Using fallback presentation compiler.[0m
2026.09.21 23:20:55 INFO  no build target found for D:\personal joffre barre\UESS - INGENIERIA COMPUTACION\Diseño de Software\lab1-codigo-heredado\lab1-codigo-heredado\src\main\java\edu\uees\refactor\service\ServicioReservas.java. Using fallback presentation compiler.[0m
2026.09.21 23:20:55 INFO  no build target found for D:\personal joffre barre\UESS - INGENIERIA COMPUTACION\Diseño de Software\lab1-codigo-heredado\lab1-codigo-heredado\src\main\java\edu\uees\refactor\service\ServicioReservas.java. Using fallback presentation compiler.[0m
2026.09.21 23:20:55 INFO  no build target found for D:\personal joffre barre\UESS - INGENIERIA COMPUTACION\Diseño de Software\lab1-codigo-heredado\lab1-codigo-heredado\src\main\java\edu\uees\refactor\service\ServicioReservas.java. Using fallback presentation compiler.[0m
2026.09.21 23:20:55 INFO  no build target found for D:\personal joffre barre\UESS - INGENIERIA COMPUTACION\Diseño de Software\lab1-codigo-heredado\lab1-codigo-heredado\src\main\java\edu\uees\refactor\service\ServicioReservas.java. Using fallback presentation compiler.[0m
2026.09.21 23:20:56 INFO  no build target found for D:\personal joffre barre\UESS - INGENIERIA COMPUTACION\Diseño de Software\lab1-codigo-heredado\lab1-codigo-heredado\src\main\java\edu\uees\refactor\service\ServicioReservas.java. Using fallback presentation compiler.[0m
2026.09.21 23:20:56 INFO  no build target found for D:\personal joffre barre\UESS - INGENIERIA COMPUTACION\Diseño de Software\lab1-codigo-heredado\lab1-codigo-heredado\src\main\java\edu\uees\refactor\service\ServicioReservas.java. Using fallback presentation compiler.[0m
2026.09.21 23:20:56 INFO  no build target found for D:\personal joffre barre\UESS - INGENIERIA COMPUTACION\Diseño de Software\lab1-codigo-heredado\lab1-codigo-heredado\src\main\java\edu\uees\refactor\service\ServicioReservas.java. Using fallback presentation compiler.[0m
2026.09.21 23:20:56 INFO  no build target found for D:\personal joffre barre\UESS - INGENIERIA COMPUTACION\Diseño de Software\lab1-codigo-heredado\lab1-codigo-heredado\src\main\java\edu\uees\refactor\service\ServicioReservas.java. Using fallback presentation compiler.[0m
2026.09.21 23:20:56 INFO  no build target found for D:\personal joffre barre\UESS - INGENIERIA COMPUTACION\Diseño de Software\lab1-codigo-heredado\lab1-codigo-heredado\src\main\java\edu\uees\refactor\service\ServicioReservas.java. Using fallback presentation compiler.[0m
2026.09.21 23:20:56 INFO  no build target found for D:\personal joffre barre\UESS - INGENIERIA COMPUTACION\Diseño de Software\lab1-codigo-heredado\lab1-codigo-heredado\src\main\java\edu\uees\refactor\service\ServicioReservas.java. Using fallback presentation compiler.[0m
2026.09.21 23:20:57 INFO  no build target found for D:\personal joffre barre\UESS - INGENIERIA COMPUTACION\Diseño de Software\lab1-codigo-heredado\lab1-codigo-heredado\src\main\java\edu\uees\refactor\service\ServicioReservas.java. Using fallback presentation compiler.[0m
2026.09.21 23:20:58 INFO  no build target found for D:\personal joffre barre\UESS - INGENIERIA COMPUTACION\Diseño de Software\lab1-codigo-heredado\lab1-codigo-heredado\src\main\java\edu\uees\refactor\service\ServicioReservas.java. Using fallback presentation compiler.[0m
2026.09.21 23:20:57 INFO  no build target found for D:\personal joffre barre\UESS - INGENIERIA COMPUTACION\Diseño de Software\lab1-codigo-heredado\lab1-codigo-heredado\src\main\java\edu\uees\refactor\service\ServicioReservas.java. Using fallback presentation compiler.[0m
2026.09.21 23:21:08 INFO  no build target found for D:\personal joffre barre\UESS - INGENIERIA COMPUTACION\Diseño de Software\lab1-codigo-heredado\lab1-codigo-heredado\src\main\java\edu\uees\refactor\service\ServicioReservas.java. Using fallback presentation compiler.[0m
2026.09.21 23:21:08 WARN  no build target for: D:\personal joffre barre\UESS - INGENIERIA COMPUTACION\Diseño de Software\lab1-codigo-heredado\lab1-codigo-heredado\src\main\java\edu\uees\refactor\service\ServicioReservas.java[0m
2026.09.21 23:21:08 INFO  no build target found for D:\personal joffre barre\UESS - INGENIERIA COMPUTACION\Diseño de Software\lab1-codigo-heredado\lab1-codigo-heredado\src\main\java\edu\uees\refactor\service\ServicioReservas.java. Using fallback presentation compiler.[0m
2026.09.21 23:21:08 WARN  Running javac-semanticdb failed for file:///D:/personal%20joffre%20barre/UESS%20-%20INGENIERIA%20COMPUTACION/Diseño%20de%20Software/lab1-codigo-heredado/lab1-codigo-heredado/src/main/java/edu/uees/refactor/service/ServicioReservas.java. Output:
[0m
2026.09.21 23:21:09 INFO  no build target found for D:\personal joffre barre\UESS - INGENIERIA COMPUTACION\Diseño de Software\lab1-codigo-heredado\lab1-codigo-heredado\src\main\java\edu\uees\refactor\service\ServicioReservas.java. Using fallback presentation compiler.[0m
2026.09.21 23:22:35 INFO  no build target found for D:\personal joffre barre\UESS - INGENIERIA COMPUTACION\Diseño de Software\lab1-codigo-heredado\lab1-codigo-heredado\src\main\java\edu\uees\refactor\service\ServicioReservas.java. Using fallback presentation compiler.[0m
2026.09.21 23:22:42 INFO  no build target found for D:\personal joffre barre\UESS - INGENIERIA COMPUTACION\Diseño de Software\lab1-codigo-heredado\lab1-codigo-heredado\src\main\java\edu\uees\refactor\service\ServicioReservas.java. Using fallback presentation compiler.[0m
2026.09.21 23:22:42 INFO  no build target found for D:\personal joffre barre\UESS - INGENIERIA COMPUTACION\Diseño de Software\lab1-codigo-heredado\lab1-codigo-heredado\src\main\java\edu\uees\refactor\service\ServicioReservas.java. Using fallback presentation compiler.[0m
2026.09.21 23:22:42 INFO  no build target found for D:\personal joffre barre\UESS - INGENIERIA COMPUTACION\Diseño de Software\lab1-codigo-heredado\lab1-codigo-heredado\src\main\java\edu\uees\refactor\service\ServicioReservas.java. Using fallback presentation compiler.[0m
2026.09.21 23:22:42 INFO  no build target found for D:\personal joffre barre\UESS - INGENIERIA COMPUTACION\Diseño de Software\lab1-codigo-heredado\lab1-codigo-heredado\src\main\java\edu\uees\refactor\service\ServicioReservas.java. Using fallback presentation compiler.[0m
2026.09.21 23:22:42 INFO  no build target found for D:\personal joffre barre\UESS - INGENIERIA COMPUTACION\Diseño de Software\lab1-codigo-heredado\lab1-codigo-heredado\src\main\java\edu\uees\refactor\service\ServicioReservas.java. Using fallback presentation compiler.[0m
2026.09.21 23:22:42 INFO  no build target found for D:\personal joffre barre\UESS - INGENIERIA COMPUTACION\Diseño de Software\lab1-codigo-heredado\lab1-codigo-heredado\src\main\java\edu\uees\refactor\service\ServicioReservas.java. Using fallback presentation compiler.[0m
2026.09.21 23:22:43 INFO  no build target found for D:\personal joffre barre\UESS - INGENIERIA COMPUTACION\Diseño de Software\lab1-codigo-heredado\lab1-codigo-heredado\src\main\java\edu\uees\refactor\service\ServicioReservas.java. Using fallback presentation compiler.[0m
2026.09.21 23:22:43 INFO  no build target found for D:\personal joffre barre\UESS - INGENIERIA COMPUTACION\Diseño de Software\lab1-codigo-heredado\lab1-codigo-heredado\src\main\java\edu\uees\refactor\service\ServicioReservas.java. Using fallback presentation compiler.[0m
2026.09.21 23:22:43 INFO  no build target found for D:\personal joffre barre\UESS - INGENIERIA COMPUTACION\Diseño de Software\lab1-codigo-heredado\lab1-codigo-heredado\src\main\java\edu\uees\refactor\service\ServicioReservas.java. Using fallback presentation compiler.[0m
2026.09.21 23:22:44 INFO  no build target found for D:\personal joffre barre\UESS - INGENIERIA COMPUTACION\Diseño de Software\lab1-codigo-heredado\lab1-codigo-heredado\src\main\java\edu\uees\refactor\service\ServicioReservas.java. Using fallback presentation compiler.[0m
2026.09.21 23:22:46 WARN  no build target for: D:\personal joffre barre\UESS - INGENIERIA COMPUTACION\Diseño de Software\lab1-codigo-heredado\lab1-codigo-heredado\src\main\java\edu\uees\refactor\service\ServicioReservas.java[0m
2026.09.21 23:22:46 INFO  no build target found for D:\personal joffre barre\UESS - INGENIERIA COMPUTACION\Diseño de Software\lab1-codigo-heredado\lab1-codigo-heredado\src\main\java\edu\uees\refactor\service\ServicioReservas.java. Using fallback presentation compiler.[0m
2026.09.21 23:22:46 WARN  Running javac-semanticdb failed for file:///D:/personal%20joffre%20barre/UESS%20-%20INGENIERIA%20COMPUTACION/Diseño%20de%20Software/lab1-codigo-heredado/lab1-codigo-heredado/src/main/java/edu/uees/refactor/service/ServicioReservas.java. Output:
[0m
2026.09.21 23:22:47 INFO  no build target found for D:\personal joffre barre\UESS - INGENIERIA COMPUTACION\Diseño de Software\lab1-codigo-heredado\lab1-codigo-heredado\src\main\java\edu\uees\refactor\service\ServicioReservas.java. Using fallback presentation compiler.[0m
2026.09.21 23:24:32 INFO  no build target found for D:\personal joffre barre\UESS - INGENIERIA COMPUTACION\Diseño de Software\lab1-codigo-heredado\lab1-codigo-heredado\src\main\java\edu\uees\refactor\service\ServicioReservas.java. Using fallback presentation compiler.[0m
2026.09.21 23:24:54 INFO  no build target found for D:\personal joffre barre\UESS - INGENIERIA COMPUTACION\Diseño de Software\lab1-codigo-heredado\lab1-codigo-heredado\src\main\java\edu\uees\refactor\service\ServicioReservas.java. Using fallback presentation compiler.[0m
2026.09.21 23:24:54 INFO  no build target found for D:\personal joffre barre\UESS - INGENIERIA COMPUTACION\Diseño de Software\lab1-codigo-heredado\lab1-codigo-heredado\src\main\java\edu\uees\refactor\service\ServicioReservas.java. Using fallback presentation compiler.[0m
2026.09.21 23:24:55 INFO  no build target found for D:\personal joffre barre\UESS - INGENIERIA COMPUTACION\Diseño de Software\lab1-codigo-heredado\lab1-codigo-heredado\src\main\java\edu\uees\refactor\service\ServicioReservas.java. Using fallback presentation compiler.[0m
2026.09.21 23:24:57 INFO  no build target found for D:\personal joffre barre\UESS - INGENIERIA COMPUTACION\Diseño de Software\lab1-codigo-heredado\lab1-codigo-heredado\src\main\java\edu\uees\refactor\service\ServicioReservas.java. Using fallback presentation compiler.[0m
2026.09.21 23:24:57 INFO  no build target found for D:\personal joffre barre\UESS - INGENIERIA COMPUTACION\Diseño de Software\lab1-codigo-heredado\lab1-codigo-heredado\src\main\java\edu\uees\refactor\service\ServicioReservas.java. Using fallback presentation compiler.[0m
2026.09.21 23:24:57 INFO  no build target found for D:\personal joffre barre\UESS - INGENIERIA COMPUTACION\Diseño de Software\lab1-codigo-heredado\lab1-codigo-heredado\src\main\java\edu\uees\refactor\service\ServicioReservas.java. Using fallback presentation compiler.[0m
2026.09.21 23:24:57 INFO  no build target found for D:\personal joffre barre\UESS - INGENIERIA COMPUTACION\Diseño de Software\lab1-codigo-heredado\lab1-codigo-heredado\src\main\java\edu\uees\refactor\service\ServicioReservas.java. Using fallback presentation compiler.[0m
2026.09.21 23:24:57 INFO  no build target found for D:\personal joffre barre\UESS - INGENIERIA COMPUTACION\Diseño de Software\lab1-codigo-heredado\lab1-codigo-heredado\src\main\java\edu\uees\refactor\service\ServicioReservas.java. Using fallback presentation compiler.[0m
2026.09.21 23:24:58 INFO  no build target found for D:\personal joffre barre\UESS - INGENIERIA COMPUTACION\Diseño de Software\lab1-codigo-heredado\lab1-codigo-heredado\src\main\java\edu\uees\refactor\service\ServicioReservas.java. Using fallback presentation compiler.[0m
2026.09.21 23:24:57 INFO  no build target found for D:\personal joffre barre\UESS - INGENIERIA COMPUTACION\Diseño de Software\lab1-codigo-heredado\lab1-codigo-heredado\src\main\java\edu\uees\refactor\service\ServicioReservas.java. Using fallback presentation compiler.[0m
2026.09.21 23:24:57 INFO  no build target found for D:\personal joffre barre\UESS - INGENIERIA COMPUTACION\Diseño de Software\lab1-codigo-heredado\lab1-codigo-heredado\src\main\java\edu\uees\refactor\service\ServicioReservas.java. Using fallback presentation compiler.[0m
2026.09.21 23:24:58 INFO  no build target found for D:\personal joffre barre\UESS - INGENIERIA COMPUTACION\Diseño de Software\lab1-codigo-heredado\lab1-codigo-heredado\src\main\java\edu\uees\refactor\service\ServicioReservas.java. Using fallback presentation compiler.[0m
sept 21, 2026 11:24:59 P. M. org.eclipse.lsp4j.jsonrpc.RemoteEndpoint handleCancellation
ADVERTENCIA: Unmatched cancel notification for request id 503
2026.09.21 23:24:59 INFO  no build target found for D:\personal joffre barre\UESS - INGENIERIA COMPUTACION\Diseño de Software\lab1-codigo-heredado\lab1-codigo-heredado\src\main\java\edu\uees\refactor\service\ServicioReservas.java. Using fallback presentation compiler.[0m
2026.09.21 23:24:58 INFO  no build target found for D:\personal joffre barre\UESS - INGENIERIA COMPUTACION\Diseño de Software\lab1-codigo-heredado\lab1-codigo-heredado\src\main\java\edu\uees\refactor\service\ServicioReservas.java. Using fallback presentation compiler.[0m
2026.09.21 23:24:59 INFO  no build target found for D:\personal joffre barre\UESS - INGENIERIA COMPUTACION\Diseño de Software\lab1-codigo-heredado\lab1-codigo-heredado\src\main\java\edu\uees\refactor\service\ServicioReservas.java. Using fallback presentation compiler.[0m
2026.09.21 23:24:59 INFO  no build target found for D:\personal joffre barre\UESS - INGENIERIA COMPUTACION\Diseño de Software\lab1-codigo-heredado\lab1-codigo-heredado\src\main\java\edu\uees\refactor\service\ServicioReservas.java. Using fallback presentation compiler.[0m
2026.09.21 23:25:02 INFO  no build target found for D:\personal joffre barre\UESS - INGENIERIA COMPUTACION\Diseño de Software\lab1-codigo-heredado\lab1-codigo-heredado\src\main\java\edu\uees\refactor\service\ServicioReservas.java. Using fallback presentation compiler.[0m
2026.09.21 23:25:02 INFO  no build target found for D:\personal joffre barre\UESS - INGENIERIA COMPUTACION\Diseño de Software\lab1-codigo-heredado\lab1-codigo-heredado\src\main\java\edu\uees\refactor\service\ServicioReservas.java. Using fallback presentation compiler.[0m
2026.09.21 23:25:02 INFO  no build target found for D:\personal joffre barre\UESS - INGENIERIA COMPUTACION\Diseño de Software\lab1-codigo-heredado\lab1-codigo-heredado\src\main\java\edu\uees\refactor\service\ServicioReservas.java. Using fallback presentation compiler.[0m
2026.09.21 23:25:02 INFO  no build target found for D:\personal joffre barre\UESS - INGENIERIA COMPUTACION\Diseño de Software\lab1-codigo-heredado\lab1-codigo-heredado\src\main\java\edu\uees\refactor\service\ServicioReservas.java. Using fallback presentation compiler.[0m
2026.09.21 23:25:14 INFO  no build target found for D:\personal joffre barre\UESS - INGENIERIA COMPUTACION\Diseño de Software\lab1-codigo-heredado\lab1-codigo-heredado\src\main\java\edu\uees\refactor\service\ServicioReservas.java. Using fallback presentation compiler.[0m
2026.09.21 23:25:14 INFO  no build target found for D:\personal joffre barre\UESS - INGENIERIA COMPUTACION\Diseño de Software\lab1-codigo-heredado\lab1-codigo-heredado\src\main\java\edu\uees\refactor\service\ServicioReservas.java. Using fallback presentation compiler.[0m
2026.09.21 23:25:14 INFO  no build target found for D:\personal joffre barre\UESS - INGENIERIA COMPUTACION\Diseño de Software\lab1-codigo-heredado\lab1-codigo-heredado\src\main\java\edu\uees\refactor\service\ServicioReservas.java. Using fallback presentation compiler.[0m
2026.09.21 23:25:14 INFO  no build target found for D:\personal joffre barre\UESS - INGENIERIA COMPUTACION\Diseño de Software\lab1-codigo-heredado\lab1-codigo-heredado\src\main\java\edu\uees\refactor\service\ServicioReservas.java. Using fallback presentation compiler.[0m
2026.09.21 23:25:16 INFO  no build target found for D:\personal joffre barre\UESS - INGENIERIA COMPUTACION\Diseño de Software\lab1-codigo-heredado\lab1-codigo-heredado\src\main\java\edu\uees\refactor\service\ServicioReservas.java. Using fallback presentation compiler.[0m
2026.09.21 23:25:16 INFO  no build target found for D:\personal joffre barre\UESS - INGENIERIA COMPUTACION\Diseño de Software\lab1-codigo-heredado\lab1-codigo-heredado\src\main\java\edu\uees\refactor\service\ServicioReservas.java. Using fallback presentation compiler.[0m
2026.09.21 23:25:17 INFO  no build target found for D:\personal joffre barre\UESS - INGENIERIA COMPUTACION\Diseño de Software\lab1-codigo-heredado\lab1-codigo-heredado\src\main\java\edu\uees\refactor\service\ServicioReservas.java. Using fallback presentation compiler.[0m
sept 21, 2026 11:25:17 P. M. org.eclipse.lsp4j.jsonrpc.RemoteEndpoint handleCancellation
ADVERTENCIA: Unmatched cancel notification for request id 534
2026.09.21 23:25:16 INFO  no build target found for D:\personal joffre barre\UESS - INGENIERIA COMPUTACION\Diseño de Software\lab1-codigo-heredado\lab1-codigo-heredado\src\main\java\edu\uees\refactor\service\ServicioReservas.java. Using fallback presentation compiler.[0m
2026.09.21 23:25:16 INFO  no build target found for D:\personal joffre barre\UESS - INGENIERIA COMPUTACION\Diseño de Software\lab1-codigo-heredado\lab1-codigo-heredado\src\main\java\edu\uees\refactor\service\ServicioReservas.java. Using fallback presentation compiler.[0m
2026.09.21 23:25:17 INFO  no build target found for D:\personal joffre barre\UESS - INGENIERIA COMPUTACION\Diseño de Software\lab1-codigo-heredado\lab1-codigo-heredado\src\main\java\edu\uees\refactor\service\ServicioReservas.java. Using fallback presentation compiler.[0m
2026.09.21 23:25:17 INFO  no build target found for D:\personal joffre barre\UESS - INGENIERIA COMPUTACION\Diseño de Software\lab1-codigo-heredado\lab1-codigo-heredado\src\main\java\edu\uees\refactor\service\ServicioReservas.java. Using fallback presentation compiler.[0m
2026.09.21 23:25:17 INFO  no build target found for D:\personal joffre barre\UESS - INGENIERIA COMPUTACION\Diseño de Software\lab1-codigo-heredado\lab1-codigo-heredado\src\main\java\edu\uees\refactor\service\ServicioReservas.java. Using fallback presentation compiler.[0m
2026.09.21 23:25:22 INFO  no build target found for D:\personal joffre barre\UESS - INGENIERIA COMPUTACION\Diseño de Software\lab1-codigo-heredado\lab1-codigo-heredado\src\main\java\edu\uees\refactor\service\ServicioReservas.java. Using fallback presentation compiler.[0m
2026.09.21 23:25:22 WARN  no build target for: D:\personal joffre barre\UESS - INGENIERIA COMPUTACION\Diseño de Software\lab1-codigo-heredado\lab1-codigo-heredado\src\main\java\edu\uees\refactor\service\ServicioReservas.java[0m
2026.09.21 23:25:22 INFO  no build target found for D:\personal joffre barre\UESS - INGENIERIA COMPUTACION\Diseño de Software\lab1-codigo-heredado\lab1-codigo-heredado\src\main\java\edu\uees\refactor\service\ServicioReservas.java. Using fallback presentation compiler.[0m
2026.09.21 23:25:22 WARN  Running javac-semanticdb failed for file:///D:/personal%20joffre%20barre/UESS%20-%20INGENIERIA%20COMPUTACION/Diseño%20de%20Software/lab1-codigo-heredado/lab1-codigo-heredado/src/main/java/edu/uees/refactor/service/ServicioReservas.java. Output:
[0m
2026.09.21 23:25:23 INFO  no build target found for D:\personal joffre barre\UESS - INGENIERIA COMPUTACION\Diseño de Software\lab1-codigo-heredado\lab1-codigo-heredado\src\main\java\edu\uees\refactor\service\ServicioReservas.java. Using fallback presentation compiler.[0m
2026.09.22 00:02:40 WARN  no build target for: D:\personal joffre barre\UESS - INGENIERIA COMPUTACION\Diseño de Software\lab1-codigo-heredado\lab1-codigo-heredado\src\main\java\edu\uees\refactor\service\ServicioReservas.java[0m
2026.09.22 00:02:40 INFO  no build target found for D:\personal joffre barre\UESS - INGENIERIA COMPUTACION\Diseño de Software\lab1-codigo-heredado\lab1-codigo-heredado\src\main\java\edu\uees\refactor\service\ServicioReservas.java. Using fallback presentation compiler.[0m
2026.09.22 00:02:41 INFO  no build target found for D:\personal joffre barre\UESS - INGENIERIA COMPUTACION\Diseño de Software\lab1-codigo-heredado\lab1-codigo-heredado\src\main\java\edu\uees\refactor\service\ServicioReservas.java. Using fallback presentation compiler.[0m
2026.09.22 00:02:41 INFO  no build target found for D:\personal joffre barre\UESS - INGENIERIA COMPUTACION\Diseño de Software\lab1-codigo-heredado\lab1-codigo-heredado\src\main\java\edu\uees\refactor\service\ServicioReservas.java. Using fallback presentation compiler.[0m
2026.09.22 01:11:52 INFO  Started: Metals version 1.6.9 in folders 'D:\personal joffre barre\UESS - INGENIERIA COMPUTACION\Diseño de Software\lab1-codigo-heredado' for client Visual Studio Code 1.138.0.
2026.09.22 01:11:52 INFO  Memory monitor started
2026.09.22 01:11:57 WARN  Using H2 2.5.250 which is newer than the version Flyway has been verified with. The latest verified version of H2 is 2.3.232.
2026.09.22 01:11:57 INFO  no build target found for D:\personal joffre barre\UESS - INGENIERIA COMPUTACION\Diseño de Software\lab1-codigo-heredado\src\main\java\edu\uees\refactor\service\NotificadorEmail.java. Using fallback presentation compiler.
2026.09.22 01:11:58 INFO  no build target found for D:\personal joffre barre\UESS - INGENIERIA COMPUTACION\Diseño de Software\lab1-codigo-heredado\src\main\java\edu\uees\refactor\service\NotificadorEmail.java. Using fallback presentation compiler.
sept 22, 2026 1:11:58 A. M. org.eclipse.lsp4j.jsonrpc.RemoteEndpoint handleCancellation
ADVERTENCIA: Unmatched cancel notification for request id 2
2026.09.22 01:11:58 INFO  no build target found for D:\personal joffre barre\UESS - INGENIERIA COMPUTACION\Diseño de Software\lab1-codigo-heredado\src\main\java\edu\uees\refactor\service\NotificadorEmail.java. Using fallback presentation compiler.
sept 22, 2026 1:11:59 A. M. org.eclipse.lsp4j.jsonrpc.RemoteEndpoint handleCancellation
ADVERTENCIA: Unmatched cancel notification for request id 3
2026.09.22 01:11:59 INFO  no build target found for D:\personal joffre barre\UESS - INGENIERIA COMPUTACION\Diseño de Software\lab1-codigo-heredado\src\main\java\edu\uees\refactor\service\NotificadorEmail.java. Using fallback presentation compiler.
2026.09.22 01:12:18 INFO  no build target found for D:\personal joffre barre\UESS - INGENIERIA COMPUTACION\Diseño de Software\lab1-codigo-heredado\src\main\java\edu\uees\refactor\service\ServicioReservas.java. Using fallback presentation compiler.
sept 22, 2026 1:12:19 A. M. org.eclipse.lsp4j.jsonrpc.RemoteEndpoint handleCancellation
ADVERTENCIA: Unmatched cancel notification for request id 13
2026.09.22 01:12:19 INFO  no build target found for D:\personal joffre barre\UESS - INGENIERIA COMPUTACION\Diseño de Software\lab1-codigo-heredado\src\main\java\edu\uees\refactor\service\ServicioReservas.java. Using fallback presentation compiler.
2026.09.22 01:12:18 INFO  no build target found for D:\personal joffre barre\UESS - INGENIERIA COMPUTACION\Diseño de Software\lab1-codigo-heredado\src\main\java\edu\uees\refactor\service\ServicioReservas.java. Using fallback presentation compiler.
sept 22, 2026 1:12:19 A. M. org.eclipse.lsp4j.jsonrpc.RemoteEndpoint handleCancellation
ADVERTENCIA: Unmatched cancel notification for request id 17
2026.09.22 01:12:19 INFO  no build target found for D:\personal joffre barre\UESS - INGENIERIA COMPUTACION\Diseño de Software\lab1-codigo-heredado\src\main\java\edu\uees\refactor\service\ServicioReservas.java. Using fallback presentation compiler.
2026.09.22 01:12:49 INFO  no build target found for D:\personal joffre barre\UESS - INGENIERIA COMPUTACION\Diseño de Software\lab1-codigo-heredado\src\main\java\edu\uees\refactor\service\ServicioReservas.java. Using fallback presentation compiler.
2026.09.22 01:14:35 INFO  no build target found for D:\personal joffre barre\UESS - INGENIERIA COMPUTACION\Diseño de Software\lab1-codigo-heredado\src\main\java\edu\uees\refactor\service\ServicioReservas.java. Using fallback presentation compiler.
2026.09.22 01:14:40 INFO  no build target found for D:\personal joffre barre\UESS - INGENIERIA COMPUTACION\Diseño de Software\lab1-codigo-heredado\src\main\java\edu\uees\refactor\service\ServicioReservas.java. Using fallback presentation compiler.
sept 22, 2026 1:14:40 A. M. org.eclipse.lsp4j.jsonrpc.RemoteEndpoint handleCancellation
ADVERTENCIA: Unmatched cancel notification for request id 32
2026.09.22 01:14:42 INFO  no build target found for D:\personal joffre barre\UESS - INGENIERIA COMPUTACION\Diseño de Software\lab1-codigo-heredado\src\main\java\edu\uees\refactor\service\ServicioReservas.java. Using fallback presentation compiler.
2026.09.22 01:14:42 INFO  no build target found for D:\personal joffre barre\UESS - INGENIERIA COMPUTACION\Diseño de Software\lab1-codigo-heredado\src\main\java\edu\uees\refactor\service\ServicioReservas.java. Using fallback presentation compiler.
2026.09.22 01:14:42 INFO  no build target found for D:\personal joffre barre\UESS - INGENIERIA COMPUTACION\Diseño de Software\lab1-codigo-heredado\src\main\java\edu\uees\refactor\service\ServicioReservas.java. Using fallback presentation compiler.
2026.09.22 01:14:42 INFO  no build target found for D:\personal joffre barre\UESS - INGENIERIA COMPUTACION\Diseño de Software\lab1-codigo-heredado\src\main\java\edu\uees\refactor\service\ServicioReservas.java. Using fallback presentation compiler.
2026.09.22 01:14:44 INFO  no build target found for D:\personal joffre barre\UESS - INGENIERIA COMPUTACION\Diseño de Software\lab1-codigo-heredado\src\main\java\edu\uees\refactor\service\ServicioReservas.java. Using fallback presentation compiler.
2026.09.22 01:14:45 INFO  no build target found for D:\personal joffre barre\UESS - INGENIERIA COMPUTACION\Diseño de Software\lab1-codigo-heredado\src\main\java\edu\uees\refactor\service\ServicioReservas.java. Using fallback presentation compiler.
2026.09.22 01:14:44 INFO  no build target found for D:\personal joffre barre\UESS - INGENIERIA COMPUTACION\Diseño de Software\lab1-codigo-heredado\src\main\java\edu\uees\refactor\service\ServicioReservas.java. Using fallback presentation compiler.
2026.09.22 01:14:45 INFO  no build target found for D:\personal joffre barre\UESS - INGENIERIA COMPUTACION\Diseño de Software\lab1-codigo-heredado\src\main\java\edu\uees\refactor\service\ServicioReservas.java. Using fallback presentation compiler.
2026.09.22 01:14:45 INFO  no build target found for D:\personal joffre barre\UESS - INGENIERIA COMPUTACION\Diseño de Software\lab1-codigo-heredado\src\main\java\edu\uees\refactor\service\ServicioReservas.java. Using fallback presentation compiler.
2026.09.22 01:14:45 INFO  no build target found for D:\personal joffre barre\UESS - INGENIERIA COMPUTACION\Diseño de Software\lab1-codigo-heredado\src\main\java\edu\uees\refactor\service\ServicioReservas.java. Using fallback presentation compiler.
2026.09.22 01:14:48 WARN  no build target for: D:\personal joffre barre\UESS - INGENIERIA COMPUTACION\Diseño de Software\lab1-codigo-heredado\src\main\java\edu\uees\refactor\service\ServicioReservas.java
2026.09.22 01:14:48 INFO  no build target found for D:\personal joffre barre\UESS - INGENIERIA COMPUTACION\Diseño de Software\lab1-codigo-heredado\src\main\java\edu\uees\refactor\service\ServicioReservas.java. Using fallback presentation compiler.
2026.09.22 01:14:48 WARN  Running javac-semanticdb failed for file:///D:/personal%20joffre%20barre/UESS%20-%20INGENIERIA%20COMPUTACION/Diseño%20de%20Software/lab1-codigo-heredado/src/main/java/edu/uees/refactor/service/ServicioReservas.java. Output:

2026.09.22 01:14:49 INFO  no build target found for D:\personal joffre barre\UESS - INGENIERIA COMPUTACION\Diseño de Software\lab1-codigo-heredado\src\main\java\edu\uees\refactor\service\ServicioReservas.java. Using fallback presentation compiler.
2026.09.22 01:15:08 WARN  no build target for: D:\personal joffre barre\UESS - INGENIERIA COMPUTACION\Diseño de Software\lab1-codigo-heredado\src\main\java\edu\uees\refactor\service\ServicioReservas.java
2026.09.22 01:15:08 INFO  no build target found for D:\personal joffre barre\UESS - INGENIERIA COMPUTACION\Diseño de Software\lab1-codigo-heredado\src\main\java\edu\uees\refactor\service\ServicioReservas.java. Using fallback presentation compiler.
2026.09.22 01:15:09 INFO  no build target found for D:\personal joffre barre\UESS - INGENIERIA COMPUTACION\Diseño de Software\lab1-codigo-heredado\src\main\java\edu\uees\refactor\service\ServicioReservas.java. Using fallback presentation compiler.
2026.09.22 01:16:02 INFO  no build target found for D:\personal joffre barre\UESS - INGENIERIA COMPUTACION\Diseño de Software\lab1-codigo-heredado\src\main\java\edu\uees\refactor\service\NotificadorEmail.java. Using fallback presentation compiler.
2026.09.22 01:16:02 WARN  no build target for: D:\personal joffre barre\UESS - INGENIERIA COMPUTACION\Diseño de Software\lab1-codigo-heredado\src\main\java\edu\uees\refactor\service\NotificadorEmail.java
sept 22, 2026 1:16:03 A. M. org.eclipse.lsp4j.jsonrpc.RemoteEndpoint handleCancellation
ADVERTENCIA: Unmatched cancel notification for request id 61
2026.09.22 01:16:02 INFO  no build target found for D:\personal joffre barre\UESS - INGENIERIA COMPUTACION\Diseño de Software\lab1-codigo-heredado\src\main\java\edu\uees\refactor\service\NotificadorEmail.java. Using fallback presentation compiler.
sept 22, 2026 1:16:03 A. M. org.eclipse.lsp4j.jsonrpc.RemoteEndpoint handleCancellation
ADVERTENCIA: Unmatched cancel notification for request id 63
2026.09.22 01:16:02 INFO  no build target found for D:\personal joffre barre\UESS - INGENIERIA COMPUTACION\Diseño de Software\lab1-codigo-heredado\src\main\java\edu\uees\refactor\service\NotificadorEmail.java. Using fallback presentation compiler.
sept 22, 2026 1:16:03 A. M. org.eclipse.lsp4j.jsonrpc.RemoteEndpoint handleCancellation
ADVERTENCIA: Unmatched cancel notification for request id 64
2026.09.22 01:16:03 INFO  no build target found for D:\personal joffre barre\UESS - INGENIERIA COMPUTACION\Diseño de Software\lab1-codigo-heredado\src\main\java\edu\uees\refactor\service\NotificadorEmail.java. Using fallback presentation compiler.
2026.09.22 01:16:02 INFO  no build target found for D:\personal joffre barre\UESS - INGENIERIA COMPUTACION\Diseño de Software\lab1-codigo-heredado\src\main\java\edu\uees\refactor\service\NotificadorEmail.java. Using fallback presentation compiler.
sept 22, 2026 1:16:03 A. M. org.eclipse.lsp4j.jsonrpc.RemoteEndpoint handleCancellation
ADVERTENCIA: Unmatched cancel notification for request id 67
2026.09.22 01:16:03 INFO  no build target found for D:\personal joffre barre\UESS - INGENIERIA COMPUTACION\Diseño de Software\lab1-codigo-heredado\src\main\java\edu\uees\refactor\service\NotificadorEmail.java. Using fallback presentation compiler.
2026.09.22 01:16:03 INFO  no build target found for D:\personal joffre barre\UESS - INGENIERIA COMPUTACION\Diseño de Software\lab1-codigo-heredado\src\main\java\edu\uees\refactor\service\NotificadorEmail.java. Using fallback presentation compiler.
2026.09.22 01:16:05 INFO  no build target found for D:\personal joffre barre\UESS - INGENIERIA COMPUTACION\Diseño de Software\lab1-codigo-heredado\src\main\java\edu\uees\refactor\service\NotificadorEmail.java. Using fallback presentation compiler.
2026.09.22 01:16:05 INFO  no build target found for D:\personal joffre barre\UESS - INGENIERIA COMPUTACION\Diseño de Software\lab1-codigo-heredado\src\main\java\edu\uees\refactor\service\NotificadorEmail.java. Using fallback presentation compiler.
2026.09.22 01:16:05 INFO  no build target found for D:\personal joffre barre\UESS - INGENIERIA COMPUTACION\Diseño de Software\lab1-codigo-heredado\src\main\java\edu\uees\refactor\service\NotificadorEmail.java. Using fallback presentation compiler.
2026.09.22 01:16:05 INFO  no build target found for D:\personal joffre barre\UESS - INGENIERIA COMPUTACION\Diseño de Software\lab1-codigo-heredado\src\main\java\edu\uees\refactor\service\NotificadorEmail.java. Using fallback presentation compiler.
2026.09.22 01:16:06 INFO  no build target found for D:\personal joffre barre\UESS - INGENIERIA COMPUTACION\Diseño de Software\lab1-codigo-heredado\src\main\java\edu\uees\refactor\service\NotificadorEmail.java. Using fallback presentation compiler.
2026.09.22 01:16:16 INFO  no build target found for D:\personal joffre barre\UESS - INGENIERIA COMPUTACION\Diseño de Software\lab1-codigo-heredado\src\main\java\edu\uees\refactor\service\ServicioReservas.java. Using fallback presentation compiler.
2026.09.22 01:16:17 WARN  no build target for: D:\personal joffre barre\UESS - INGENIERIA COMPUTACION\Diseño de Software\lab1-codigo-heredado\src\main\java\edu\uees\refactor\service\ServicioReservas.java
2026.09.22 01:16:16 INFO  no build target found for D:\personal joffre barre\UESS - INGENIERIA COMPUTACION\Diseño de Software\lab1-codigo-heredado\src\main\java\edu\uees\refactor\service\ServicioReservas.java. Using fallback presentation compiler.
sept 22, 2026 1:16:17 A. M. org.eclipse.lsp4j.jsonrpc.RemoteEndpoint handleCancellation
ADVERTENCIA: Unmatched cancel notification for request id 81
sept 22, 2026 1:16:17 A. M. org.eclipse.lsp4j.jsonrpc.RemoteEndpoint handleCancellation
ADVERTENCIA: Unmatched cancel notification for request id 83
2026.09.22 01:16:16 INFO  no build target found for D:\personal joffre barre\UESS - INGENIERIA COMPUTACION\Diseño de Software\lab1-codigo-heredado\src\main\java\edu\uees\refactor\service\ServicioReservas.java. Using fallback presentation compiler.
2026.09.22 01:16:17 INFO  no build target found for D:\personal joffre barre\UESS - INGENIERIA COMPUTACION\Diseño de Software\lab1-codigo-heredado\src\main\java\edu\uees\refactor\service\ServicioReservas.java. Using fallback presentation compiler.
2026.09.22 01:16:17 INFO  no build target found for D:\personal joffre barre\UESS - INGENIERIA COMPUTACION\Diseño de Software\lab1-codigo-heredado\src\main\java\edu\uees\refactor\service\ServicioReservas.java. Using fallback presentation compiler.
2026.09.22 01:16:20 INFO  no build target found for D:\personal joffre barre\UESS - INGENIERIA COMPUTACION\Diseño de Software\lab1-codigo-heredado\src\main\java\edu\uees\refactor\service\ServicioReservas.java. Using fallback presentation compiler.
2026.09.22 01:16:20 INFO  no build target found for D:\personal joffre barre\UESS - INGENIERIA COMPUTACION\Diseño de Software\lab1-codigo-heredado\src\main\java\edu\uees\refactor\service\ServicioReservas.java. Using fallback presentation compiler.
2026.09.22 01:16:21 INFO  no build target found for D:\personal joffre barre\UESS - INGENIERIA COMPUTACION\Diseño de Software\lab1-codigo-heredado\src\main\java\edu\uees\refactor\service\ServicioReservas.java. Using fallback presentation compiler.
2026.09.22 01:16:21 INFO  no build target found for D:\personal joffre barre\UESS - INGENIERIA COMPUTACION\Diseño de Software\lab1-codigo-heredado\src\main\java\edu\uees\refactor\service\ServicioReservas.java. Using fallback presentation compiler.
2026.09.22 01:16:21 INFO  no build target found for D:\personal joffre barre\UESS - INGENIERIA COMPUTACION\Diseño de Software\lab1-codigo-heredado\src\main\java\edu\uees\refactor\service\ServicioReservas.java. Using fallback presentation compiler.
2026.09.22 01:16:22 INFO  no build target found for D:\personal joffre barre\UESS - INGENIERIA COMPUTACION\Diseño de Software\lab1-codigo-heredado\src\main\java\edu\uees\refactor\service\ServicioReservas.java. Using fallback presentation compiler.
2026.09.22 01:16:21 INFO  no build target found for D:\personal joffre barre\UESS - INGENIERIA COMPUTACION\Diseño de Software\lab1-codigo-heredado\src\main\java\edu\uees\refactor\service\ServicioReservas.java. Using fallback presentation compiler.
2026.09.22 01:16:25 WARN  no build target for: D:\personal joffre barre\UESS - INGENIERIA COMPUTACION\Diseño de Software\lab1-codigo-heredado\src\main\java\edu\uees\refactor\service\ServicioReservas.java
2026.09.22 01:16:25 INFO  no build target found for D:\personal joffre barre\UESS - INGENIERIA COMPUTACION\Diseño de Software\lab1-codigo-heredado\src\main\java\edu\uees\refactor\service\ServicioReservas.java. Using fallback presentation compiler.
2026.09.22 01:16:26 WARN  Running javac-semanticdb failed for file:///D:/personal%20joffre%20barre/UESS%20-%20INGENIERIA%20COMPUTACION/Diseño%20de%20Software/lab1-codigo-heredado/src/main/java/edu/uees/refactor/service/ServicioReservas.java. Output:

2026.09.22 01:16:26 INFO  no build target found for D:\personal joffre barre\UESS - INGENIERIA COMPUTACION\Diseño de Software\lab1-codigo-heredado\src\main\java\edu\uees\refactor\service\ServicioReservas.java. Using fallback presentation compiler.
2026.09.22 01:17:32 INFO  no build target found for D:\personal joffre barre\UESS - INGENIERIA COMPUTACION\Diseño de Software\lab1-codigo-heredado\src\main\java\edu\uees\refactor\service\ServicioReservas.java. Using fallback presentation compiler.
2026.09.22 01:17:32 INFO  no build target found for D:\personal joffre barre\UESS - INGENIERIA COMPUTACION\Diseño de Software\lab1-codigo-heredado\src\main\java\edu\uees\refactor\service\ServicioReservas.java. Using fallback presentation compiler.
2026.09.22 01:17:33 INFO  no build target found for D:\personal joffre barre\UESS - INGENIERIA COMPUTACION\Diseño de Software\lab1-codigo-heredado\src\main\java\edu\uees\refactor\service\ServicioReservas.java. Using fallback presentation compiler.
2026.09.22 01:17:32 INFO  no build target found for D:\personal joffre barre\UESS - INGENIERIA COMPUTACION\Diseño de Software\lab1-codigo-heredado\src\main\java\edu\uees\refactor\service\ServicioReservas.java. Using fallback presentation compiler.
2026.09.22 01:17:34 INFO  no build target found for D:\personal joffre barre\UESS - INGENIERIA COMPUTACION\Diseño de Software\lab1-codigo-heredado\src\main\java\edu\uees\refactor\service\ServicioReservas.java. Using fallback presentation compiler.
2026.09.22 01:18:16 INFO  Shutting down server
2026.09.22 01:18:16 INFO  Memory monitor stopped
2026.09.22 01:18:16 INFO  shutting down Metals
2026.09.22 01:18:16 ERROR Unexpected error initializing server: 
org.eclipse.lsp4j.jsonrpc.ResponseErrorException: Request window/showMessageRequest failed with message: Canceled
	at org.eclipse.lsp4j.jsonrpc.RemoteEndpoint.handleResponse(RemoteEndpoint.java:214)
	at org.eclipse.lsp4j.jsonrpc.RemoteEndpoint.consume(RemoteEndpoint.java:198)
	at org.eclipse.lsp4j.jsonrpc.json.StreamMessageProducer.handleMessage(StreamMessageProducer.java:189)
	at org.eclipse.lsp4j.jsonrpc.json.StreamMessageProducer.listen(StreamMessageProducer.java:97)
	at org.eclipse.lsp4j.jsonrpc.json.ConcurrentMessageProcessor.run(ConcurrentMessageProcessor.java:97)
	at java.util.concurrent.Executors$RunnableAdapter.call(Executors.java:545)
	at java.util.concurrent.FutureTask.run(FutureTask.java:328)
	at java.util.concurrent.ThreadPoolExecutor.runWorker(ThreadPoolExecutor.java:1090)
	at java.util.concurrent.ThreadPoolExecutor$Worker.run(ThreadPoolExecutor.java:614)
	at java.lang.Thread.run(Thread.java:1474)

2026.09.22 01:18:16 INFO  Exiting server
2026.09.22 01:21:26 INFO  Started: Metals version 1.6.9 in folders 'D:\personal joffre barre\UESS - INGENIERIA COMPUTACION\Diseño de Software\lab1-codigo-heredado' for client Visual Studio Code 1.138.0.
2026.09.22 01:21:26 INFO  Memory monitor started
2026.09.22 01:21:31 WARN  Using H2 2.5.250 which is newer than the version Flyway has been verified with. The latest verified version of H2 is 2.3.232.
2026.09.22 01:21:32 INFO  no build target found for D:\personal joffre barre\UESS - INGENIERIA COMPUTACION\Diseño de Software\lab1-codigo-heredado\src\main\java\edu\uees\refactor\service\NotificadorEmail.java. Using fallback presentation compiler.
2026.09.22 01:21:37 WARN  no build target for: D:\personal joffre barre\UESS - INGENIERIA COMPUTACION\Diseño de Software\lab1-codigo-heredado\src\main\java\edu\uees\refactor\service\NotificadorEmail.java
2026.09.22 01:21:38 WARN  Running javac-semanticdb failed for file:///D:/personal%20joffre%20barre/UESS%20-%20INGENIERIA%20COMPUTACION/Diseño%20de%20Software/lab1-codigo-heredado/src/main/java/edu/uees/refactor/service/NotificadorEmail.java. Output:

2026.09.22 01:21:38 INFO  no build target found for D:\personal joffre barre\UESS - INGENIERIA COMPUTACION\Diseño de Software\lab1-codigo-heredado\src\main\java\edu\uees\refactor\service\NotificadorEmail.java. Using fallback presentation compiler.
2026.09.22 01:21:41 INFO  no build target found for D:\personal joffre barre\UESS - INGENIERIA COMPUTACION\Diseño de Software\lab1-codigo-heredado\src\main\java\edu\uees\refactor\service\NotificadorEmail.java. Using fallback presentation compiler.
2026.09.22 01:21:42 INFO  no build target found for D:\personal joffre barre\UESS - INGENIERIA COMPUTACION\Diseño de Software\lab1-codigo-heredado\src\main\java\edu\uees\refactor\service\NotificadorEmail.java. Using fallback presentation compiler.
2026.09.22 01:21:43 WARN  no build target for: D:\personal joffre barre\UESS - INGENIERIA COMPUTACION\Diseño de Software\lab1-codigo-heredado\src\main\java\edu\uees\refactor\service\NotificadorEmail.java
2026.09.22 01:21:43 INFO  no build target found for D:\personal joffre barre\UESS - INGENIERIA COMPUTACION\Diseño de Software\lab1-codigo-heredado\src\main\java\edu\uees\refactor\service\NotificadorEmail.java. Using fallback presentation compiler.
2026.09.22 01:21:47 INFO  no build target found for D:\personal joffre barre\UESS - INGENIERIA COMPUTACION\Diseño de Software\lab1-codigo-heredado\src\main\java\edu\uees\refactor\service\NotificadorEmail.java. Using fallback presentation compiler.
2026.09.22 01:21:49 INFO  running 'C:\Users\jbarre\AppData\Local\Programs\Eclipse Adoptium\jdk-25.0.1.8-hotspot\bin\java.exe -Dfile.encoding=UTF-8 -Dmaven.multiModuleProjectDirectory=D:\personal joffre barre\UESS - INGENIERIA COMPUTACION\Diseño de Software\lab1-codigo-heredado -Dmaven.home=C:\Users\jbarre\AppData\Local\Temp\metals16662514793316753967 -cp C:\Users\jbarre\AppData\Local\Temp\metals16662514793316753967\maven-wrapper.jar org.apache.maven.wrapper.MavenWrapperMain generate-sources ch.epfl.scala:bloop-maven-plugin:2.0.5:bloopInstall -DdownloadSources=true'
2026.09.22 01:21:51 INFO  no build target found for D:\personal joffre barre\UESS - INGENIERIA COMPUTACION\Diseño de Software\lab1-codigo-heredado\src\main\java\edu\uees\refactor\service\NotificadorEmail.java. Using fallback presentation compiler.
2026.09.22 01:21:55 ERROR WARNING: A restricted method in java.lang.System has been called
2026.09.22 01:21:55 ERROR WARNING: java.lang.System::load has been called by org.fusesource.jansi.internal.JansiLoader in an unnamed module (file:/C:/Users/jbarre/.m2/wrapper/dists/apache-maven-3.9.9-bin/33b4b2b4/apache-maven-3.9.9/lib/jansi-2.4.1.jar)
2026.09.22 01:21:55 ERROR WARNING: Use --enable-native-access=ALL-UNNAMED to avoid a warning for callers in this module
2026.09.22 01:21:55 ERROR WARNING: Restricted methods will be blocked in a future release unless native access is enabled
2026.09.22 01:21:55 ERROR 
2026.09.22 01:21:55 ERROR WARNING: A terminally deprecated method in sun.misc.Unsafe has been called
2026.09.22 01:21:55 ERROR WARNING: sun.misc.Unsafe::objectFieldOffset has been called by com.google.common.util.concurrent.AbstractFuture$UnsafeAtomicHelper (file:/C:/Users/jbarre/.m2/wrapper/dists/apache-maven-3.9.9-bin/33b4b2b4/apache-maven-3.9.9/lib/guava-33.2.1-jre.jar)
2026.09.22 01:21:55 ERROR WARNING: Please consider reporting this to the maintainers of class com.google.common.util.concurrent.AbstractFuture$UnsafeAtomicHelper
2026.09.22 01:21:55 ERROR WARNING: sun.misc.Unsafe::objectFieldOffset will be removed in a future release
2026.09.22 01:21:59 INFO  [INFO] Scanning for projects...
2026.09.22 01:21:59 INFO  Downloading from central: https://repo.maven.apache.org/maven2/ch/epfl/scala/bloop-maven-plugin/2.0.5/bloop-maven-plugin-2.0.5.pom
2026.09.22 01:21:59 INFO  Progress (1): 1.1 kB
2026.09.22 01:21:59 INFO  Progress (1): 2.5 kB
2026.09.22 01:21:59 INFO  Progress (1): 5.6 kB
2026.09.22 01:21:59 INFO  Progress (1): 8.0 kB
2026.09.22 01:21:59 INFO                      
2026.09.22 01:21:59 INFO  Downloaded from central: https://repo.maven.apache.org/maven2/ch/epfl/scala/bloop-maven-plugin/2.0.5/bloop-maven-plugin-2.0.5.pom (8.0 kB at 21 kB/s)
2026.09.22 01:22:00 INFO  Downloading from central: https://repo.maven.apache.org/maven2/ch/epfl/scala/bloop-maven-plugin/2.0.5/bloop-maven-plugin-2.0.5.jar
2026.09.22 01:22:00 INFO  Progress (1): 1.4/53 kB
2026.09.22 01:22:00 INFO  Progress (1): 2.7/53 kB
2026.09.22 01:22:00 INFO  Progress (1): 4.1/53 kB
2026.09.22 01:22:00 INFO  Progress (1): 5.5/53 kB
2026.09.22 01:22:00 INFO  Progress (1): 6.8/53 kB
2026.09.22 01:22:00 INFO  Progress (1): 8.2/53 kB
2026.09.22 01:22:00 INFO  Progress (1): 9.6/53 kB
2026.09.22 01:22:00 INFO  Progress (1): 11/53 kB 
2026.09.22 01:22:00 INFO  Progress (1): 12/53 kB
2026.09.22 01:22:00 INFO  Progress (1): 14/53 kB
2026.09.22 01:22:00 INFO  Progress (1): 15/53 kB
2026.09.22 01:22:00 INFO  Progress (1): 16/53 kB
2026.09.22 01:22:00 INFO  Progress (1): 18/53 kB
2026.09.22 01:22:00 INFO  Progress (1): 19/53 kB
2026.09.22 01:22:00 INFO  Progress (1): 20/53 kB
2026.09.22 01:22:00 INFO  Progress (1): 22/53 kB
2026.09.22 01:22:00 INFO  Progress (1): 23/53 kB
2026.09.22 01:22:00 INFO  Progress (1): 25/53 kB
2026.09.22 01:22:00 INFO  Progress (1): 26/53 kB
2026.09.22 01:22:00 INFO  Progress (1): 27/53 kB
2026.09.22 01:22:00 INFO  Progress (1): 29/53 kB
2026.09.22 01:22:00 INFO  Progress (1): 30/53 kB
2026.09.22 01:22:00 INFO  Progress (1): 31/53 kB
2026.09.22 01:22:00 INFO  Progress (1): 33/53 kB
2026.09.22 01:22:00 INFO  Progress (1): 34/53 kB
2026.09.22 01:22:00 INFO  Progress (1): 36/53 kB
2026.09.22 01:22:00 INFO  Progress (1): 37/53 kB
2026.09.22 01:22:00 INFO  Progress (1): 38/53 kB
2026.09.22 01:22:00 INFO  Progress (1): 40/53 kB
2026.09.22 01:22:00 INFO  Progress (1): 41/53 kB
2026.09.22 01:22:00 INFO  Progress (1): 42/53 kB
2026.09.22 01:22:00 INFO  Progress (1): 44/53 kB
2026.09.22 01:22:00 INFO  Progress (1): 45/53 kB
2026.09.22 01:22:00 INFO  Progress (1): 46/53 kB
2026.09.22 01:22:00 INFO  Progress (1): 48/53 kB
2026.09.22 01:22:00 INFO  Progress (1): 49/53 kB
2026.09.22 01:22:00 INFO  Progress (1): 51/53 kB
2026.09.22 01:22:00 INFO  Progress (1): 53 kB   
2026.09.22 01:22:00 INFO                     
2026.09.22 01:22:00 INFO  Downloaded from central: https://repo.maven.apache.org/maven2/ch/epfl/scala/bloop-maven-plugin/2.0.5/bloop-maven-plugin-2.0.5.jar (53 kB at 147 kB/s)
2026.09.22 01:22:00 INFO  [INFO] 
2026.09.22 01:22:00 INFO  [INFO] ------------------< edu.uees:semana6-lab-diagnostico >------------------
2026.09.22 01:22:00 INFO  [INFO] Building semana6-lab-diagnostico 1.0.0
2026.09.22 01:22:00 INFO  [INFO]   from pom.xml
2026.09.22 01:22:00 INFO  [INFO] --------------------------------[ jar ]---------------------------------
2026.09.22 01:22:00 INFO  [INFO] 
2026.09.22 01:22:00 INFO  [INFO] --- bloop:2.0.5:bloopInstall (default-cli) @ semana6-lab-diagnostico ---
2026.09.22 01:22:00 INFO  Downloading from central: https://repo.maven.apache.org/maven2/org/scala-lang/scala-library/2.13.8/scala-library-2.13.8.pom
2026.09.22 01:22:00 INFO  Progress (1): 1.2 kB
2026.09.22 01:22:00 INFO  Progress (1): 1.6 kB
2026.09.22 01:22:00 INFO                      
2026.09.22 01:22:00 INFO  Downloaded from central: https://repo.maven.apache.org/maven2/org/scala-lang/scala-library/2.13.8/scala-library-2.13.8.pom (1.6 kB at 7.0 kB/s)
2026.09.22 01:22:01 INFO  Downloading from central: https://repo.maven.apache.org/maven2/ch/epfl/scala/bloop-config_2.13/2.3.3/bloop-config_2.13-2.3.3.pom
2026.09.22 01:22:01 INFO  Progress (1): 1.4 kB
2026.09.22 01:22:01 INFO  Progress (1): 2.3 kB
2026.09.22 01:22:01 INFO                      
2026.09.22 01:22:01 INFO  Downloaded from central: https://repo.maven.apache.org/maven2/ch/epfl/scala/bloop-config_2.13/2.3.3/bloop-config_2.13-2.3.3.pom (2.3 kB at 10 kB/s)
2026.09.22 01:22:01 INFO  Downloading from central: https://repo.maven.apache.org/maven2/com/github/plokhotnyuk/jsoniter-scala/jsoniter-scala-core_2.13/2.13.5.2/jsoniter-scala-core_2.13-2.13.5.2.pom
2026.09.22 01:22:01 INFO  Progress (1): 1.4 kB
2026.09.22 01:22:01 INFO  Progress (1): 2.4 kB
2026.09.22 01:22:01 INFO                      
2026.09.22 01:22:01 INFO  Downloaded from central: https://repo.maven.apache.org/maven2/com/github/plokhotnyuk/jsoniter-scala/jsoniter-scala-core_2.13/2.13.5.2/jsoniter-scala-core_2.13-2.13.5.2.pom (2.4 kB at 11 kB/s)
2026.09.22 01:22:01 INFO  Downloading from central: https://repo.maven.apache.org/maven2/com/lihaoyi/unroll-annotation_2.13/0.1.12/unroll-annotation_2.13-0.1.12.pom
2026.09.22 01:22:01 INFO  Progress (1): 1.3 kB
2026.09.22 01:22:01 INFO  Progress (1): 1.5 kB
2026.09.22 01:22:01 INFO                      
2026.09.22 01:22:01 INFO  Downloaded from central: https://repo.maven.apache.org/maven2/com/lihaoyi/unroll-annotation_2.13/0.1.12/unroll-annotation_2.13-0.1.12.pom (1.5 kB at 6.0 kB/s)
2026.09.22 01:22:01 INFO  Downloading from central: https://repo.maven.apache.org/maven2/org/scala-lang/scala-library/2.13.12/scala-library-2.13.12.pom
2026.09.22 01:22:01 INFO  Progress (1): 1.2 kB
2026.09.22 01:22:01 INFO  Progress (1): 1.6 kB
2026.09.22 01:22:02 INFO                      
2026.09.22 01:22:02 INFO  Downloaded from central: https://repo.maven.apache.org/maven2/org/scala-lang/scala-library/2.13.12/scala-library-2.13.12.pom (1.6 kB at 7.2 kB/s)
2026.09.22 01:22:02 INFO  Downloading from central: https://repo.maven.apache.org/maven2/org/scala-lang/scala-library/2.13.16/scala-library-2.13.16.pom
2026.09.22 01:22:02 INFO  Progress (1): 1.1 kB
2026.09.22 01:22:02 INFO  Progress (1): 1.6 kB
2026.09.22 01:22:02 INFO                      
2026.09.22 01:22:02 INFO  Downloaded from central: https://repo.maven.apache.org/maven2/org/scala-lang/scala-library/2.13.16/scala-library-2.13.16.pom (1.6 kB at 18 kB/s)
2026.09.22 01:22:02 INFO  Downloading from central: https://repo.maven.apache.org/maven2/net/alchim31/maven/scala-maven-plugin/4.8.0/scala-maven-plugin-4.8.0.pom
2026.09.22 01:22:02 WARN  no build target for: D:\personal joffre barre\UESS - INGENIERIA COMPUTACION\Diseño de Software\lab1-codigo-heredado\src\main\java\edu\uees\refactor\service\NotificadorEmail.java
2026.09.22 01:22:02 INFO  no build target found for D:\personal joffre barre\UESS - INGENIERIA COMPUTACION\Diseño de Software\lab1-codigo-heredado\src\main\java\edu\uees\refactor\service\NotificadorEmail.java. Using fallback presentation compiler.
2026.09.22 01:22:02 INFO  Progress (1): 995 B
2026.09.22 01:22:02 INFO  Progress (1): 3.5 kB
2026.09.22 01:22:02 INFO  Progress (1): 5.9 kB
2026.09.22 01:22:02 INFO  Progress (1): 11 kB 
2026.09.22 01:22:02 INFO  Progress (1): 14 kB
2026.09.22 01:22:02 INFO  Progress (1): 17 kB
2026.09.22 01:22:02 INFO  Progress (1): 21 kB
2026.09.22 01:22:02 INFO  Progress (1): 24 kB
2026.09.22 01:22:02 INFO  Progress (1): 26 kB
2026.09.22 01:22:02 INFO                     
2026.09.22 01:22:02 INFO  Downloaded from central: https://repo.maven.apache.org/maven2/net/alchim31/maven/scala-maven-plugin/4.8.0/scala-maven-plugin-4.8.0.pom (26 kB at 45 kB/s)
2026.09.22 01:22:02 INFO  Downloading from central: https://repo.maven.apache.org/maven2/org/apache/maven/shared/maven-dependency-tree/3.2.1/maven-dependency-tree-3.2.1.pom
2026.09.22 01:22:02 INFO  Progress (1): 786 B
2026.09.22 01:22:02 INFO  Progress (1): 2.2 kB
2026.09.22 01:22:02 INFO  Progress (1): 4.4 kB
2026.09.22 01:22:02 INFO  Progress (1): 6.2 kB
2026.09.22 01:22:03 INFO                      
2026.09.22 01:22:03 INFO  Downloaded from central: https://repo.maven.apache.org/maven2/org/apache/maven/shared/maven-dependency-tree/3.2.1/maven-dependency-tree-3.2.1.pom (6.2 kB at 26 kB/s)
2026.09.22 01:22:03 INFO  Downloading from central: https://repo.maven.apache.org/maven2/org/apache/maven/shared/maven-shared-components/37/maven-shared-components-37.pom
2026.09.22 01:22:03 INFO  Progress (1): 781 B
2026.09.22 01:22:03 INFO  Progress (1): 2.3 kB
2026.09.22 01:22:03 INFO  Progress (1): 4.5 kB
2026.09.22 01:22:03 INFO  Progress (1): 4.9 kB
2026.09.22 01:22:03 INFO                      
2026.09.22 01:22:03 INFO  Downloaded from central: https://repo.maven.apache.org/maven2/org/apache/maven/shared/maven-shared-components/37/maven-shared-components-37.pom (4.9 kB at 48 kB/s)
2026.09.22 01:22:03 INFO  Downloading from central: https://repo.maven.apache.org/maven2/org/apache/maven/maven-parent/37/maven-parent-37.pom
2026.09.22 01:22:03 INFO  Progress (1): 721 B
2026.09.22 01:22:03 INFO  Progress (1): 1.9 kB
2026.09.22 01:22:03 INFO  Progress (1): 5.4 kB
2026.09.22 01:22:03 INFO  Progress (1): 9.5 kB
2026.09.22 01:22:03 INFO  Progress (1): 14 kB 
2026.09.22 01:22:03 INFO  Progress (1): 19 kB
2026.09.22 01:22:03 INFO  Progress (1): 23 kB
2026.09.22 01:22:03 INFO  Progress (1): 25 kB
2026.09.22 01:22:03 INFO  Progress (1): 27 kB
2026.09.22 01:22:03 INFO  Progress (1): 28 kB
2026.09.22 01:22:03 INFO  Progress (1): 31 kB
2026.09.22 01:22:03 INFO  Progress (1): 35 kB
2026.09.22 01:22:03 INFO  Progress (1): 38 kB
2026.09.22 01:22:03 INFO  Progress (1): 41 kB
2026.09.22 01:22:03 INFO  Progress (1): 46 kB
2026.09.22 01:22:03 INFO                     
2026.09.22 01:22:03 INFO  Downloaded from central: https://repo.maven.apache.org/maven2/org/apache/maven/maven-parent/37/maven-parent-37.pom (46 kB at 359 kB/s)
2026.09.22 01:22:03 INFO  Downloading from central: https://repo.maven.apache.org/maven2/org/apache/apache/27/apache-27.pom
2026.09.22 01:22:03 INFO  Progress (1): 745 B
2026.09.22 01:22:03 INFO  Progress (1): 2.1 kB
2026.09.22 01:22:03 INFO  Progress (1): 3.9 kB
2026.09.22 01:22:03 INFO  Progress (1): 7.3 kB
2026.09.22 01:22:03 INFO  Progress (1): 12 kB 
2026.09.22 01:22:03 INFO  Progress (1): 16 kB
2026.09.22 01:22:03 INFO  Progress (1): 19 kB
2026.09.22 01:22:03 INFO  Progress (1): 19 kB
2026.09.22 01:22:03 INFO  Progress (1): 20 kB
2026.09.22 01:22:03 INFO                     
2026.09.22 01:22:03 INFO  Downloaded from central: https://repo.maven.apache.org/maven2/org/apache/apache/27/apache-27.pom (20 kB at 192 kB/s)
2026.09.22 01:22:03 INFO  Downloading from central: https://repo.maven.apache.org/maven2/org/apache/maven/reporting/maven-reporting-api/3.1.1/maven-reporting-api-3.1.1.pom
2026.09.22 01:22:03 INFO  Progress (1): 778 B
2026.09.22 01:22:03 INFO  Progress (1): 2.2 kB
2026.09.22 01:22:03 INFO  Progress (1): 3.8 kB
2026.09.22 01:22:04 INFO                      
2026.09.22 01:22:04 INFO  Downloaded from central: https://repo.maven.apache.org/maven2/org/apache/maven/reporting/maven-reporting-api/3.1.1/maven-reporting-api-3.1.1.pom (3.8 kB at 18 kB/s)
2026.09.22 01:22:04 INFO  Downloading from central: https://repo.maven.apache.org/maven2/org/apache/maven/doxia/doxia-sink-api/1.11.1/doxia-sink-api-1.11.1.pom
2026.09.22 01:22:04 INFO  Progress (1): 835 B
2026.09.22 01:22:04 INFO  Progress (1): 1.6 kB
2026.09.22 01:22:04 INFO                      
2026.09.22 01:22:04 INFO  Downloaded from central: https://repo.maven.apache.org/maven2/org/apache/maven/doxia/doxia-sink-api/1.11.1/doxia-sink-api-1.11.1.pom (1.6 kB at 15 kB/s)
2026.09.22 01:22:04 INFO  Downloading from central: https://repo.maven.apache.org/maven2/org/apache/maven/doxia/doxia/1.11.1/doxia-1.11.1.pom
2026.09.22 01:22:04 INFO  Progress (1): 755 B
2026.09.22 01:22:04 INFO  Progress (1): 2.2 kB
2026.09.22 01:22:04 INFO  Progress (1): 3.7 kB
2026.09.22 01:22:04 INFO  Progress (1): 8.9 kB
2026.09.22 01:22:04 INFO  Progress (1): 12 kB 
2026.09.22 01:22:04 INFO  Progress (1): 16 kB
2026.09.22 01:22:04 INFO  Progress (1): 18 kB
2026.09.22 01:22:04 INFO                     
2026.09.22 01:22:04 INFO  Downloaded from central: https://repo.maven.apache.org/maven2/org/apache/maven/doxia/doxia/1.11.1/doxia-1.11.1.pom (18 kB at 155 kB/s)
2026.09.22 01:22:04 INFO  Downloading from central: https://repo.maven.apache.org/maven2/org/apache/maven/doxia/doxia-logging-api/1.11.1/doxia-logging-api-1.11.1.pom
2026.09.22 01:22:04 INFO  Progress (1): 832 B
2026.09.22 01:22:04 INFO  Progress (1): 1.6 kB
2026.09.22 01:22:04 INFO                      
2026.09.22 01:22:04 INFO  Downloaded from central: https://repo.maven.apache.org/maven2/org/apache/maven/doxia/doxia-logging-api/1.11.1/doxia-logging-api-1.11.1.pom (1.6 kB at 14 kB/s)
2026.09.22 01:22:04 INFO  Downloading from central: https://repo.maven.apache.org/maven2/org/apache/maven/maven-archiver/3.6.0/maven-archiver-3.6.0.pom
2026.09.22 01:22:04 INFO  Progress (1): 796 B
2026.09.22 01:22:04 INFO  Progress (1): 2.2 kB
2026.09.22 01:22:04 INFO  Progress (1): 3.9 kB
2026.09.22 01:22:04 INFO                      
2026.09.22 01:22:04 INFO  Downloaded from central: https://repo.maven.apache.org/maven2/org/apache/maven/maven-archiver/3.6.0/maven-archiver-3.6.0.pom (3.9 kB at 34 kB/s)
2026.09.22 01:22:04 INFO  Downloading from central: https://repo.maven.apache.org/maven2/org/apache/maven/shared/maven-shared-components/36/maven-shared-components-36.pom
2026.09.22 01:22:04 INFO  Progress (1): 781 B
2026.09.22 01:22:04 INFO  Progress (1): 2.3 kB
2026.09.22 01:22:04 INFO  Progress (1): 4.5 kB
2026.09.22 01:22:04 INFO  Progress (1): 4.9 kB
2026.09.22 01:22:04 INFO                      
2026.09.22 01:22:04 INFO  Downloaded from central: https://repo.maven.apache.org/maven2/org/apache/maven/shared/maven-shared-components/36/maven-shared-components-36.pom (4.9 kB at 60 kB/s)
2026.09.22 01:22:04 INFO  Downloading from central: https://repo.maven.apache.org/maven2/org/codehaus/plexus/plexus-io/3.4.0/plexus-io-3.4.0.pom
2026.09.22 01:22:05 INFO  Progress (1): 1.2 kB
2026.09.22 01:22:05 INFO  Progress (1): 3.8 kB
2026.09.22 01:22:05 INFO  Progress (1): 6.0 kB
2026.09.22 01:22:05 INFO                      
2026.09.22 01:22:05 INFO  Downloaded from central: https://repo.maven.apache.org/maven2/org/codehaus/plexus/plexus-io/3.4.0/plexus-io-3.4.0.pom (6.0 kB at 66 kB/s)
2026.09.22 01:22:05 INFO  Downloading from central: https://repo.maven.apache.org/maven2/org/codehaus/plexus/plexus/10/plexus-10.pom
2026.09.22 01:22:05 INFO  Progress (1): 696 B
2026.09.22 01:22:05 INFO  Progress (1): 2.7 kB
2026.09.22 01:22:05 INFO  Progress (1): 6.4 kB
2026.09.22 01:22:05 INFO  Progress (1): 9.2 kB
2026.09.22 01:22:05 INFO  Progress (1): 11 kB 
2026.09.22 01:22:05 INFO  Progress (1): 16 kB
2026.09.22 01:22:05 INFO  Progress (1): 20 kB
2026.09.22 01:22:05 INFO  Progress (1): 24 kB
2026.09.22 01:22:05 INFO  Progress (1): 25 kB
2026.09.22 01:22:05 INFO                     
2026.09.22 01:22:05 INFO  Downloaded from central: https://repo.maven.apache.org/maven2/org/codehaus/plexus/plexus/10/plexus-10.pom (25 kB at 299 kB/s)
2026.09.22 01:22:05 INFO  Downloading from central: https://repo.maven.apache.org/maven2/org/codehaus/plexus/plexus-archiver/4.4.0/plexus-archiver-4.4.0.pom
2026.09.22 01:22:05 INFO  Progress (1): 1.2 kB
2026.09.22 01:22:05 INFO  Progress (1): 4.0 kB
2026.09.22 01:22:05 INFO  Progress (1): 6.2 kB
2026.09.22 01:22:05 INFO  Progress (1): 6.3 kB
2026.09.22 01:22:05 INFO                      
2026.09.22 01:22:05 INFO  Downloaded from central: https://repo.maven.apache.org/maven2/org/codehaus/plexus/plexus-archiver/4.4.0/plexus-archiver-4.4.0.pom (6.3 kB at 61 kB/s)
2026.09.22 01:22:05 INFO  Downloading from central: https://repo.maven.apache.org/maven2/org/apache/commons/commons-compress/1.21/commons-compress-1.21.pom
2026.09.22 01:22:05 INFO  Progress (1): 753 B
2026.09.22 01:22:05 INFO  Progress (1): 1.9 kB
2026.09.22 01:22:05 INFO  Progress (1): 3.5 kB
2026.09.22 01:22:05 INFO  Progress (1): 6.8 kB
2026.09.22 01:22:05 INFO  Progress (1): 9.1 kB
2026.09.22 01:22:05 INFO  Progress (1): 11 kB 
2026.09.22 01:22:05 INFO  Progress (1): 14 kB
2026.09.22 01:22:05 INFO  Progress (1): 18 kB
2026.09.22 01:22:05 INFO  Progress (1): 20 kB
2026.09.22 01:22:05 INFO                     
2026.09.22 01:22:05 INFO  Downloaded from central: https://repo.maven.apache.org/maven2/org/apache/commons/commons-compress/1.21/commons-compress-1.21.pom (20 kB at 256 kB/s)
2026.09.22 01:22:05 INFO  Downloading from central: https://repo.maven.apache.org/maven2/org/iq80/snappy/snappy/0.4/snappy-0.4.pom
2026.09.22 01:22:05 INFO  Progress (1): 1.2 kB
2026.09.22 01:22:05 INFO  Progress (1): 3.7 kB
2026.09.22 01:22:05 INFO  Progress (1): 8.5 kB
2026.09.22 01:22:05 INFO  Progress (1): 12 kB 
2026.09.22 01:22:05 INFO  Progress (1): 15 kB
2026.09.22 01:22:05 INFO                     
2026.09.22 01:22:05 INFO  Downloaded from central: https://repo.maven.apache.org/maven2/org/iq80/snappy/snappy/0.4/snappy-0.4.pom (15 kB at 106 kB/s)
2026.09.22 01:22:06 INFO  no build target found for D:\personal joffre barre\UESS - INGENIERIA COMPUTACION\Diseño de Software\lab1-codigo-heredado\src\main\java\edu\uees\refactor\service\ServicioReservas.java. Using fallback presentation compiler.
2026.09.22 01:22:06 INFO  Downloading from central: https://repo.maven.apache.org/maven2/org/codehaus/plexus/plexus-interpolation/1.26/plexus-interpolation-1.26.pom
2026.09.22 01:22:06 INFO  Progress (1): 1.4 kB
2026.09.22 01:22:06 INFO  Progress (1): 2.7 kB
2026.09.22 01:22:06 INFO                      
2026.09.22 01:22:06 INFO  Downloaded from central: https://repo.maven.apache.org/maven2/org/codehaus/plexus/plexus-interpolation/1.26/plexus-interpolation-1.26.pom (2.7 kB at 4.6 kB/s)
2026.09.22 01:22:07 WARN  no build target for: D:\personal joffre barre\UESS - INGENIERIA COMPUTACION\Diseño de Software\lab1-codigo-heredado\src\main\java\edu\uees\refactor\service\ServicioReservas.java
sept 22, 2026 1:22:07 A. M. org.eclipse.lsp4j.jsonrpc.RemoteEndpoint handleCancellation
ADVERTENCIA: Unmatched cancel notification for request id 24
2026.09.22 01:22:07 INFO  Downloading from central: https://repo.maven.apache.org/maven2/org/codehaus/plexus/plexus-utils/3.5.0/plexus-utils-3.5.0.pom
2026.09.22 01:22:07 INFO  Progress (1): 725 B
2026.09.22 01:22:07 INFO  Progress (1): 2.4 kB
2026.09.22 01:22:07 INFO  Progress (1): 4.5 kB
2026.09.22 01:22:07 INFO  Progress (1): 8.0 kB
2026.09.22 01:22:08 INFO  no build target found for D:\personal joffre barre\UESS - INGENIERIA COMPUTACION\Diseño de Software\lab1-codigo-heredado\src\main\java\edu\uees\refactor\service\ServicioReservas.java. Using fallback presentation compiler.
2026.09.22 01:22:07 INFO                      
2026.09.22 01:22:07 INFO  Downloaded from central: https://repo.maven.apache.org/maven2/org/codehaus/plexus/plexus-utils/3.5.0/plexus-utils-3.5.0.pom (8.0 kB at 19 kB/s)
2026.09.22 01:22:07 INFO  Downloading from central: https://repo.maven.apache.org/maven2/org/codehaus/plexus/plexus-archiver/4.6.0/plexus-archiver-4.6.0.pom
2026.09.22 01:22:07 INFO  Progress (1): 1.2 kB
2026.09.22 01:22:07 INFO  Progress (1): 4.1 kB
2026.09.22 01:22:07 INFO  Progress (1): 6.3 kB
2026.09.22 01:22:07 INFO  Progress (1): 6.5 kB
2026.09.22 01:22:07 INFO                      
2026.09.22 01:22:07 INFO  Downloaded from central: https://repo.maven.apache.org/maven2/org/codehaus/plexus/plexus-archiver/4.6.0/plexus-archiver-4.6.0.pom (6.5 kB at 17 kB/s)
2026.09.22 01:22:08 INFO  Downloading from central: https://repo.maven.apache.org/maven2/com/github/luben/zstd-jni/1.5.2-5/zstd-jni-1.5.2-5.pom
2026.09.22 01:22:08 INFO  Progress (1): 1.1 kB
2026.09.22 01:22:08 INFO  Progress (1): 1.9 kB
2026.09.22 01:22:08 INFO                      
2026.09.22 01:22:08 INFO  Downloaded from central: https://repo.maven.apache.org/maven2/com/github/luben/zstd-jni/1.5.2-5/zstd-jni-1.5.2-5.pom (1.9 kB at 5.9 kB/s)
2026.09.22 01:22:08 INFO  Downloading from central: https://repo.maven.apache.org/maven2/org/codehaus/plexus/plexus-classworlds/2.7.0/plexus-classworlds-2.7.0.pom
sept 22, 2026 1:22:09 A. M. org.eclipse.lsp4j.jsonrpc.RemoteEndpoint handleCancellation
ADVERTENCIA: Unmatched cancel notification for request id 26
2026.09.22 01:22:08 INFO  Progress (1): 915 B
2026.09.22 01:22:08 INFO  Progress (1): 2.5 kB
2026.09.22 01:22:08 INFO  Progress (1): 5.7 kB
2026.09.22 01:22:08 INFO  Progress (1): 7.6 kB
2026.09.22 01:22:09 INFO  no build target found for D:\personal joffre barre\UESS - INGENIERIA COMPUTACION\Diseño de Software\lab1-codigo-heredado\src\main\java\edu\uees\refactor\service\ServicioReservas.java. Using fallback presentation compiler.
2026.09.22 01:22:08 INFO                      
2026.09.22 01:22:08 INFO  Downloaded from central: https://repo.maven.apache.org/maven2/org/codehaus/plexus/plexus-classworlds/2.7.0/plexus-classworlds-2.7.0.pom (7.6 kB at 23 kB/s)
2026.09.22 01:22:08 INFO  Downloading from central: https://repo.maven.apache.org/maven2/org/scala-sbt/zinc_2.13/1.8.0/zinc_2.13-1.8.0.pom
2026.09.22 01:22:10 INFO  Progress (1): 1.3 kB
2026.09.22 01:22:10 INFO  Progress (1): 4.1 kB
2026.09.22 01:22:10 INFO                      
2026.09.22 01:22:10 INFO  Downloaded from central: https://repo.maven.apache.org/maven2/org/scala-sbt/zinc_2.13/1.8.0/zinc_2.13-1.8.0.pom (4.1 kB at 8.1 kB/s)
2026.09.22 01:22:10 INFO  Downloading from central: https://repo.maven.apache.org/maven2/org/scala-sbt/zinc-core_2.13/1.8.0/zinc-core_2.13-1.8.0.pom
sept 22, 2026 1:22:10 A. M. org.eclipse.lsp4j.jsonrpc.RemoteEndpoint handleCancellation
ADVERTENCIA: Unmatched cancel notification for request id 27
2026.09.22 01:22:10 INFO  no build target found for D:\personal joffre barre\UESS - INGENIERIA COMPUTACION\Diseño de Software\lab1-codigo-heredado\src\main\java\edu\uees\refactor\service\ServicioReservas.java. Using fallback presentation compiler.
2026.09.22 01:22:09 INFO  no build target found for D:\personal joffre barre\UESS - INGENIERIA COMPUTACION\Diseño de Software\lab1-codigo-heredado\src\main\java\edu\uees\refactor\service\ServicioReservas.java. Using fallback presentation compiler.
2026.09.22 01:22:10 INFO  Progress (1): 1.3 kB
2026.09.22 01:22:10 INFO  Progress (1): 5.3 kB
2026.09.22 01:22:10 INFO                      
2026.09.22 01:22:10 INFO  Downloaded from central: https://repo.maven.apache.org/maven2/org/scala-sbt/zinc-core_2.13/1.8.0/zinc-core_2.13-1.8.0.pom (5.3 kB at 17 kB/s)
2026.09.22 01:22:10 INFO  Downloading from central: https://repo.maven.apache.org/maven2/org/scala-sbt/zinc-compile-core_2.13/1.8.0/zinc-compile-core_2.13-1.8.0.pom
2026.09.22 01:22:10 INFO  Progress (1): 1.2 kB
2026.09.22 01:22:10 INFO  Progress (1): 5.5 kB
2026.09.22 01:22:10 INFO                      
2026.09.22 01:22:10 INFO  Downloaded from central: https://repo.maven.apache.org/maven2/org/scala-sbt/zinc-compile-core_2.13/1.8.0/zinc-compile-core_2.13-1.8.0.pom (5.5 kB at 20 kB/s)
2026.09.22 01:22:10 INFO  Downloading from central: https://repo.maven.apache.org/maven2/org/scala-sbt/compiler-interface/1.8.0/compiler-interface-1.8.0.pom
2026.09.22 01:22:11 INFO  Progress (1): 1.3 kB
2026.09.22 01:22:11 INFO  Progress (1): 3.0 kB
2026.09.22 01:22:11 INFO                      
2026.09.22 01:22:11 INFO  Downloaded from central: https://repo.maven.apache.org/maven2/org/scala-sbt/compiler-interface/1.8.0/compiler-interface-1.8.0.pom (3.0 kB at 4.3 kB/s)
2026.09.22 01:22:11 INFO  Downloading from central: https://repo.maven.apache.org/maven2/org/scala-sbt/util-interface/1.8.0/util-interface-1.8.0.pom
2026.09.22 01:22:11 INFO  Progress (1): 1.3 kB
2026.09.22 01:22:11 INFO  Progress (1): 2.6 kB
2026.09.22 01:22:11 INFO                      
2026.09.22 01:22:11 INFO  Downloaded from central: https://repo.maven.apache.org/maven2/org/scala-sbt/util-interface/1.8.0/util-interface-1.8.0.pom (2.6 kB at 10 kB/s)
2026.09.22 01:22:11 INFO  Downloading from central: https://repo.maven.apache.org/maven2/org/scala-sbt/zinc-classpath_2.13/1.8.0/zinc-classpath_2.13-1.8.0.pom
2026.09.22 01:22:11 INFO  Progress (1): 1.3 kB
2026.09.22 01:22:11 INFO  Progress (1): 3.9 kB
2026.09.22 01:22:11 INFO                      
2026.09.22 01:22:11 INFO  Downloaded from central: https://repo.maven.apache.org/maven2/org/scala-sbt/zinc-classpath_2.13/1.8.0/zinc-classpath_2.13-1.8.0.pom (3.9 kB at 14 kB/s)
2026.09.22 01:22:11 INFO  Downloading from central: https://repo.maven.apache.org/maven2/org/scala-lang/scala-compiler/2.13.8/scala-compiler-2.13.8.pom
2026.09.22 01:22:11 INFO  Progress (1): 1.2 kB
2026.09.22 01:22:11 INFO  Progress (1): 2.3 kB
2026.09.22 01:22:12 INFO                      
2026.09.22 01:22:12 INFO  Downloaded from central: https://repo.maven.apache.org/maven2/org/scala-lang/scala-compiler/2.13.8/scala-compiler-2.13.8.pom (2.3 kB at 9.2 kB/s)
2026.09.22 01:22:12 INFO  Downloading from central: https://repo.maven.apache.org/maven2/org/scala-lang/scala-reflect/2.13.8/scala-reflect-2.13.8.pom
2026.09.22 01:22:12 INFO  Progress (1): 1.2 kB
2026.09.22 01:22:12 INFO  Progress (1): 1.8 kB
2026.09.22 01:22:12 INFO                      
2026.09.22 01:22:12 INFO  Downloaded from central: https://repo.maven.apache.org/maven2/org/scala-lang/scala-reflect/2.13.8/scala-reflect-2.13.8.pom (1.8 kB at 19 kB/s)
2026.09.22 01:22:12 INFO  Downloading from central: https://repo.maven.apache.org/maven2/net/java/dev/jna/jna/5.9.0/jna-5.9.0.pom
2026.09.22 01:22:12 INFO  Progress (1): 1.4 kB
2026.09.22 01:22:12 INFO  Progress (1): 2.0 kB
2026.09.22 01:22:12 INFO                      
2026.09.22 01:22:12 INFO  Downloaded from central: https://repo.maven.apache.org/maven2/net/java/dev/jna/jna/5.9.0/jna-5.9.0.pom (2.0 kB at 7.2 kB/s)
2026.09.22 01:22:12 INFO  Downloading from central: https://repo.maven.apache.org/maven2/org/scala-sbt/io_2.13/1.8.0/io_2.13-1.8.0.pom
2026.09.22 01:22:12 INFO  Progress (1): 1.4 kB
2026.09.22 01:22:12 INFO  Progress (1): 3.3 kB
2026.09.22 01:22:12 INFO                      
2026.09.22 01:22:12 INFO  Downloaded from central: https://repo.maven.apache.org/maven2/org/scala-sbt/io_2.13/1.8.0/io_2.13-1.8.0.pom (3.3 kB at 13 kB/s)
2026.09.22 01:22:12 INFO  Downloading from central: https://repo.maven.apache.org/maven2/com/swoval/file-tree-views/2.1.9/file-tree-views-2.1.9.pom
2026.09.22 01:22:13 INFO  Progress (1): 1.4 kB
2026.09.22 01:22:13 INFO  Progress (1): 1.7 kB
2026.09.22 01:22:13 INFO                      
2026.09.22 01:22:13 INFO  Downloaded from central: https://repo.maven.apache.org/maven2/com/swoval/file-tree-views/2.1.9/file-tree-views-2.1.9.pom (1.7 kB at 6.5 kB/s)
2026.09.22 01:22:13 INFO  Downloading from central: https://repo.maven.apache.org/maven2/net/java/dev/jna/jna/5.12.0/jna-5.12.0.pom
2026.09.22 01:22:13 INFO  Progress (1): 1.4 kB
2026.09.22 01:22:13 INFO  Progress (1): 2.0 kB
2026.09.22 01:22:13 INFO                      
2026.09.22 01:22:13 INFO  Downloaded from central: https://repo.maven.apache.org/maven2/net/java/dev/jna/jna/5.12.0/jna-5.12.0.pom (2.0 kB at 6.5 kB/s)
2026.09.22 01:22:13 INFO  Downloading from central: https://repo.maven.apache.org/maven2/net/java/dev/jna/jna-platform/5.12.0/jna-platform-5.12.0.pom
2026.09.22 01:22:14 INFO  no build target found for D:\personal joffre barre\UESS - INGENIERIA COMPUTACION\Diseño de Software\lab1-codigo-heredado\src\main\java\edu\uees\refactor\service\ServicioReservas.java. Using fallback presentation compiler.
2026.09.22 01:22:13 INFO  Progress (1): 1.3 kB
2026.09.22 01:22:13 INFO  Progress (1): 2.3 kB
2026.09.22 01:22:13 INFO                      
2026.09.22 01:22:13 INFO  Downloaded from central: https://repo.maven.apache.org/maven2/net/java/dev/jna/jna-platform/5.12.0/jna-platform-5.12.0.pom (2.3 kB at 4.6 kB/s)
2026.09.22 01:22:13 INFO  Downloading from central: https://repo.maven.apache.org/maven2/org/scala-sbt/zinc-apiinfo_2.13/1.8.0/zinc-apiinfo_2.13-1.8.0.pom
2026.09.22 01:22:14 INFO  no build target found for D:\personal joffre barre\UESS - INGENIERIA COMPUTACION\Diseño de Software\lab1-codigo-heredado\src\main\java\edu\uees\refactor\service\ServicioReservas.java. Using fallback presentation compiler.
2026.09.22 01:22:14 INFO  Progress (1): 1.3 kB
2026.09.22 01:22:14 INFO  Progress (1): 3.8 kB
2026.09.22 01:22:14 INFO                      
2026.09.22 01:22:14 INFO  Downloaded from central: https://repo.maven.apache.org/maven2/org/scala-sbt/zinc-apiinfo_2.13/1.8.0/zinc-apiinfo_2.13-1.8.0.pom (3.8 kB at 15 kB/s)
2026.09.22 01:22:14 INFO  Downloading from central: https://repo.maven.apache.org/maven2/org/scala-sbt/compiler-bridge_2.13/1.8.0/compiler-bridge_2.13-1.8.0.pom
2026.09.22 01:22:14 INFO  Progress (1): 1.3 kB
2026.09.22 01:22:14 INFO  Progress (1): 2.8 kB
2026.09.22 01:22:14 INFO                      
2026.09.22 01:22:14 INFO  Downloaded from central: https://repo.maven.apache.org/maven2/org/scala-sbt/compiler-bridge_2.13/1.8.0/compiler-bridge_2.13-1.8.0.pom (2.8 kB at 8.6 kB/s)
2026.09.22 01:22:15 INFO  no build target found for D:\personal joffre barre\UESS - INGENIERIA COMPUTACION\Diseño de Software\lab1-codigo-heredado\src\main\java\edu\uees\refactor\service\ServicioReservas.java. Using fallback presentation compiler.
2026.09.22 01:22:14 INFO  Downloading from central: https://repo.maven.apache.org/maven2/org/scala-sbt/zinc-classfile_2.13/1.8.0/zinc-classfile_2.13-1.8.0.pom
2026.09.22 01:22:14 INFO  Progress (1): 1.3 kB
2026.09.22 01:22:14 INFO  Progress (1): 4.0 kB
2026.09.22 01:22:14 INFO                      
2026.09.22 01:22:14 INFO  Downloaded from central: https://repo.maven.apache.org/maven2/org/scala-sbt/zinc-classfile_2.13/1.8.0/zinc-classfile_2.13-1.8.0.pom (4.0 kB at 9.7 kB/s)
2026.09.22 01:22:15 INFO  no build target found for D:\personal joffre barre\UESS - INGENIERIA COMPUTACION\Diseño de Software\lab1-codigo-heredado\src\main\java\edu\uees\refactor\service\ServicioReservas.java. Using fallback presentation compiler.
2026.09.22 01:22:14 INFO  Downloading from central: https://repo.maven.apache.org/maven2/org/scala-sbt/util-logging_2.13/1.8.0/util-logging_2.13-1.8.0.pom
2026.09.22 01:22:16 INFO  Progress (1): 1.2 kB
2026.09.22 01:22:16 INFO  Progress (1): 5.6 kB
2026.09.22 01:22:16 INFO  Progress (1): 5.7 kB
2026.09.22 01:22:16 INFO                      
2026.09.22 01:22:16 INFO  Downloaded from central: https://repo.maven.apache.org/maven2/org/scala-sbt/util-logging_2.13/1.8.0/util-logging_2.13-1.8.0.pom (5.7 kB at 14 kB/s)
2026.09.22 01:22:15 INFO  no build target found for D:\personal joffre barre\UESS - INGENIERIA COMPUTACION\Diseño de Software\lab1-codigo-heredado\src\main\java\edu\uees\refactor\service\ServicioReservas.java. Using fallback presentation compiler.
2026.09.22 01:22:16 INFO  Downloading from central: https://repo.maven.apache.org/maven2/org/scala-sbt/collections_2.13/1.8.0/collections_2.13-1.8.0.pom
sept 22, 2026 1:22:16 A. M. org.eclipse.lsp4j.jsonrpc.RemoteEndpoint handleCancellation
ADVERTENCIA: Unmatched cancel notification for request id 40
2026.09.22 01:22:16 INFO  Progress (1): 1.3 kB
2026.09.22 01:22:16 INFO  Progress (1): 4.4 kB
2026.09.22 01:22:16 INFO  no build target found for D:\personal joffre barre\UESS - INGENIERIA COMPUTACION\Diseño de Software\lab1-codigo-heredado\src\main\java\edu\uees\refactor\service\ServicioReservas.java. Using fallback presentation compiler.
2026.09.22 01:22:16 INFO                      
2026.09.22 01:22:16 INFO  Downloaded from central: https://repo.maven.apache.org/maven2/org/scala-sbt/collections_2.13/1.8.0/collections_2.13-1.8.0.pom (4.4 kB at 10.0 kB/s)
2026.09.22 01:22:16 INFO  Downloading from central: https://repo.maven.apache.org/maven2/org/scala-sbt/util-position_2.13/1.8.0/util-position_2.13-1.8.0.pom
2026.09.22 01:22:16 INFO  Progress (1): 1.3 kB
2026.09.22 01:22:16 INFO  Progress (1): 3.2 kB
2026.09.22 01:22:17 INFO                      
2026.09.22 01:22:17 INFO  Downloaded from central: https://repo.maven.apache.org/maven2/org/scala-sbt/util-position_2.13/1.8.0/util-position_2.13-1.8.0.pom (3.2 kB at 7.9 kB/s)
2026.09.22 01:22:17 INFO  Downloading from central: https://repo.maven.apache.org/maven2/org/scala-lang/modules/scala-parallel-collections_2.13/0.2.0/scala-parallel-collections_2.13-0.2.0.pom
sept 22, 2026 1:22:17 A. M. org.eclipse.lsp4j.jsonrpc.RemoteEndpoint handleCancellation
ADVERTENCIA: Unmatched cancel notification for request id 41
2026.09.22 01:22:17 INFO  Progress (1): 1.4 kB
2026.09.22 01:22:17 INFO  Progress (1): 1.8 kB
2026.09.22 01:22:16 INFO  no build target found for D:\personal joffre barre\UESS - INGENIERIA COMPUTACION\Diseño de Software\lab1-codigo-heredado\src\main\java\edu\uees\refactor\service\ServicioReservas.java. Using fallback presentation compiler.
2026.09.22 01:22:17 INFO                      
2026.09.22 01:22:17 INFO  Downloaded from central: https://repo.maven.apache.org/maven2/org/scala-lang/modules/scala-parallel-collections_2.13/0.2.0/scala-parallel-collections_2.13-0.2.0.pom (1.8 kB at 6.2 kB/s)
2026.09.22 01:22:17 INFO  Downloading from central: https://repo.maven.apache.org/maven2/org/scala-lang/scala-library/2.13.0/scala-library-2.13.0.pom
sept 22, 2026 1:22:17 A. M. org.eclipse.lsp4j.jsonrpc.RemoteEndpoint handleCancellation
ADVERTENCIA: Unmatched cancel notification for request id 42
2026.09.22 01:22:17 INFO  Progress (1): 1.2 kB
2026.09.22 01:22:17 INFO  Progress (1): 1.6 kB
2026.09.22 01:22:17 INFO                      
2026.09.22 01:22:17 INFO  Downloaded from central: https://repo.maven.apache.org/maven2/org/scala-lang/scala-library/2.13.0/scala-library-2.13.0.pom (1.6 kB at 12 kB/s)
2026.09.22 01:22:17 INFO  Downloading from central: https://repo.maven.apache.org/maven2/org/scala-sbt/core-macros_2.13/1.8.0/core-macros_2.13-1.8.0.pom
2026.09.22 01:22:17 INFO  Progress (1): 1.3 kB
2026.09.22 01:22:17 INFO  Progress (1): 3.1 kB
2026.09.22 01:22:18 INFO                      
2026.09.22 01:22:18 INFO  Downloaded from central: https://repo.maven.apache.org/maven2/org/scala-sbt/core-macros_2.13/1.8.0/core-macros_2.13-1.8.0.pom (3.1 kB at 6.5 kB/s)
2026.09.22 01:22:18 INFO  Downloading from central: https://repo.maven.apache.org/maven2/org/jline/jline-terminal/3.19.0/jline-terminal-3.19.0.pom
2026.09.22 01:22:18 INFO  no build target found for D:\personal joffre barre\UESS - INGENIERIA COMPUTACION\Diseño de Software\lab1-codigo-heredado\src\main\java\edu\uees\refactor\service\ServicioReservas.java. Using fallback presentation compiler.
2026.09.22 01:22:18 INFO  Progress (1): 1.2 kB
2026.09.22 01:22:18 INFO  Progress (1): 1.3 kB
2026.09.22 01:22:18 INFO  no build target found for D:\personal joffre barre\UESS - INGENIERIA COMPUTACION\Diseño de Software\lab1-codigo-heredado\src\main\java\edu\uees\refactor\service\ServicioReservas.java. Using fallback presentation compiler.
2026.09.22 01:22:18 INFO                      
2026.09.22 01:22:18 INFO  Downloaded from central: https://repo.maven.apache.org/maven2/org/jline/jline-terminal/3.19.0/jline-terminal-3.19.0.pom (1.3 kB at 4.9 kB/s)
2026.09.22 01:22:18 INFO  Downloading from central: https://repo.maven.apache.org/maven2/org/jline/jline-parent/3.19.0/jline-parent-3.19.0.pom
2026.09.22 01:22:18 INFO  Progress (1): 930 B
2026.09.22 01:22:18 INFO  Progress (1): 2.9 kB
2026.09.22 01:22:18 INFO  Progress (1): 8.3 kB
2026.09.22 01:22:18 INFO  Progress (1): 13 kB 
2026.09.22 01:22:18 INFO  Progress (1): 16 kB
2026.09.22 01:22:18 INFO  Progress (1): 20 kB
2026.09.22 01:22:18 INFO  Progress (1): 24 kB
2026.09.22 01:22:18 INFO                     
2026.09.22 01:22:18 INFO  Downloaded from central: https://repo.maven.apache.org/maven2/org/jline/jline-parent/3.19.0/jline-parent-3.19.0.pom (24 kB at 84 kB/s)
2026.09.22 01:22:18 INFO  Downloading from central: https://repo.maven.apache.org/maven2/org/scala-lang/modules/scala-parser-combinators_2.13/1.1.2/scala-parser-combinators_2.13-1.1.2.pom
2026.09.22 01:22:18 INFO  no build target found for D:\personal joffre barre\UESS - INGENIERIA COMPUTACION\Diseño de Software\lab1-codigo-heredado\src\main\java\edu\uees\refactor\service\ServicioReservas.java. Using fallback presentation compiler.
2026.09.22 01:22:18 INFO  Progress (1): 1.4 kB
2026.09.22 01:22:18 INFO  Progress (1): 2.2 kB
2026.09.22 01:22:19 INFO                      
2026.09.22 01:22:19 INFO  Downloaded from central: https://repo.maven.apache.org/maven2/org/scala-lang/modules/scala-parser-combinators_2.13/1.1.2/scala-parser-combinators_2.13-1.1.2.pom (2.2 kB at 7.0 kB/s)
2026.09.22 01:22:19 INFO  Downloading from central: https://repo.maven.apache.org/maven2/net/openhft/zero-allocation-hashing/0.10.1/zero-allocation-hashing-0.10.1.pom
sept 22, 2026 1:22:19 A. M. org.eclipse.lsp4j.jsonrpc.RemoteEndpoint handleCancellation
ADVERTENCIA: Unmatched cancel notification for request id 49
2026.09.22 01:22:19 INFO  no build target found for D:\personal joffre barre\UESS - INGENIERIA COMPUTACION\Diseño de Software\lab1-codigo-heredado\src\main\java\edu\uees\refactor\service\ServicioReservas.java. Using fallback presentation compiler.
2026.09.22 01:22:19 INFO  Progress (1): 786 B
2026.09.22 01:22:19 INFO  Progress (1): 2.5 kB
2026.09.22 01:22:19 INFO  Progress (1): 6.3 kB
2026.09.22 01:22:19 INFO  Progress (1): 8.1 kB
2026.09.22 01:22:19 INFO                      
2026.09.22 01:22:19 INFO  Downloaded from central: https://repo.maven.apache.org/maven2/net/openhft/zero-allocation-hashing/0.10.1/zero-allocation-hashing-0.10.1.pom (8.1 kB at 13 kB/s)
2026.09.22 01:22:19 INFO  Downloading from central: https://repo.maven.apache.org/maven2/net/openhft/root-parent-pom/1.1.13/root-parent-pom-1.1.13.pom
2026.09.22 01:22:20 INFO  Progress (1): 788 B
2026.09.22 01:22:20 INFO  Progress (1): 3.4 kB
2026.09.22 01:22:20 INFO  Progress (1): 7.4 kB
2026.09.22 01:22:20 INFO  Progress (1): 9.8 kB
2026.09.22 01:22:20 INFO                      
2026.09.22 01:22:20 INFO  Downloaded from central: https://repo.maven.apache.org/maven2/net/openhft/root-parent-pom/1.1.13/root-parent-pom-1.1.13.pom (9.8 kB at 43 kB/s)
2026.09.22 01:22:20 INFO  Downloading from central: https://repo.maven.apache.org/maven2/org/scala-sbt/util-control_2.13/1.8.0/util-control_2.13-1.8.0.pom
2026.09.22 01:22:20 INFO  Progress (1): 1.3 kB
2026.09.22 01:22:20 INFO  Progress (1): 2.8 kB
2026.09.22 01:22:20 INFO                      
2026.09.22 01:22:20 INFO  Downloaded from central: https://repo.maven.apache.org/maven2/org/scala-sbt/util-control_2.13/1.8.0/util-control_2.13-1.8.0.pom (2.8 kB at 12 kB/s)
2026.09.22 01:22:20 INFO  Downloading from central: https://repo.maven.apache.org/maven2/org/scala-sbt/zinc-persist-core-assembly/1.8.0/zinc-persist-core-assembly-1.8.0.pom
2026.09.22 01:22:20 INFO  Progress (1): 1.3 kB
2026.09.22 01:22:20 INFO  Progress (1): 2.4 kB
2026.09.22 01:22:21 WARN  no build target for: D:\personal joffre barre\UESS - INGENIERIA COMPUTACION\Diseño de Software\lab1-codigo-heredado\src\main\java\edu\uees\refactor\service\ServicioReservas.java
2026.09.22 01:22:21 INFO  no build target found for D:\personal joffre barre\UESS - INGENIERIA COMPUTACION\Diseño de Software\lab1-codigo-heredado\src\main\java\edu\uees\refactor\service\ServicioReservas.java. Using fallback presentation compiler.
2026.09.22 01:22:20 INFO                      
2026.09.22 01:22:20 INFO  Downloaded from central: https://repo.maven.apache.org/maven2/org/scala-sbt/zinc-persist-core-assembly/1.8.0/zinc-persist-core-assembly-1.8.0.pom (2.4 kB at 5.2 kB/s)
2026.09.22 01:22:21 INFO  Downloading from central: https://repo.maven.apache.org/maven2/org/scala-sbt/util-relation_2.13/1.8.0/util-relation_2.13-1.8.0.pom
2026.09.22 01:22:21 WARN  Running javac-semanticdb failed for file:///D:/personal%20joffre%20barre/UESS%20-%20INGENIERIA%20COMPUTACION/Diseño%20de%20Software/lab1-codigo-heredado/src/main/java/edu/uees/refactor/service/ServicioReservas.java. Output:

2026.09.22 01:22:21 INFO  Progress (1): 1.3 kB
2026.09.22 01:22:21 INFO  Progress (1): 3.0 kB
2026.09.22 01:22:21 INFO                      
2026.09.22 01:22:21 INFO  Downloaded from central: https://repo.maven.apache.org/maven2/org/scala-sbt/util-relation_2.13/1.8.0/util-relation_2.13-1.8.0.pom (3.0 kB at 11 kB/s)
2026.09.22 01:22:21 INFO  Downloading from central: https://repo.maven.apache.org/maven2/org/scala-sbt/zinc-persist_2.13/1.8.0/zinc-persist_2.13-1.8.0.pom
2026.09.22 01:22:21 INFO  Progress (1): 1.3 kB
2026.09.22 01:22:21 INFO  Progress (1): 4.3 kB
2026.09.22 01:22:22 INFO                      
2026.09.22 01:22:22 INFO  Downloaded from central: https://repo.maven.apache.org/maven2/org/scala-sbt/zinc-persist_2.13/1.8.0/zinc-persist_2.13-1.8.0.pom (4.3 kB at 4.1 kB/s)
2026.09.22 01:22:22 INFO  Downloading from central: https://repo.maven.apache.org/maven2/org/scala-lang/scala-library/2.13.8/scala-library-2.13.8.jar
2026.09.22 01:22:22 INFO  Progress (1): 0/6.0 MB
2026.09.22 01:22:22 INFO  Progress (1): 0/6.0 MB
2026.09.22 01:22:22 INFO  Progress (1): 0/6.0 MB
2026.09.22 01:22:22 INFO  Progress (1): 0/6.0 MB
2026.09.22 01:22:22 INFO  Progress (1): 0.1/6.0 MB
2026.09.22 01:22:22 INFO  Progress (1): 0.1/6.0 MB
2026.09.22 01:22:22 INFO  Progress (1): 0.1/6.0 MB
2026.09.22 01:22:22 INFO  Progress (1): 0.1/6.0 MB
2026.09.22 01:22:22 INFO  Progress (1): 0.1/6.0 MB
2026.09.22 01:22:22 INFO  Progress (1): 0.1/6.0 MB
2026.09.22 01:22:22 INFO  Progress (1): 0.1/6.0 MB
2026.09.22 01:22:22 INFO  Progress (1): 0.2/6.0 MB
2026.09.22 01:22:22 INFO  Progress (1): 0.2/6.0 MB
2026.09.22 01:22:22 INFO  Progress (1): 0.2/6.0 MB
2026.09.22 01:22:22 INFO  Progress (1): 0.2/6.0 MB
2026.09.22 01:22:22 INFO  Progress (1): 0.2/6.0 MB
2026.09.22 01:22:22 INFO  Progress (1): 0.2/6.0 MB
2026.09.22 01:22:22 INFO  Progress (1): 0.3/6.0 MB
2026.09.22 01:22:22 INFO  Progress (1): 0.3/6.0 MB
2026.09.22 01:22:22 INFO  Progress (1): 0.3/6.0 MB
2026.09.22 01:22:22 INFO  Progress (1): 0.3/6.0 MB
2026.09.22 01:22:22 INFO  Progress (1): 0.3/6.0 MB
2026.09.22 01:22:22 INFO  Progress (1): 0.3/6.0 MB
2026.09.22 01:22:22 INFO  Progress (1): 0.4/6.0 MB
2026.09.22 01:22:22 INFO  Progress (1): 0.4/6.0 MB
2026.09.22 01:22:22 INFO  Progress (1): 0.4/6.0 MB
2026.09.22 01:22:22 INFO  Progress (1): 0.4/6.0 MB
2026.09.22 01:22:22 INFO  Progress (1): 0.4/6.0 MB
2026.09.22 01:22:22 INFO  Progress (1): 0.4/6.0 MB
2026.09.22 01:22:22 INFO  Progress (1): 0.5/6.0 MB
2026.09.22 01:22:22 INFO  Progress (1): 0.5/6.0 MB
2026.09.22 01:22:22 INFO  Progress (1): 0.5/6.0 MB
2026.09.22 01:22:22 INFO  Progress (1): 0.5/6.0 MB
2026.09.22 01:22:22 INFO  Progress (1): 0.5/6.0 MB
2026.09.22 01:22:22 INFO  Progress (1): 0.5/6.0 MB
2026.09.22 01:22:22 INFO  Progress (1): 0.6/6.0 MB
2026.09.22 01:22:22 INFO  Progress (1): 0.6/6.0 MB
2026.09.22 01:22:22 INFO  Progress (1): 0.6/6.0 MB
2026.09.22 01:22:22 INFO  Progress (1): 0.6/6.0 MB
2026.09.22 01:22:22 INFO  Progress (1): 0.6/6.0 MB
2026.09.22 01:22:22 INFO  Progress (1): 0.6/6.0 MB
2026.09.22 01:22:22 INFO  Progress (1): 0.7/6.0 MB
2026.09.22 01:22:22 INFO  Progress (1): 0.7/6.0 MB
2026.09.22 01:22:22 INFO  Progress (1): 0.7/6.0 MB
2026.09.22 01:22:22 INFO  Progress (1): 0.7/6.0 MB
2026.09.22 01:22:22 INFO  Progress (1): 0.7/6.0 MB
2026.09.22 01:22:22 INFO  Progress (1): 0.7/6.0 MB
2026.09.22 01:22:22 INFO  Progress (1): 0.8/6.0 MB
2026.09.22 01:22:22 INFO  Progress (1): 0.8/6.0 MB
2026.09.22 01:22:22 INFO  Progress (1): 0.8/6.0 MB
2026.09.22 01:22:22 INFO  Progress (1): 0.8/6.0 MB
2026.09.22 01:22:22 INFO  Progress (1): 0.8/6.0 MB
2026.09.22 01:22:22 INFO  Progress (1): 0.8/6.0 MB
2026.09.22 01:22:22 INFO  Progress (1): 0.9/6.0 MB
2026.09.22 01:22:22 INFO  Progress (1): 0.9/6.0 MB
2026.09.22 01:22:22 INFO  Progress (1): 0.9/6.0 MB
2026.09.22 01:22:22 INFO  Progress (1): 0.9/6.0 MB
2026.09.22 01:22:22 INFO  Progress (1): 0.9/6.0 MB
2026.09.22 01:22:22 INFO  Progress (1): 0.9/6.0 MB
2026.09.22 01:22:22 INFO  Progress (1): 1.0/6.0 MB
2026.09.22 01:22:22 INFO  Progress (1): 1.0/6.0 MB
2026.09.22 01:22:22 INFO  Progress (1): 1.0/6.0 MB
2026.09.22 01:22:22 INFO  Progress (1): 1.0/6.0 MB
2026.09.22 01:22:22 INFO  Progress (1): 1.0/6.0 MB
2026.09.22 01:22:22 INFO  Progress (1): 1.0/6.0 MB
2026.09.22 01:22:22 INFO  Progress (1): 1.0/6.0 MB
2026.09.22 01:22:22 INFO  Progress (1): 1.1/6.0 MB
2026.09.22 01:22:22 INFO  Progress (1): 1.1/6.0 MB
2026.09.22 01:22:22 INFO  Progress (1): 1.1/6.0 MB
2026.09.22 01:22:22 INFO  Progress (1): 1.1/6.0 MB
2026.09.22 01:22:22 INFO  Progress (1): 1.1/6.0 MB
2026.09.22 01:22:22 INFO  Progress (1): 1.1/6.0 MB
2026.09.22 01:22:22 INFO  Progress (1): 1.2/6.0 MB
2026.09.22 01:22:22 INFO  Progress (1): 1.2/6.0 MB
2026.09.22 01:22:22 INFO  Progress (1): 1.2/6.0 MB
2026.09.22 01:22:22 INFO  Progress (1): 1.2/6.0 MB
2026.09.22 01:22:22 INFO  Progress (1): 1.2/6.0 MB
2026.09.22 01:22:22 INFO  Progress (1): 1.2/6.0 MB
2026.09.22 01:22:22 INFO  Progress (1): 1.3/6.0 MB
2026.09.22 01:22:22 INFO  Progress (1): 1.3/6.0 MB
2026.09.22 01:22:22 INFO  Progress (1): 1.3/6.0 MB
2026.09.22 01:22:22 INFO  Progress (1): 1.3/6.0 MB
2026.09.22 01:22:22 INFO  Progress (1): 1.3/6.0 MB
2026.09.22 01:22:22 INFO  Progress (1): 1.3/6.0 MB
2026.09.22 01:22:22 INFO  Progress (1): 1.3/6.0 MB
2026.09.22 01:22:22 INFO  Progress (1): 1.4/6.0 MB
2026.09.22 01:22:22 INFO  Progress (1): 1.4/6.0 MB
2026.09.22 01:22:22 INFO  Progress (1): 1.4/6.0 MB
2026.09.22 01:22:22 INFO  Progress (1): 1.4/6.0 MB
2026.09.22 01:22:22 INFO  Progress (1): 1.4/6.0 MB
2026.09.22 01:22:22 INFO  Progress (1): 1.4/6.0 MB
2026.09.22 01:22:22 INFO  Progress (1): 1.5/6.0 MB
2026.09.22 01:22:22 INFO  Progress (1): 1.5/6.0 MB
2026.09.22 01:22:22 INFO  Progress (1): 1.5/6.0 MB
2026.09.22 01:22:22 INFO  Progress (1): 1.5/6.0 MB
2026.09.22 01:22:22 INFO  Progress (1): 1.5/6.0 MB
2026.09.22 01:22:22 INFO  Progress (1): 1.5/6.0 MB
2026.09.22 01:22:22 INFO  Progress (1): 1.6/6.0 MB
2026.09.22 01:22:22 INFO  Progress (1): 1.6/6.0 MB
2026.09.22 01:22:23 INFO  Progress (1): 1.6/6.0 MB
2026.09.22 01:22:23 INFO  Progress (1): 1.6/6.0 MB
2026.09.22 01:22:23 INFO  Progress (1): 1.6/6.0 MB
2026.09.22 01:22:23 INFO  Progress (1): 1.6/6.0 MB
2026.09.22 01:22:23 INFO  Progress (1): 1.7/6.0 MB
2026.09.22 01:22:23 INFO  Progress (1): 1.7/6.0 MB
2026.09.22 01:22:23 INFO  Progress (1): 1.7/6.0 MB
2026.09.22 01:22:23 INFO  Progress (1): 1.7/6.0 MB
2026.09.22 01:22:23 INFO  Progress (1): 1.7/6.0 MB
2026.09.22 01:22:23 INFO  Progress (1): 1.7/6.0 MB
2026.09.22 01:22:23 INFO  Progress (1): 1.8/6.0 MB
2026.09.22 01:22:23 INFO  Progress (1): 1.8/6.0 MB
2026.09.22 01:22:23 INFO  Progress (1): 1.8/6.0 MB
2026.09.22 01:22:23 INFO  Progress (1): 1.8/6.0 MB
2026.09.22 01:22:23 INFO  Progress (1): 1.8/6.0 MB
2026.09.22 01:22:23 INFO  Progress (1): 1.8/6.0 MB
2026.09.22 01:22:23 INFO  Progress (1): 1.9/6.0 MB
2026.09.22 01:22:23 INFO  Progress (1): 1.9/6.0 MB
2026.09.22 01:22:23 INFO  Progress (1): 1.9/6.0 MB
2026.09.22 01:22:23 INFO  Progress (1): 1.9/6.0 MB
2026.09.22 01:22:23 INFO  Progress (1): 1.9/6.0 MB
2026.09.22 01:22:23 INFO  Progress (1): 1.9/6.0 MB
2026.09.22 01:22:23 INFO  Progress (1): 1.9/6.0 MB
2026.09.22 01:22:23 INFO  Progress (1): 2.0/6.0 MB
2026.09.22 01:22:23 INFO  Progress (1): 2.0/6.0 MB
2026.09.22 01:22:23 INFO  Progress (1): 2.0/6.0 MB
2026.09.22 01:22:23 INFO  Progress (1): 2.0/6.0 MB
2026.09.22 01:22:23 INFO  Progress (1): 2.0/6.0 MB
2026.09.22 01:22:23 INFO  Progress (1): 2.0/6.0 MB
2026.09.22 01:22:23 INFO  Progress (1): 2.1/6.0 MB
2026.09.22 01:22:23 INFO  Progress (1): 2.1/6.0 MB
2026.09.22 01:22:23 INFO  Progress (1): 2.1/6.0 MB
2026.09.22 01:22:23 INFO  Progress (1): 2.1/6.0 MB
2026.09.22 01:22:23 INFO  Progress (1): 2.1/6.0 MB
2026.09.22 01:22:23 INFO  Progress (1): 2.1/6.0 MB
2026.09.22 01:22:23 INFO  Progress (1): 2.2/6.0 MB
2026.09.22 01:22:23 INFO  Progress (1): 2.2/6.0 MB
2026.09.22 01:22:23 INFO  Progress (1): 2.2/6.0 MB
2026.09.22 01:22:23 INFO  Progress (1): 2.2/6.0 MB
2026.09.22 01:22:23 INFO  Progress (1): 2.2/6.0 MB
2026.09.22 01:22:23 INFO  Progress (1): 2.2/6.0 MB
2026.09.22 01:22:23 INFO  Progress (1): 2.3/6.0 MB
2026.09.22 01:22:23 INFO  Progress (1): 2.3/6.0 MB
2026.09.22 01:22:23 INFO  Progress (1): 2.3/6.0 MB
2026.09.22 01:22:23 INFO  Progress (1): 2.3/6.0 MB
2026.09.22 01:22:23 INFO  Progress (1): 2.3/6.0 MB
2026.09.22 01:22:23 INFO  Progress (1): 2.3/6.0 MB
2026.09.22 01:22:23 INFO  Progress (1): 2.4/6.0 MB
2026.09.22 01:22:23 INFO  Progress (1): 2.4/6.0 MB
2026.09.22 01:22:23 INFO  Progress (1): 2.4/6.0 MB
2026.09.22 01:22:23 INFO  Progress (1): 2.4/6.0 MB
2026.09.22 01:22:23 INFO  Progress (1): 2.4/6.0 MB
2026.09.22 01:22:23 INFO  Progress (1): 2.4/6.0 MB
2026.09.22 01:22:23 INFO  Progress (1): 2.5/6.0 MB
2026.09.22 01:22:23 INFO  Progress (1): 2.5/6.0 MB
2026.09.22 01:22:23 INFO  Progress (1): 2.5/6.0 MB
2026.09.22 01:22:23 INFO  Progress (1): 2.5/6.0 MB
2026.09.22 01:22:23 INFO  Progress (1): 2.5/6.0 MB
2026.09.22 01:22:23 INFO  Progress (1): 2.5/6.0 MB
2026.09.22 01:22:23 INFO  Progress (1): 2.6/6.0 MB
2026.09.22 01:22:23 INFO  Progress (1): 2.6/6.0 MB
2026.09.22 01:22:23 INFO  Progress (1): 2.6/6.0 MB
2026.09.22 01:22:23 INFO  Progress (1): 2.6/6.0 MB
2026.09.22 01:22:23 INFO  Progress (1): 2.6/6.0 MB
2026.09.22 01:22:23 INFO  Progress (1): 2.6/6.0 MB
2026.09.22 01:22:23 INFO  Progress (1): 2.7/6.0 MB
2026.09.22 01:22:23 INFO  Progress (1): 2.7/6.0 MB
2026.09.22 01:22:23 INFO  Progress (1): 2.7/6.0 MB
2026.09.22 01:22:23 INFO  Progress (1): 2.7/6.0 MB
2026.09.22 01:22:23 INFO  Progress (1): 2.7/6.0 MB
2026.09.22 01:22:23 INFO  Progress (1): 2.7/6.0 MB
2026.09.22 01:22:23 INFO  Progress (1): 2.8/6.0 MB
2026.09.22 01:22:23 INFO  Progress (1): 2.8/6.0 MB
2026.09.22 01:22:23 INFO  Progress (1): 2.8/6.0 MB
2026.09.22 01:22:23 INFO  Progress (1): 2.8/6.0 MB
2026.09.22 01:22:23 INFO  Progress (1): 2.8/6.0 MB
2026.09.22 01:22:23 INFO  Progress (1): 2.8/6.0 MB
2026.09.22 01:22:23 INFO  Progress (1): 2.9/6.0 MB
2026.09.22 01:22:23 INFO  Progress (1): 2.9/6.0 MB
2026.09.22 01:22:23 INFO  Progress (1): 2.9/6.0 MB
2026.09.22 01:22:23 INFO  Progress (1): 2.9/6.0 MB
2026.09.22 01:22:23 INFO  Progress (1): 2.9/6.0 MB
2026.09.22 01:22:23 INFO  Progress (1): 2.9/6.0 MB
2026.09.22 01:22:23 INFO  Progress (1): 2.9/6.0 MB
2026.09.22 01:22:23 INFO  Progress (1): 3.0/6.0 MB
2026.09.22 01:22:23 INFO  Progress (1): 3.0/6.0 MB
2026.09.22 01:22:23 INFO  Progress (1): 3.0/6.0 MB
2026.09.22 01:22:23 INFO  Progress (1): 3.0/6.0 MB
2026.09.22 01:22:23 INFO  Progress (1): 3.0/6.0 MB
2026.09.22 01:22:23 INFO  Progress (1): 3.0/6.0 MB
2026.09.22 01:22:23 INFO  Progress (1): 3.1/6.0 MB
2026.09.22 01:22:23 INFO  Progress (1): 3.1/6.0 MB
2026.09.22 01:22:23 INFO  Progress (1): 3.1/6.0 MB
2026.09.22 01:22:23 INFO  Progress (1): 3.1/6.0 MB
2026.09.22 01:22:23 INFO  Progress (1): 3.1/6.0 MB
2026.09.22 01:22:23 INFO  Progress (1): 3.1/6.0 MB
2026.09.22 01:22:23 INFO  Progress (1): 3.2/6.0 MB
2026.09.22 01:22:23 INFO  Progress (1): 3.2/6.0 MB
2026.09.22 01:22:23 INFO  Progress (1): 3.2/6.0 MB
2026.09.22 01:22:23 INFO  Progress (1): 3.2/6.0 MB
2026.09.22 01:22:23 INFO  Progress (1): 3.2/6.0 MB
2026.09.22 01:22:23 INFO  Progress (1): 3.2/6.0 MB
2026.09.22 01:22:23 INFO  Progress (1): 3.3/6.0 MB
2026.09.22 01:22:23 INFO  Progress (1): 3.3/6.0 MB
2026.09.22 01:22:23 INFO  Progress (1): 3.3/6.0 MB
2026.09.22 01:22:23 INFO  Progress (1): 3.3/6.0 MB
2026.09.22 01:22:23 INFO  Progress (1): 3.3/6.0 MB
2026.09.22 01:22:23 INFO  Progress (1): 3.3/6.0 MB
2026.09.22 01:22:23 INFO  Progress (1): 3.4/6.0 MB
2026.09.22 01:22:23 INFO  Progress (1): 3.4/6.0 MB
2026.09.22 01:22:23 INFO  Progress (1): 3.4/6.0 MB
2026.09.22 01:22:23 INFO  Progress (1): 3.4/6.0 MB
2026.09.22 01:22:23 INFO  Progress (1): 3.4/6.0 MB
2026.09.22 01:22:23 INFO  Progress (1): 3.4/6.0 MB
2026.09.22 01:22:23 INFO  Progress (1): 3.5/6.0 MB
2026.09.22 01:22:23 INFO  Progress (1): 3.5/6.0 MB
2026.09.22 01:22:23 INFO  Progress (1): 3.5/6.0 MB
2026.09.22 01:22:23 INFO  Progress (1): 3.5/6.0 MB
2026.09.22 01:22:23 INFO  Progress (1): 3.5/6.0 MB
2026.09.22 01:22:23 INFO  Progress (1): 3.5/6.0 MB
2026.09.22 01:22:23 INFO  Progress (1): 3.6/6.0 MB
2026.09.22 01:22:23 INFO  Progress (1): 3.6/6.0 MB
2026.09.22 01:22:23 INFO  Progress (1): 3.6/6.0 MB
2026.09.22 01:22:23 INFO  Progress (1): 3.6/6.0 MB
2026.09.22 01:22:23 INFO  Progress (1): 3.6/6.0 MB
2026.09.22 01:22:23 INFO  Progress (1): 3.6/6.0 MB
2026.09.22 01:22:23 INFO  Progress (1): 3.7/6.0 MB
2026.09.22 01:22:23 INFO  Progress (1): 3.7/6.0 MB
2026.09.22 01:22:23 INFO  Progress (1): 3.7/6.0 MB
2026.09.22 01:22:23 INFO  Progress (1): 3.7/6.0 MB
2026.09.22 01:22:23 INFO  Progress (1): 3.7/6.0 MB
2026.09.22 01:22:23 INFO  Progress (1): 3.7/6.0 MB
2026.09.22 01:22:23 INFO  Progress (1): 3.8/6.0 MB
2026.09.22 01:22:23 INFO  Progress (1): 3.8/6.0 MB
2026.09.22 01:22:23 INFO  Progress (1): 3.8/6.0 MB
2026.09.22 01:22:23 INFO  Progress (1): 3.8/6.0 MB
2026.09.22 01:22:23 INFO  Progress (1): 3.8/6.0 MB
2026.09.22 01:22:23 INFO  Progress (1): 3.8/6.0 MB
2026.09.22 01:22:23 INFO  Progress (1): 3.9/6.0 MB
2026.09.22 01:22:23 INFO  Progress (1): 3.9/6.0 MB
2026.09.22 01:22:23 INFO  Progress (1): 3.9/6.0 MB
2026.09.22 01:22:23 INFO  Progress (1): 3.9/6.0 MB
2026.09.22 01:22:23 INFO  Progress (1): 3.9/6.0 MB
2026.09.22 01:22:23 INFO  Progress (1): 3.9/6.0 MB
2026.09.22 01:22:23 INFO  Progress (1): 3.9/6.0 MB
2026.09.22 01:22:23 INFO  Progress (1): 4.0/6.0 MB
2026.09.22 01:22:23 INFO  Progress (1): 4.0/6.0 MB
2026.09.22 01:22:23 INFO  Progress (1): 4.0/6.0 MB
2026.09.22 01:22:23 INFO  Progress (1): 4.0/6.0 MB
2026.09.22 01:22:23 INFO  Progress (1): 4.0/6.0 MB
2026.09.22 01:22:23 INFO  Progress (1): 4.0/6.0 MB
2026.09.22 01:22:23 INFO  Progress (1): 4.1/6.0 MB
2026.09.22 01:22:23 INFO  Progress (1): 4.1/6.0 MB
2026.09.22 01:22:23 INFO  Progress (1): 4.1/6.0 MB
2026.09.22 01:22:23 INFO  Progress (1): 4.1/6.0 MB
2026.09.22 01:22:23 INFO  Progress (1): 4.1/6.0 MB
2026.09.22 01:22:23 INFO  Progress (1): 4.1/6.0 MB
2026.09.22 01:22:23 INFO  Progress (1): 4.2/6.0 MB
2026.09.22 01:22:23 INFO  Progress (1): 4.2/6.0 MB
2026.09.22 01:22:23 INFO  Progress (1): 4.2/6.0 MB
2026.09.22 01:22:23 INFO  Progress (1): 4.2/6.0 MB
2026.09.22 01:22:23 INFO  Progress (1): 4.2/6.0 MB
2026.09.22 01:22:23 INFO  Progress (1): 4.2/6.0 MB
2026.09.22 01:22:23 INFO  Progress (1): 4.3/6.0 MB
2026.09.22 01:22:23 INFO  Progress (1): 4.3/6.0 MB
2026.09.22 01:22:23 INFO  Progress (1): 4.3/6.0 MB
2026.09.22 01:22:23 INFO  Progress (1): 4.3/6.0 MB
2026.09.22 01:22:23 INFO  Progress (1): 4.3/6.0 MB
2026.09.22 01:22:23 INFO  Progress (1): 4.3/6.0 MB
2026.09.22 01:22:23 INFO  Progress (1): 4.4/6.0 MB
2026.09.22 01:22:23 INFO  Progress (1): 4.4/6.0 MB
2026.09.22 01:22:23 INFO  Progress (1): 4.4/6.0 MB
2026.09.22 01:22:23 INFO  Progress (1): 4.4/6.0 MB
2026.09.22 01:22:23 INFO  Progress (1): 4.4/6.0 MB
2026.09.22 01:22:23 INFO  Progress (1): 4.4/6.0 MB
2026.09.22 01:22:23 INFO  Progress (1): 4.5/6.0 MB
2026.09.22 01:22:23 INFO  Progress (1): 4.5/6.0 MB
2026.09.22 01:22:23 INFO  Progress (1): 4.5/6.0 MB
2026.09.22 01:22:23 INFO  Progress (1): 4.5/6.0 MB
2026.09.22 01:22:23 INFO  Progress (1): 4.5/6.0 MB
2026.09.22 01:22:23 INFO  Progress (1): 4.5/6.0 MB
2026.09.22 01:22:23 INFO  Progress (1): 4.6/6.0 MB
2026.09.22 01:22:23 INFO  Progress (1): 4.6/6.0 MB
2026.09.22 01:22:23 INFO  Progress (1): 4.6/6.0 MB
2026.09.22 01:22:23 INFO  Progress (1): 4.6/6.0 MB
2026.09.22 01:22:23 INFO  Progress (1): 4.6/6.0 MB
2026.09.22 01:22:23 INFO  Progress (1): 4.6/6.0 MB
2026.09.22 01:22:23 INFO  Progress (1): 4.7/6.0 MB
2026.09.22 01:22:23 INFO  Progress (1): 4.7/6.0 MB
2026.09.22 01:22:23 INFO  Progress (1): 4.7/6.0 MB
2026.09.22 01:22:23 INFO  Progress (1): 4.7/6.0 MB
2026.09.22 01:22:23 INFO  Progress (1): 4.7/6.0 MB
2026.09.22 01:22:23 INFO  Progress (1): 4.7/6.0 MB
2026.09.22 01:22:23 INFO  Progress (1): 4.8/6.0 MB
2026.09.22 01:22:23 INFO  Progress (1): 4.8/6.0 MB
2026.09.22 01:22:23 INFO  Progress (1): 4.8/6.0 MB
2026.09.22 01:22:23 INFO  Progress (1): 4.8/6.0 MB
2026.09.22 01:22:23 INFO  Progress (1): 4.8/6.0 MB
2026.09.22 01:22:23 INFO  Progress (1): 4.8/6.0 MB
2026.09.22 01:22:23 INFO  Progress (1): 4.8/6.0 MB
2026.09.22 01:22:23 INFO  Progress (1): 4.9/6.0 MB
2026.09.22 01:22:23 INFO  Progress (1): 4.9/6.0 MB
2026.09.22 01:22:23 INFO  Progress (1): 4.9/6.0 MB
2026.09.22 01:22:23 INFO  Progress (1): 4.9/6.0 MB
2026.09.22 01:22:23 INFO  Progress (1): 4.9/6.0 MB
2026.09.22 01:22:23 INFO  Progress (1): 4.9/6.0 MB
2026.09.22 01:22:23 INFO  Progress (1): 5.0/6.0 MB
2026.09.22 01:22:23 INFO  Progress (1): 5.0/6.0 MB
2026.09.22 01:22:23 INFO  Progress (1): 5.0/6.0 MB
2026.09.22 01:22:23 INFO  Progress (1): 5.0/6.0 MB
2026.09.22 01:22:23 INFO  Progress (1): 5.0/6.0 MB
2026.09.22 01:22:23 INFO  Progress (1): 5.0/6.0 MB
2026.09.22 01:22:23 INFO  Progress (1): 5.1/6.0 MB
2026.09.22 01:22:23 INFO  Progress (1): 5.1/6.0 MB
2026.09.22 01:22:23 INFO  Progress (1): 5.1/6.0 MB
2026.09.22 01:22:23 INFO  Progress (1): 5.1/6.0 MB
2026.09.22 01:22:23 INFO  Progress (1): 5.1/6.0 MB
2026.09.22 01:22:23 INFO  Progress (1): 5.1/6.0 MB
2026.09.22 01:22:23 INFO  Progress (1): 5.2/6.0 MB
2026.09.22 01:22:23 INFO  Progress (1): 5.2/6.0 MB
2026.09.22 01:22:23 INFO  Progress (1): 5.2/6.0 MB
2026.09.22 01:22:23 INFO  Progress (1): 5.2/6.0 MB
2026.09.22 01:22:23 INFO  Progress (1): 5.2/6.0 MB
2026.09.22 01:22:23 INFO  Progress (1): 5.2/6.0 MB
2026.09.22 01:22:23 INFO  Progress (1): 5.3/6.0 MB
2026.09.22 01:22:23 INFO  Progress (1): 5.3/6.0 MB
2026.09.22 01:22:23 INFO  Progress (1): 5.3/6.0 MB
2026.09.22 01:22:23 INFO  Progress (1): 5.3/6.0 MB
2026.09.22 01:22:23 INFO  Progress (1): 5.3/6.0 MB
2026.09.22 01:22:23 INFO  Progress (1): 5.3/6.0 MB
2026.09.22 01:22:23 INFO  Progress (1): 5.3/6.0 MB
2026.09.22 01:22:23 INFO  Progress (1): 5.4/6.0 MB
2026.09.22 01:22:23 INFO  Progress (1): 5.4/6.0 MB
2026.09.22 01:22:23 INFO  Progress (1): 5.4/6.0 MB
2026.09.22 01:22:23 INFO  Progress (1): 5.4/6.0 MB
2026.09.22 01:22:23 INFO  Progress (1): 5.4/6.0 MB
2026.09.22 01:22:23 INFO  Progress (1): 5.4/6.0 MB
2026.09.22 01:22:23 INFO  Progress (1): 5.5/6.0 MB
2026.09.22 01:22:23 INFO  Progress (1): 5.5/6.0 MB
2026.09.22 01:22:23 INFO  Progress (1): 5.5/6.0 MB
2026.09.22 01:22:23 INFO  Progress (1): 5.5/6.0 MB
2026.09.22 01:22:23 INFO  Progress (1): 5.5/6.0 MB
2026.09.22 01:22:23 INFO  Progress (1): 5.5/6.0 MB
2026.09.22 01:22:23 INFO  Progress (1): 5.6/6.0 MB
2026.09.22 01:22:23 INFO  Progress (1): 5.6/6.0 MB
2026.09.22 01:22:23 INFO  Progress (1): 5.6/6.0 MB
2026.09.22 01:22:23 INFO  Progress (1): 5.6/6.0 MB
2026.09.22 01:22:23 INFO  Progress (1): 5.6/6.0 MB
2026.09.22 01:22:23 INFO  Progress (1): 5.6/6.0 MB
2026.09.22 01:22:23 INFO  Progress (1): 5.7/6.0 MB
2026.09.22 01:22:23 INFO  Progress (1): 5.7/6.0 MB
2026.09.22 01:22:23 INFO  Progress (1): 5.7/6.0 MB
2026.09.22 01:22:23 INFO  Progress (1): 5.7/6.0 MB
2026.09.22 01:22:23 INFO  Progress (1): 5.7/6.0 MB
2026.09.22 01:22:23 INFO  Progress (1): 5.7/6.0 MB
2026.09.22 01:22:23 INFO  Progress (1): 5.8/6.0 MB
2026.09.22 01:22:23 INFO  Progress (1): 5.8/6.0 MB
2026.09.22 01:22:23 INFO  Progress (1): 5.8/6.0 MB
2026.09.22 01:22:23 INFO  Progress (1): 5.8/6.0 MB
2026.09.22 01:22:23 INFO  Progress (1): 5.8/6.0 MB
2026.09.22 01:22:23 INFO  Progress (1): 5.8/6.0 MB
2026.09.22 01:22:23 INFO  Progress (1): 5.8/6.0 MB
2026.09.22 01:22:23 INFO  Progress (1): 5.9/6.0 MB
2026.09.22 01:22:23 INFO  Progress (1): 5.9/6.0 MB
2026.09.22 01:22:23 INFO  Progress (1): 5.9/6.0 MB
2026.09.22 01:22:23 INFO  Progress (1): 5.9/6.0 MB
2026.09.22 01:22:23 INFO  Progress (1): 5.9/6.0 MB
2026.09.22 01:22:23 INFO  Progress (1): 5.9/6.0 MB
2026.09.22 01:22:23 INFO  Progress (1): 6.0/6.0 MB
2026.09.22 01:22:23 INFO  Progress (1): 6.0/6.0 MB
2026.09.22 01:22:23 INFO  Progress (1): 6.0/6.0 MB
2026.09.22 01:22:23 INFO  Progress (1): 6.0 MB    
2026.09.22 01:22:23 INFO                      
2026.09.22 01:22:23 INFO  Downloaded from central: https://repo.maven.apache.org/maven2/org/scala-lang/scala-library/2.13.8/scala-library-2.13.8.jar (6.0 MB at 4.7 MB/s)
2026.09.22 01:22:23 INFO  Downloading from central: https://repo.maven.apache.org/maven2/ch/epfl/scala/bloop-config_2.13/2.3.3/bloop-config_2.13-2.3.3.jar
2026.09.22 01:22:23 INFO  Downloading from central: https://repo.maven.apache.org/maven2/com/lihaoyi/unroll-annotation_2.13/0.1.12/unroll-annotation_2.13-0.1.12.jar
2026.09.22 01:22:23 INFO  Downloading from central: https://repo.maven.apache.org/maven2/net/alchim31/maven/scala-maven-plugin/4.8.0/scala-maven-plugin-4.8.0.jar
2026.09.22 01:22:23 INFO  Downloading from central: https://repo.maven.apache.org/maven2/com/github/plokhotnyuk/jsoniter-scala/jsoniter-scala-core_2.13/2.13.5.2/jsoniter-scala-core_2.13-2.13.5.2.jar
2026.09.22 01:22:23 INFO  Downloading from central: https://repo.maven.apache.org/maven2/org/apache/maven/shared/maven-dependency-tree/3.2.1/maven-dependency-tree-3.2.1.jar
2026.09.22 01:22:23 INFO  Progress (1): 0.9/43 kB
2026.09.22 01:22:23 INFO  Progress (1): 2.3/43 kB
2026.09.22 01:22:23 INFO  Progress (1): 3.6/43 kB
2026.09.22 01:22:23 INFO  Progress (1): 5.0/43 kB
2026.09.22 01:22:23 INFO  Progress (1): 6.4/43 kB
2026.09.22 01:22:23 INFO  Progress (1): 7.7/43 kB
2026.09.22 01:22:23 INFO  Progress (1): 9.1/43 kB
2026.09.22 01:22:23 INFO  Progress (1): 10/43 kB 
2026.09.22 01:22:23 INFO  Progress (1): 11/43 kB
2026.09.22 01:22:23 INFO  Progress (1): 13/43 kB
2026.09.22 01:22:23 INFO  Progress (1): 14/43 kB
2026.09.22 01:22:23 INFO  Progress (1): 15/43 kB
2026.09.22 01:22:23 INFO  Progress (1): 17/43 kB
2026.09.22 01:22:23 INFO  Progress (1): 18/43 kB
2026.09.22 01:22:23 INFO  Progress (1): 20/43 kB
2026.09.22 01:22:23 INFO  Progress (1): 21/43 kB
2026.09.22 01:22:23 INFO  Progress (1): 22/43 kB
2026.09.22 01:22:23 INFO  Progress (1): 24/43 kB
2026.09.22 01:22:23 INFO  Progress (1): 25/43 kB
2026.09.22 01:22:23 INFO  Progress (1): 26/43 kB
2026.09.22 01:22:23 INFO  Progress (1): 28/43 kB
2026.09.22 01:22:23 INFO  Progress (1): 29/43 kB
2026.09.22 01:22:23 INFO  Progress (1): 30/43 kB
2026.09.22 01:22:23 INFO  Progress (1): 32/43 kB
2026.09.22 01:22:23 INFO  Progress (1): 33/43 kB
2026.09.22 01:22:23 INFO  Progress (1): 35/43 kB
2026.09.22 01:22:23 INFO  Progress (1): 36/43 kB
2026.09.22 01:22:23 INFO  Progress (1): 37/43 kB
2026.09.22 01:22:23 INFO  Progress (1): 39/43 kB
2026.09.22 01:22:23 INFO  Progress (1): 40/43 kB
2026.09.22 01:22:23 INFO  Progress (1): 41/43 kB
2026.09.22 01:22:23 INFO  Progress (1): 43 kB   
2026.09.22 01:22:24 INFO  Progress (2): 43 kB | 7.7/159 kB
2026.09.22 01:22:24 INFO  Progress (2): 43 kB | 16/159 kB 
2026.09.22 01:22:24 INFO  Progress (2): 43 kB | 32/159 kB
2026.09.22 01:22:24 INFO  Progress (2): 43 kB | 49/159 kB
2026.09.22 01:22:24 INFO  Progress (2): 43 kB | 65/159 kB
2026.09.22 01:22:24 INFO  Progress (2): 43 kB | 81/159 kB
2026.09.22 01:22:24 INFO  Progress (2): 43 kB | 98/159 kB
2026.09.22 01:22:24 INFO  Progress (2): 43 kB | 114/159 kB
2026.09.22 01:22:24 INFO  Progress (2): 43 kB | 131/159 kB
2026.09.22 01:22:24 INFO  Progress (2): 43 kB | 131/159 kB
2026.09.22 01:22:24 INFO  Progress (2): 43 kB | 147/159 kB
2026.09.22 01:22:24 INFO  Progress (2): 43 kB | 159 kB    
2026.09.22 01:22:24 INFO  Progress (3): 43 kB | 159 kB | 1.4/176 kB
2026.09.22 01:22:24 INFO  Progress (3): 43 kB | 159 kB | 2.7/176 kB
2026.09.22 01:22:24 INFO  Progress (3): 43 kB | 159 kB | 4.1/176 kB
2026.09.22 01:22:24 INFO  Progress (3): 43 kB | 159 kB | 5.5/176 kB
2026.09.22 01:22:24 INFO  Progress (3): 43 kB | 159 kB | 6.8/176 kB
2026.09.22 01:22:24 INFO  Progress (3): 43 kB | 159 kB | 8.2/176 kB
2026.09.22 01:22:24 INFO  Progress (3): 43 kB | 159 kB | 9.6/176 kB
2026.09.22 01:22:24 INFO  Progress (3): 43 kB | 159 kB | 11/176 kB 
2026.09.22 01:22:24 INFO  Progress (3): 43 kB | 159 kB | 12/176 kB
2026.09.22 01:22:24 INFO  Progress (3): 43 kB | 159 kB | 14/176 kB
2026.09.22 01:22:24 INFO  Progress (3): 43 kB | 159 kB | 15/176 kB
2026.09.22 01:22:24 INFO  Progress (3): 43 kB | 159 kB | 16/176 kB
2026.09.22 01:22:24 INFO  Progress (3): 43 kB | 159 kB | 18/176 kB
2026.09.22 01:22:24 INFO  Progress (3): 43 kB | 159 kB | 19/176 kB
2026.09.22 01:22:24 INFO  Progress (3): 43 kB | 159 kB | 20/176 kB
2026.09.22 01:22:24 INFO  Progress (3): 43 kB | 159 kB | 22/176 kB
2026.09.22 01:22:24 INFO  Progress (3): 43 kB | 159 kB | 23/176 kB
2026.09.22 01:22:24 INFO  Progress (3): 43 kB | 159 kB | 25/176 kB
2026.09.22 01:22:24 INFO  Progress (3): 43 kB | 159 kB | 26/176 kB
2026.09.22 01:22:24 INFO  Progress (3): 43 kB | 159 kB | 27/176 kB
2026.09.22 01:22:24 INFO  Progress (3): 43 kB | 159 kB | 29/176 kB
2026.09.22 01:22:24 INFO  Progress (3): 43 kB | 159 kB | 30/176 kB
2026.09.22 01:22:24 INFO  Progress (3): 43 kB | 159 kB | 31/176 kB
2026.09.22 01:22:24 INFO  Progress (3): 43 kB | 159 kB | 33/176 kB
2026.09.22 01:22:24 INFO  Progress (3): 43 kB | 159 kB | 34/176 kB
2026.09.22 01:22:24 INFO  Progress (3): 43 kB | 159 kB | 36/176 kB
2026.09.22 01:22:24 INFO  Progress (3): 43 kB | 159 kB | 37/176 kB
2026.09.22 01:22:24 INFO  Progress (3): 43 kB | 159 kB | 38/176 kB
2026.09.22 01:22:24 INFO  Progress (3): 43 kB | 159 kB | 40/176 kB
2026.09.22 01:22:24 INFO  Progress (3): 43 kB | 159 kB | 41/176 kB
2026.09.22 01:22:24 INFO  Progress (3): 43 kB | 159 kB | 42/176 kB
2026.09.22 01:22:24 INFO  Progress (3): 43 kB | 159 kB | 44/176 kB
2026.09.22 01:22:24 INFO  Progress (3): 43 kB | 159 kB | 45/176 kB
2026.09.22 01:22:24 INFO  Progress (3): 43 kB | 159 kB | 46/176 kB
2026.09.22 01:22:24 INFO  Progress (3): 43 kB | 159 kB | 48/176 kB
2026.09.22 01:22:24 INFO  Progress (3): 43 kB | 159 kB | 49/176 kB
2026.09.22 01:22:24 INFO  Progress (3): 43 kB | 159 kB | 51/176 kB
2026.09.22 01:22:24 INFO  Progress (3): 43 kB | 159 kB | 52/176 kB
2026.09.22 01:22:24 INFO  Progress (3): 43 kB | 159 kB | 53/176 kB
2026.09.22 01:22:24 INFO  Progress (3): 43 kB | 159 kB | 55/176 kB
2026.09.22 01:22:24 INFO  Progress (3): 43 kB | 159 kB | 59/176 kB
2026.09.22 01:22:24 INFO  Progress (3): 43 kB | 159 kB | 63/176 kB
2026.09.22 01:22:24 INFO  Progress (3): 43 kB | 159 kB | 66/176 kB
2026.09.22 01:22:24 INFO  Progress (3): 43 kB | 159 kB | 70/176 kB
2026.09.22 01:22:24 INFO  Progress (3): 43 kB | 159 kB | 74/176 kB
2026.09.22 01:22:24 INFO  Progress (3): 43 kB | 159 kB | 78/176 kB
2026.09.22 01:22:24 INFO  Progress (3): 43 kB | 159 kB | 82/176 kB
2026.09.22 01:22:24 INFO  Progress (3): 43 kB | 159 kB | 86/176 kB
2026.09.22 01:22:24 INFO  Progress (3): 43 kB | 159 kB | 90/176 kB
2026.09.22 01:22:24 INFO  Progress (3): 43 kB | 159 kB | 95/176 kB
2026.09.22 01:22:24 INFO  Progress (3): 43 kB | 159 kB | 98/176 kB
2026.09.22 01:22:24 INFO  Progress (3): 43 kB | 159 kB | 103/176 kB
2026.09.22 01:22:24 INFO  Progress (3): 43 kB | 159 kB | 107/176 kB
2026.09.22 01:22:24 INFO  Progress (3): 43 kB | 159 kB | 111/176 kB
2026.09.22 01:22:24 INFO  Progress (3): 43 kB | 159 kB | 115/176 kB
2026.09.22 01:22:24 INFO  Progress (4): 43 kB | 159 kB | 115/176 kB | 0.9/1.3 kB
2026.09.22 01:22:24 INFO  Progress (4): 43 kB | 159 kB | 115/176 kB | 1.3 kB    
2026.09.22 01:22:24 INFO  Progress (4): 43 kB | 159 kB | 119/176 kB | 1.3 kB
2026.09.22 01:22:24 INFO  Progress (4): 43 kB | 159 kB | 123/176 kB | 1.3 kB
2026.09.22 01:22:24 INFO  Progress (4): 43 kB | 159 kB | 127/176 kB | 1.3 kB
2026.09.22 01:22:24 INFO  Progress (4): 43 kB | 159 kB | 131/176 kB | 1.3 kB
2026.09.22 01:22:24 INFO  Progress (4): 43 kB | 159 kB | 135/176 kB | 1.3 kB
2026.09.22 01:22:24 INFO  Progress (4): 43 kB | 159 kB | 140/176 kB | 1.3 kB
2026.09.22 01:22:24 INFO  Progress (4): 43 kB | 159 kB | 144/176 kB | 1.3 kB
2026.09.22 01:22:24 INFO  Progress (4): 43 kB | 159 kB | 147/176 kB | 1.3 kB
2026.09.22 01:22:24 INFO  Progress (4): 43 kB | 159 kB | 152/176 kB | 1.3 kB
2026.09.22 01:22:24 INFO  Progress (4): 43 kB | 159 kB | 156/176 kB | 1.3 kB
2026.09.22 01:22:24 INFO  Progress (4): 43 kB | 159 kB | 160/176 kB | 1.3 kB
2026.09.22 01:22:24 INFO  Progress (4): 43 kB | 159 kB | 164/176 kB | 1.3 kB
2026.09.22 01:22:24 INFO  Progress (4): 43 kB | 159 kB | 168/176 kB | 1.3 kB
2026.09.22 01:22:24 INFO  Progress (4): 43 kB | 159 kB | 172/176 kB | 1.3 kB
2026.09.22 01:22:24 INFO  Progress (4): 43 kB | 159 kB | 176 kB | 1.3 kB    
2026.09.22 01:22:24 INFO  Progress (5): 43 kB | 159 kB | 176 kB | 1.3 kB | 0.9/288 kB
2026.09.22 01:22:24 INFO  Progress (5): 43 kB | 159 kB | 176 kB | 1.3 kB | 2.3/288 kB
2026.09.22 01:22:24 INFO  Progress (5): 43 kB | 159 kB | 176 kB | 1.3 kB | 3.6/288 kB
2026.09.22 01:22:24 INFO  Progress (5): 43 kB | 159 kB | 176 kB | 1.3 kB | 5.0/288 kB
2026.09.22 01:22:24 INFO  Progress (5): 43 kB | 159 kB | 176 kB | 1.3 kB | 6.4/288 kB
2026.09.22 01:22:24 INFO  Progress (5): 43 kB | 159 kB | 176 kB | 1.3 kB | 7.7/288 kB
2026.09.22 01:22:24 INFO  Progress (5): 43 kB | 159 kB | 176 kB | 1.3 kB | 9.1/288 kB
2026.09.22 01:22:24 INFO  Progress (5): 43 kB | 159 kB | 176 kB | 1.3 kB | 10/288 kB 
2026.09.22 01:22:24 INFO  Progress (5): 43 kB | 159 kB | 176 kB | 1.3 kB | 12/288 kB
2026.09.22 01:22:24 INFO  Progress (5): 43 kB | 159 kB | 176 kB | 1.3 kB | 13/288 kB
2026.09.22 01:22:24 INFO  Progress (5): 43 kB | 159 kB | 176 kB | 1.3 kB | 15/288 kB
2026.09.22 01:22:24 INFO  Progress (5): 43 kB | 159 kB | 176 kB | 1.3 kB | 16/288 kB
2026.09.22 01:22:24 INFO  Progress (5): 43 kB | 159 kB | 176 kB | 1.3 kB | 17/288 kB
2026.09.22 01:22:24 INFO  Progress (5): 43 kB | 159 kB | 176 kB | 1.3 kB | 19/288 kB
2026.09.22 01:22:24 INFO  Progress (5): 43 kB | 159 kB | 176 kB | 1.3 kB | 20/288 kB
2026.09.22 01:22:24 INFO  Progress (5): 43 kB | 159 kB | 176 kB | 1.3 kB | 21/288 kB
2026.09.22 01:22:24 INFO  Progress (5): 43 kB | 159 kB | 176 kB | 1.3 kB | 23/288 kB
2026.09.22 01:22:24 INFO  Progress (5): 43 kB | 159 kB | 176 kB | 1.3 kB | 24/288 kB
2026.09.22 01:22:24 INFO  Progress (5): 43 kB | 159 kB | 176 kB | 1.3 kB | 26/288 kB
2026.09.22 01:22:24 INFO  Progress (5): 43 kB | 159 kB | 176 kB | 1.3 kB | 27/288 kB
2026.09.22 01:22:24 INFO  Progress (5): 43 kB | 159 kB | 176 kB | 1.3 kB | 28/288 kB
2026.09.22 01:22:24 INFO  Progress (5): 43 kB | 159 kB | 176 kB | 1.3 kB | 29/288 kB
2026.09.22 01:22:24 INFO  Progress (5): 43 kB | 159 kB | 176 kB | 1.3 kB | 30/288 kB
2026.09.22 01:22:24 INFO  Progress (5): 43 kB | 159 kB | 176 kB | 1.3 kB | 32/288 kB
2026.09.22 01:22:24 INFO  Progress (5): 43 kB | 159 kB | 176 kB | 1.3 kB | 33/288 kB
2026.09.22 01:22:24 INFO  Progress (5): 43 kB | 159 kB | 176 kB | 1.3 kB | 35/288 kB
2026.09.22 01:22:24 INFO  Progress (5): 43 kB | 159 kB | 176 kB | 1.3 kB | 36/288 kB
2026.09.22 01:22:24 INFO  Progress (5): 43 kB | 159 kB | 176 kB | 1.3 kB | 37/288 kB
2026.09.22 01:22:24 INFO  Progress (5): 43 kB | 159 kB | 176 kB | 1.3 kB | 39/288 kB
2026.09.22 01:22:24 INFO  Progress (5): 43 kB | 159 kB | 176 kB | 1.3 kB | 40/288 kB
2026.09.22 01:22:24 INFO  Progress (5): 43 kB | 159 kB | 176 kB | 1.3 kB | 41/288 kB
2026.09.22 01:22:24 INFO  Progress (5): 43 kB | 159 kB | 176 kB | 1.3 kB | 43/288 kB
2026.09.22 01:22:24 INFO  Progress (5): 43 kB | 159 kB | 176 kB | 1.3 kB | 44/288 kB
2026.09.22 01:22:24 INFO  Progress (5): 43 kB | 159 kB | 176 kB | 1.3 kB | 46/288 kB
2026.09.22 01:22:24 INFO  Progress (5): 43 kB | 159 kB | 176 kB | 1.3 kB | 47/288 kB
2026.09.22 01:22:24 INFO  Progress (5): 43 kB | 159 kB | 176 kB | 1.3 kB | 48/288 kB
2026.09.22 01:22:24 INFO  Progress (5): 43 kB | 159 kB | 176 kB | 1.3 kB | 50/288 kB
2026.09.22 01:22:24 INFO  Progress (5): 43 kB | 159 kB | 176 kB | 1.3 kB | 51/288 kB
2026.09.22 01:22:24 INFO  Progress (5): 43 kB | 159 kB | 176 kB | 1.3 kB | 52/288 kB
2026.09.22 01:22:24 INFO  Progress (5): 43 kB | 159 kB | 176 kB | 1.3 kB | 54/288 kB
2026.09.22 01:22:24 INFO  Progress (5): 43 kB | 159 kB | 176 kB | 1.3 kB | 55/288 kB
2026.09.22 01:22:24 INFO  Progress (5): 43 kB | 159 kB | 176 kB | 1.3 kB | 59/288 kB
2026.09.22 01:22:24 INFO  Progress (5): 43 kB | 159 kB | 176 kB | 1.3 kB | 64/288 kB
2026.09.22 01:22:24 INFO  Progress (5): 43 kB | 159 kB | 176 kB | 1.3 kB | 68/288 kB
2026.09.22 01:22:24 INFO  Progress (5): 43 kB | 159 kB | 176 kB | 1.3 kB | 72/288 kB
2026.09.22 01:22:24 INFO  Progress (5): 43 kB | 159 kB | 176 kB | 1.3 kB | 76/288 kB
2026.09.22 01:22:24 INFO  Progress (5): 43 kB | 159 kB | 176 kB | 1.3 kB | 80/288 kB
2026.09.22 01:22:24 INFO  Progress (5): 43 kB | 159 kB | 176 kB | 1.3 kB | 85/288 kB
2026.09.22 01:22:24 INFO  Progress (5): 43 kB | 159 kB | 176 kB | 1.3 kB | 89/288 kB
2026.09.22 01:22:24 INFO  Progress (5): 43 kB | 159 kB | 176 kB | 1.3 kB | 93/288 kB
2026.09.22 01:22:24 INFO  Progress (5): 43 kB | 159 kB | 176 kB | 1.3 kB | 97/288 kB
2026.09.22 01:22:24 INFO  Progress (5): 43 kB | 159 kB | 176 kB | 1.3 kB | 102/288 kB
2026.09.22 01:22:24 INFO  Progress (5): 43 kB | 159 kB | 176 kB | 1.3 kB | 106/288 kB
2026.09.22 01:22:24 INFO  Progress (5): 43 kB | 159 kB | 176 kB | 1.3 kB | 110/288 kB
2026.09.22 01:22:24 INFO  Progress (5): 43 kB | 159 kB | 176 kB | 1.3 kB | 114/288 kB
2026.09.22 01:22:24 INFO  Progress (5): 43 kB | 159 kB | 176 kB | 1.3 kB | 119/288 kB
2026.09.22 01:22:24 INFO  Progress (5): 43 kB | 159 kB | 176 kB | 1.3 kB | 123/288 kB
2026.09.22 01:22:24 INFO  Progress (5): 43 kB | 159 kB | 176 kB | 1.3 kB | 127/288 kB
2026.09.22 01:22:24 INFO  Progress (5): 43 kB | 159 kB | 176 kB | 1.3 kB | 131/288 kB
2026.09.22 01:22:24 INFO  Progress (5): 43 kB | 159 kB | 176 kB | 1.3 kB | 135/288 kB
2026.09.22 01:22:24 INFO  Progress (5): 43 kB | 159 kB | 176 kB | 1.3 kB | 140/288 kB
2026.09.22 01:22:24 INFO  Progress (5): 43 kB | 159 kB | 176 kB | 1.3 kB | 144/288 kB
2026.09.22 01:22:24 INFO  Progress (5): 43 kB | 159 kB | 176 kB | 1.3 kB | 148/288 kB
2026.09.22 01:22:24 INFO  Progress (5): 43 kB | 159 kB | 176 kB | 1.3 kB | 152/288 kB
2026.09.22 01:22:24 INFO  Progress (5): 43 kB | 159 kB | 176 kB | 1.3 kB | 157/288 kB
2026.09.22 01:22:24 INFO  Progress (5): 43 kB | 159 kB | 176 kB | 1.3 kB | 159/288 kB
2026.09.22 01:22:24 INFO  Progress (5): 43 kB | 159 kB | 176 kB | 1.3 kB | 163/288 kB
2026.09.22 01:22:24 INFO  Progress (5): 43 kB | 159 kB | 176 kB | 1.3 kB | 167/288 kB
2026.09.22 01:22:24 INFO  Progress (5): 43 kB | 159 kB | 176 kB | 1.3 kB | 171/288 kB
2026.09.22 01:22:24 INFO  Progress (5): 43 kB | 159 kB | 176 kB | 1.3 kB | 176/288 kB
2026.09.22 01:22:24 INFO  Progress (5): 43 kB | 159 kB | 176 kB | 1.3 kB | 180/288 kB
2026.09.22 01:22:24 INFO  Progress (5): 43 kB | 159 kB | 176 kB | 1.3 kB | 184/288 kB
2026.09.22 01:22:24 INFO  Progress (5): 43 kB | 159 kB | 176 kB | 1.3 kB | 188/288 kB
2026.09.22 01:22:24 INFO  Progress (5): 43 kB | 159 kB | 176 kB | 1.3 kB | 193/288 kB
2026.09.22 01:22:24 INFO  Progress (5): 43 kB | 159 kB | 176 kB | 1.3 kB | 197/288 kB
2026.09.22 01:22:24 INFO  Progress (5): 43 kB | 159 kB | 176 kB | 1.3 kB | 201/288 kB
2026.09.22 01:22:24 INFO  Progress (5): 43 kB | 159 kB | 176 kB | 1.3 kB | 205/288 kB
2026.09.22 01:22:24 INFO  Progress (5): 43 kB | 159 kB | 176 kB | 1.3 kB | 210/288 kB
2026.09.22 01:22:24 INFO  Progress (5): 43 kB | 159 kB | 176 kB | 1.3 kB | 214/288 kB
2026.09.22 01:22:24 INFO  Progress (5): 43 kB | 159 kB | 176 kB | 1.3 kB | 218/288 kB
2026.09.22 01:22:24 INFO  Progress (5): 43 kB | 159 kB | 176 kB | 1.3 kB | 222/288 kB
2026.09.22 01:22:24 INFO  Progress (5): 43 kB | 159 kB | 176 kB | 1.3 kB | 239/288 kB
2026.09.22 01:22:24 INFO  Progress (5): 43 kB | 159 kB | 176 kB | 1.3 kB | 255/288 kB
2026.09.22 01:22:24 INFO  Progress (5): 43 kB | 159 kB | 176 kB | 1.3 kB | 271/288 kB
2026.09.22 01:22:24 INFO  Progress (5): 43 kB | 159 kB | 176 kB | 1.3 kB | 288 kB    
2026.09.22 01:22:24 INFO                                                         
2026.09.22 01:22:24 INFO  Downloaded from central: https://repo.maven.apache.org/maven2/org/apache/maven/shared/maven-dependency-tree/3.2.1/maven-dependency-tree-3.2.1.jar (43 kB at 68 kB/s)
2026.09.22 01:22:24 INFO  Downloading from central: https://repo.maven.apache.org/maven2/org/apache/maven/reporting/maven-reporting-api/3.1.1/maven-reporting-api-3.1.1.jar
2026.09.22 01:22:24 INFO  Progress (5): 159 kB | 176 kB | 1.3 kB | 288 kB | 7.7/11 kB
2026.09.22 01:22:24 INFO  Progress (5): 159 kB | 176 kB | 1.3 kB | 288 kB | 11 kB    
2026.09.22 01:22:24 INFO                                                         
2026.09.22 01:22:24 INFO  Downloaded from central: https://repo.maven.apache.org/maven2/com/github/plokhotnyuk/jsoniter-scala/jsoniter-scala-core_2.13/2.13.5.2/jsoniter-scala-core_2.13-2.13.5.2.jar (176 kB at 226 kB/s)
2026.09.22 01:22:24 INFO  Downloading from central: https://repo.maven.apache.org/maven2/org/apache/maven/doxia/doxia-sink-api/1.11.1/doxia-sink-api-1.11.1.jar
2026.09.22 01:22:24 INFO  Downloaded from central: https://repo.maven.apache.org/maven2/com/lihaoyi/unroll-annotation_2.13/0.1.12/unroll-annotation_2.13-0.1.12.jar (1.3 kB at 1.7 kB/s)
2026.09.22 01:22:24 INFO  Downloading from central: https://repo.maven.apache.org/maven2/org/apache/maven/doxia/doxia-logging-api/1.11.1/doxia-logging-api-1.11.1.jar
2026.09.22 01:22:24 INFO  Progress (4): 159 kB | 288 kB | 11 kB | 7.7/12 kB
2026.09.22 01:22:24 INFO  Progress (4): 159 kB | 288 kB | 11 kB | 11/12 kB 
2026.09.22 01:22:24 INFO  Progress (4): 159 kB | 288 kB | 11 kB | 12 kB   
2026.09.22 01:22:24 INFO  Progress (5): 159 kB | 288 kB | 11 kB | 12 kB | 3.2/12 kB
2026.09.22 01:22:24 INFO  Progress (5): 159 kB | 288 kB | 11 kB | 12 kB | 7.4/12 kB
2026.09.22 01:22:24 INFO  Progress (5): 159 kB | 288 kB | 11 kB | 12 kB | 12/12 kB 
2026.09.22 01:22:24 INFO  Progress (5): 159 kB | 288 kB | 11 kB | 12 kB | 12 kB   
2026.09.22 01:22:24 INFO                                                       
2026.09.22 01:22:24 INFO  Downloaded from central: https://repo.maven.apache.org/maven2/ch/epfl/scala/bloop-config_2.13/2.3.3/bloop-config_2.13-2.3.3.jar (288 kB at 318 kB/s)
2026.09.22 01:22:24 INFO  Downloading from central: https://repo.maven.apache.org/maven2/org/apache/maven/maven-archiver/3.6.0/maven-archiver-3.6.0.jar
2026.09.22 01:22:24 INFO  Progress (5): 159 kB | 11 kB | 12 kB | 12 kB | 3.8/26 kB
2026.09.22 01:22:24 INFO  Progress (5): 159 kB | 11 kB | 12 kB | 12 kB | 8.0/26 kB
2026.09.22 01:22:24 INFO  Progress (5): 159 kB | 11 kB | 12 kB | 12 kB | 12/26 kB 
2026.09.22 01:22:24 INFO  Progress (5): 159 kB | 11 kB | 12 kB | 12 kB | 16/26 kB
2026.09.22 01:22:24 INFO  Progress (5): 159 kB | 11 kB | 12 kB | 12 kB | 21/26 kB
2026.09.22 01:22:24 INFO  Progress (5): 159 kB | 11 kB | 12 kB | 12 kB | 25/26 kB
2026.09.22 01:22:24 INFO  Progress (5): 159 kB | 11 kB | 12 kB | 12 kB | 26 kB   
2026.09.22 01:22:24 INFO                                                      
2026.09.22 01:22:24 INFO  Downloaded from central: https://repo.maven.apache.org/maven2/org/apache/maven/reporting/maven-reporting-api/3.1.1/maven-reporting-api-3.1.1.jar (11 kB at 11 kB/s)
2026.09.22 01:22:24 INFO  Downloading from central: https://repo.maven.apache.org/maven2/org/codehaus/plexus/plexus-io/3.4.0/plexus-io-3.4.0.jar
2026.09.22 01:22:24 INFO  Downloaded from central: https://repo.maven.apache.org/maven2/net/alchim31/maven/scala-maven-plugin/4.8.0/scala-maven-plugin-4.8.0.jar (159 kB at 160 kB/s)
2026.09.22 01:22:24 INFO  Downloading from central: https://repo.maven.apache.org/maven2/org/codehaus/plexus/plexus-interpolation/1.26/plexus-interpolation-1.26.jar
2026.09.22 01:22:24 INFO  Progress (4): 12 kB | 12 kB | 26 kB | 3.2/79 kB
2026.09.22 01:22:24 INFO  Progress (4): 12 kB | 12 kB | 26 kB | 20/79 kB 
2026.09.22 01:22:24 INFO  Progress (4): 12 kB | 12 kB | 26 kB | 36/79 kB
2026.09.22 01:22:24 INFO  Progress (4): 12 kB | 12 kB | 26 kB | 52/79 kB
2026.09.22 01:22:24 INFO  Progress (4): 12 kB | 12 kB | 26 kB | 69/79 kB
2026.09.22 01:22:24 INFO  Progress (4): 12 kB | 12 kB | 26 kB | 79 kB   
2026.09.22 01:22:24 INFO  Progress (5): 12 kB | 12 kB | 26 kB | 79 kB | 7.7/85 kB
2026.09.22 01:22:24 INFO  Progress (5): 12 kB | 12 kB | 26 kB | 79 kB | 7.7/85 kB
2026.09.22 01:22:24 INFO  Progress (5): 12 kB | 12 kB | 26 kB | 79 kB | 24/85 kB 
2026.09.22 01:22:24 INFO  Progress (5): 12 kB | 12 kB | 26 kB | 79 kB | 40/85 kB
2026.09.22 01:22:24 INFO  Progress (5): 12 kB | 12 kB | 26 kB | 79 kB | 57/85 kB
2026.09.22 01:22:24 INFO  Progress (5): 12 kB | 12 kB | 26 kB | 79 kB | 73/85 kB
2026.09.22 01:22:24 INFO  Progress (5): 12 kB | 12 kB | 26 kB | 79 kB | 85 kB   
2026.09.22 01:22:24 INFO                                                     
2026.09.22 01:22:24 INFO  Downloaded from central: https://repo.maven.apache.org/maven2/org/apache/maven/doxia/doxia-logging-api/1.11.1/doxia-logging-api-1.11.1.jar (12 kB at 10 kB/s)
2026.09.22 01:22:24 INFO  Downloading from central: https://repo.maven.apache.org/maven2/org/codehaus/plexus/plexus-utils/3.5.0/plexus-utils-3.5.0.jar
2026.09.22 01:22:24 INFO  Progress (5): 12 kB | 26 kB | 79 kB | 85 kB | 3.2/267 kB
2026.09.22 01:22:24 INFO  Progress (5): 12 kB | 26 kB | 79 kB | 85 kB | 20/267 kB 
2026.09.22 01:22:24 INFO  Progress (5): 12 kB | 26 kB | 79 kB | 85 kB | 36/267 kB
2026.09.22 01:22:24 INFO  Progress (5): 12 kB | 26 kB | 79 kB | 85 kB | 52/267 kB
2026.09.22 01:22:24 INFO  Progress (5): 12 kB | 26 kB | 79 kB | 85 kB | 69/267 kB
2026.09.22 01:22:24 INFO  Progress (5): 12 kB | 26 kB | 79 kB | 85 kB | 85/267 kB
2026.09.22 01:22:24 INFO  Progress (5): 12 kB | 26 kB | 79 kB | 85 kB | 101/267 kB
2026.09.22 01:22:24 INFO  Progress (5): 12 kB | 26 kB | 79 kB | 85 kB | 118/267 kB
2026.09.22 01:22:24 INFO  Progress (5): 12 kB | 26 kB | 79 kB | 85 kB | 134/267 kB
2026.09.22 01:22:24 INFO  Progress (5): 12 kB | 26 kB | 79 kB | 85 kB | 151/267 kB
2026.09.22 01:22:24 INFO  Progress (5): 12 kB | 26 kB | 79 kB | 85 kB | 167/267 kB
2026.09.22 01:22:24 INFO  Progress (5): 12 kB | 26 kB | 79 kB | 85 kB | 183/267 kB
2026.09.22 01:22:24 INFO  Progress (5): 12 kB | 26 kB | 79 kB | 85 kB | 200/267 kB
2026.09.22 01:22:24 INFO  Progress (5): 12 kB | 26 kB | 79 kB | 85 kB | 216/267 kB
2026.09.22 01:22:24 INFO  Progress (5): 12 kB | 26 kB | 79 kB | 85 kB | 233/267 kB
2026.09.22 01:22:24 INFO  Progress (5): 12 kB | 26 kB | 79 kB | 85 kB | 236/267 kB
2026.09.22 01:22:24 INFO  Progress (5): 12 kB | 26 kB | 79 kB | 85 kB | 252/267 kB
2026.09.22 01:22:24 INFO  Progress (5): 12 kB | 26 kB | 79 kB | 85 kB | 267 kB    
2026.09.22 01:22:25 INFO                                                      
2026.09.22 01:22:25 INFO  Downloaded from central: https://repo.maven.apache.org/maven2/org/codehaus/plexus/plexus-interpolation/1.26/plexus-interpolation-1.26.jar (85 kB at 68 kB/s)
2026.09.22 01:22:25 INFO  Downloading from central: https://repo.maven.apache.org/maven2/org/codehaus/plexus/plexus-archiver/4.6.0/plexus-archiver-4.6.0.jar
2026.09.22 01:22:25 INFO  Downloaded from central: https://repo.maven.apache.org/maven2/org/apache/maven/doxia/doxia-sink-api/1.11.1/doxia-sink-api-1.11.1.jar (12 kB at 8.7 kB/s)
2026.09.22 01:22:25 INFO  Downloading from central: https://repo.maven.apache.org/maven2/org/apache/commons/commons-compress/1.21/commons-compress-1.21.jar
2026.09.22 01:22:25 INFO  Progress (4): 26 kB | 79 kB | 267 kB | 0/1.0 MB
2026.09.22 01:22:25 INFO  Progress (4): 26 kB | 79 kB | 267 kB | 0/1.0 MB
2026.09.22 01:22:25 INFO  Progress (4): 26 kB | 79 kB | 267 kB | 0/1.0 MB
2026.09.22 01:22:25 INFO  Progress (4): 26 kB | 79 kB | 267 kB | 0/1.0 MB
2026.09.22 01:22:25 INFO  Progress (4): 26 kB | 79 kB | 267 kB | 0.1/1.0 MB
2026.09.22 01:22:25 INFO  Progress (4): 26 kB | 79 kB | 267 kB | 0.1/1.0 MB
2026.09.22 01:22:25 INFO  Progress (4): 26 kB | 79 kB | 267 kB | 0.1/1.0 MB
2026.09.22 01:22:25 INFO  Progress (4): 26 kB | 79 kB | 267 kB | 0.1/1.0 MB
2026.09.22 01:22:25 INFO  Progress (4): 26 kB | 79 kB | 267 kB | 0.1/1.0 MB
2026.09.22 01:22:25 INFO  Progress (4): 26 kB | 79 kB | 267 kB | 0.1/1.0 MB
2026.09.22 01:22:25 INFO  Progress (4): 26 kB | 79 kB | 267 kB | 0.2/1.0 MB
2026.09.22 01:22:25 INFO  Progress (4): 26 kB | 79 kB | 267 kB | 0.2/1.0 MB
2026.09.22 01:22:25 INFO  Progress (4): 26 kB | 79 kB | 267 kB | 0.2/1.0 MB
2026.09.22 01:22:25 INFO  Progress (4): 26 kB | 79 kB | 267 kB | 0.2/1.0 MB
2026.09.22 01:22:25 INFO  Progress (4): 26 kB | 79 kB | 267 kB | 0.2/1.0 MB
2026.09.22 01:22:25 INFO  Progress (4): 26 kB | 79 kB | 267 kB | 0.2/1.0 MB
2026.09.22 01:22:25 INFO  Progress (4): 26 kB | 79 kB | 267 kB | 0.3/1.0 MB
2026.09.22 01:22:25 INFO  Progress (4): 26 kB | 79 kB | 267 kB | 0.3/1.0 MB
2026.09.22 01:22:25 INFO  Progress (4): 26 kB | 79 kB | 267 kB | 0.3/1.0 MB
2026.09.22 01:22:25 INFO  Progress (4): 26 kB | 79 kB | 267 kB | 0.3/1.0 MB
2026.09.22 01:22:25 INFO  Progress (4): 26 kB | 79 kB | 267 kB | 0.3/1.0 MB
2026.09.22 01:22:25 INFO  Progress (4): 26 kB | 79 kB | 267 kB | 0.3/1.0 MB
2026.09.22 01:22:25 INFO  Progress (4): 26 kB | 79 kB | 267 kB | 0.4/1.0 MB
2026.09.22 01:22:25 INFO  Progress (4): 26 kB | 79 kB | 267 kB | 0.4/1.0 MB
2026.09.22 01:22:25 INFO  Progress (4): 26 kB | 79 kB | 267 kB | 0.4/1.0 MB
2026.09.22 01:22:25 INFO  Progress (4): 26 kB | 79 kB | 267 kB | 0.4/1.0 MB
2026.09.22 01:22:25 INFO  Progress (4): 26 kB | 79 kB | 267 kB | 0.4/1.0 MB
2026.09.22 01:22:25 INFO  Progress (4): 26 kB | 79 kB | 267 kB | 0.4/1.0 MB
2026.09.22 01:22:25 INFO  Progress (4): 26 kB | 79 kB | 267 kB | 0.5/1.0 MB
2026.09.22 01:22:25 INFO  Progress (4): 26 kB | 79 kB | 267 kB | 0.5/1.0 MB
2026.09.22 01:22:25 INFO  Progress (4): 26 kB | 79 kB | 267 kB | 0.5/1.0 MB
2026.09.22 01:22:25 INFO  Progress (4): 26 kB | 79 kB | 267 kB | 0.5/1.0 MB
2026.09.22 01:22:25 INFO  Progress (4): 26 kB | 79 kB | 267 kB | 0.5/1.0 MB
2026.09.22 01:22:25 INFO  Progress (4): 26 kB | 79 kB | 267 kB | 0.5/1.0 MB
2026.09.22 01:22:25 INFO  Progress (4): 26 kB | 79 kB | 267 kB | 0.6/1.0 MB
2026.09.22 01:22:25 INFO  Progress (4): 26 kB | 79 kB | 267 kB | 0.6/1.0 MB
2026.09.22 01:22:25 INFO  Progress (4): 26 kB | 79 kB | 267 kB | 0.6/1.0 MB
2026.09.22 01:22:25 INFO  Progress (4): 26 kB | 79 kB | 267 kB | 0.6/1.0 MB
2026.09.22 01:22:25 INFO  Progress (4): 26 kB | 79 kB | 267 kB | 0.6/1.0 MB
2026.09.22 01:22:25 INFO  Progress (4): 26 kB | 79 kB | 267 kB | 0.6/1.0 MB
2026.09.22 01:22:25 INFO  Progress (4): 26 kB | 79 kB | 267 kB | 0.7/1.0 MB
2026.09.22 01:22:25 INFO  Progress (4): 26 kB | 79 kB | 267 kB | 0.7/1.0 MB
2026.09.22 01:22:25 INFO  Progress (4): 26 kB | 79 kB | 267 kB | 0.7/1.0 MB
2026.09.22 01:22:25 INFO  Progress (4): 26 kB | 79 kB | 267 kB | 0.7/1.0 MB
2026.09.22 01:22:25 INFO  Progress (4): 26 kB | 79 kB | 267 kB | 0.7/1.0 MB
2026.09.22 01:22:25 INFO  Progress (4): 26 kB | 79 kB | 267 kB | 0.7/1.0 MB
2026.09.22 01:22:25 INFO  Progress (4): 26 kB | 79 kB | 267 kB | 0.7/1.0 MB
2026.09.22 01:22:25 INFO  Progress (4): 26 kB | 79 kB | 267 kB | 0.8/1.0 MB
2026.09.22 01:22:25 INFO  Progress (4): 26 kB | 79 kB | 267 kB | 0.8/1.0 MB
2026.09.22 01:22:25 INFO  Progress (4): 26 kB | 79 kB | 267 kB | 0.8/1.0 MB
2026.09.22 01:22:25 INFO  Progress (4): 26 kB | 79 kB | 267 kB | 0.8/1.0 MB
2026.09.22 01:22:25 INFO  Progress (4): 26 kB | 79 kB | 267 kB | 0.8/1.0 MB
2026.09.22 01:22:25 INFO  Progress (4): 26 kB | 79 kB | 267 kB | 0.8/1.0 MB
2026.09.22 01:22:25 INFO  Progress (4): 26 kB | 79 kB | 267 kB | 0.9/1.0 MB
2026.09.22 01:22:25 INFO  Progress (4): 26 kB | 79 kB | 267 kB | 0.9/1.0 MB
2026.09.22 01:22:25 INFO  Progress (4): 26 kB | 79 kB | 267 kB | 0.9/1.0 MB
2026.09.22 01:22:25 INFO  Progress (4): 26 kB | 79 kB | 267 kB | 0.9/1.0 MB
2026.09.22 01:22:25 INFO  Progress (4): 26 kB | 79 kB | 267 kB | 0.9/1.0 MB
2026.09.22 01:22:25 INFO  Progress (4): 26 kB | 79 kB | 267 kB | 0.9/1.0 MB
2026.09.22 01:22:25 INFO  Progress (4): 26 kB | 79 kB | 267 kB | 1.0/1.0 MB
2026.09.22 01:22:25 INFO                                                   
2026.09.22 01:22:25 INFO  Downloaded from central: https://repo.maven.apache.org/maven2/org/codehaus/plexus/plexus-utils/3.5.0/plexus-utils-3.5.0.jar (267 kB at 190 kB/s)
2026.09.22 01:22:25 INFO  Progress (3): 26 kB | 79 kB | 1.0/1.0 MB
2026.09.22 01:22:25 INFO  Progress (3): 26 kB | 79 kB | 1.0/1.0 MB
2026.09.22 01:22:25 INFO  Progress (3): 26 kB | 79 kB | 1.0/1.0 MB
2026.09.22 01:22:25 INFO                                          
2026.09.22 01:22:25 INFO  Downloading from central: https://repo.maven.apache.org/maven2/org/iq80/snappy/snappy/0.4/snappy-0.4.jar
2026.09.22 01:22:25 INFO  Progress (3): 26 kB | 79 kB | 1.0 MB
2026.09.22 01:22:25 INFO                                      
2026.09.22 01:22:25 INFO  Downloaded from central: https://repo.maven.apache.org/maven2/org/codehaus/plexus/plexus-io/3.4.0/plexus-io-3.4.0.jar (79 kB at 56 kB/s)
2026.09.22 01:22:25 INFO  Downloading from central: https://repo.maven.apache.org/maven2/org/tukaani/xz/1.9/xz-1.9.jar
2026.09.22 01:22:25 INFO  Progress (3): 26 kB | 1.0 MB | 7.7/216 kB
2026.09.22 01:22:25 INFO  Progress (3): 26 kB | 1.0 MB | 11/216 kB 
2026.09.22 01:22:25 INFO  Progress (3): 26 kB | 1.0 MB | 28/216 kB
2026.09.22 01:22:25 INFO  Progress (3): 26 kB | 1.0 MB | 44/216 kB
2026.09.22 01:22:25 INFO  Progress (3): 26 kB | 1.0 MB | 61/216 kB
2026.09.22 01:22:25 INFO  Progress (3): 26 kB | 1.0 MB | 77/216 kB
2026.09.22 01:22:25 INFO  Progress (3): 26 kB | 1.0 MB | 93/216 kB
2026.09.22 01:22:25 INFO  Progress (3): 26 kB | 1.0 MB | 110/216 kB
2026.09.22 01:22:25 INFO  Progress (3): 26 kB | 1.0 MB | 126/216 kB
2026.09.22 01:22:25 INFO  Progress (3): 26 kB | 1.0 MB | 142/216 kB
2026.09.22 01:22:25 INFO  Progress (3): 26 kB | 1.0 MB | 159/216 kB
2026.09.22 01:22:25 INFO  Progress (3): 26 kB | 1.0 MB | 175/216 kB
2026.09.22 01:22:25 INFO  Progress (3): 26 kB | 1.0 MB | 192/216 kB
2026.09.22 01:22:25 INFO  Progress (3): 26 kB | 1.0 MB | 208/216 kB
2026.09.22 01:22:25 INFO  Progress (3): 26 kB | 1.0 MB | 216 kB    
2026.09.22 01:22:25 INFO  Progress (4): 26 kB | 1.0 MB | 216 kB | 0.9/58 kB
2026.09.22 01:22:25 INFO  Progress (4): 26 kB | 1.0 MB | 216 kB | 2.3/58 kB
2026.09.22 01:22:25 INFO  Progress (4): 26 kB | 1.0 MB | 216 kB | 3.6/58 kB
2026.09.22 01:22:25 INFO  Progress (4): 26 kB | 1.0 MB | 216 kB | 5.0/58 kB
2026.09.22 01:22:25 INFO  Progress (4): 26 kB | 1.0 MB | 216 kB | 6.4/58 kB
2026.09.22 01:22:25 INFO  Progress (4): 26 kB | 1.0 MB | 216 kB | 7.7/58 kB
2026.09.22 01:22:25 INFO  Progress (4): 26 kB | 1.0 MB | 216 kB | 9.1/58 kB
2026.09.22 01:22:25 INFO  Progress (4): 26 kB | 1.0 MB | 216 kB | 10/58 kB 
2026.09.22 01:22:25 INFO  Progress (4): 26 kB | 1.0 MB | 216 kB | 12/58 kB
2026.09.22 01:22:25 INFO  Progress (4): 26 kB | 1.0 MB | 216 kB | 13/58 kB
2026.09.22 01:22:25 INFO  Progress (4): 26 kB | 1.0 MB | 216 kB | 15/58 kB
2026.09.22 01:22:25 INFO  Progress (4): 26 kB | 1.0 MB | 216 kB | 16/58 kB
2026.09.22 01:22:25 INFO  Progress (4): 26 kB | 1.0 MB | 216 kB | 17/58 kB
2026.09.22 01:22:25 INFO  Progress (4): 26 kB | 1.0 MB | 216 kB | 19/58 kB
2026.09.22 01:22:25 INFO  Progress (4): 26 kB | 1.0 MB | 216 kB | 20/58 kB
2026.09.22 01:22:25 INFO  Progress (4): 26 kB | 1.0 MB | 216 kB | 21/58 kB
2026.09.22 01:22:25 INFO  Progress (4): 26 kB | 1.0 MB | 216 kB | 23/58 kB
2026.09.22 01:22:25 INFO  Progress (4): 26 kB | 1.0 MB | 216 kB | 24/58 kB
2026.09.22 01:22:25 INFO  Progress (4): 26 kB | 1.0 MB | 216 kB | 26/58 kB
2026.09.22 01:22:25 INFO  Progress (4): 26 kB | 1.0 MB | 216 kB | 27/58 kB
2026.09.22 01:22:25 INFO  Progress (4): 26 kB | 1.0 MB | 216 kB | 28/58 kB
2026.09.22 01:22:25 INFO  Progress (4): 26 kB | 1.0 MB | 216 kB | 30/58 kB
2026.09.22 01:22:25 INFO  Progress (4): 26 kB | 1.0 MB | 216 kB | 31/58 kB
2026.09.22 01:22:25 INFO  Progress (4): 26 kB | 1.0 MB | 216 kB | 32/58 kB
2026.09.22 01:22:25 INFO  Progress (4): 26 kB | 1.0 MB | 216 kB | 34/58 kB
2026.09.22 01:22:25 INFO  Progress (4): 26 kB | 1.0 MB | 216 kB | 35/58 kB
2026.09.22 01:22:25 INFO  Progress (4): 26 kB | 1.0 MB | 216 kB | 36/58 kB
2026.09.22 01:22:25 INFO  Progress (4): 26 kB | 1.0 MB | 216 kB | 38/58 kB
2026.09.22 01:22:25 INFO  Progress (4): 26 kB | 1.0 MB | 216 kB | 39/58 kB
2026.09.22 01:22:25 INFO  Progress (4): 26 kB | 1.0 MB | 216 kB | 41/58 kB
2026.09.22 01:22:25 INFO  Progress (4): 26 kB | 1.0 MB | 216 kB | 42/58 kB
2026.09.22 01:22:25 INFO  Progress (4): 26 kB | 1.0 MB | 216 kB | 43/58 kB
2026.09.22 01:22:25 INFO  Progress (4): 26 kB | 1.0 MB | 216 kB | 45/58 kB
2026.09.22 01:22:25 INFO  Progress (4): 26 kB | 1.0 MB | 216 kB | 46/58 kB
2026.09.22 01:22:25 INFO  Progress (4): 26 kB | 1.0 MB | 216 kB | 47/58 kB
2026.09.22 01:22:25 INFO  Progress (4): 26 kB | 1.0 MB | 216 kB | 49/58 kB
2026.09.22 01:22:25 INFO  Progress (4): 26 kB | 1.0 MB | 216 kB | 50/58 kB
2026.09.22 01:22:25 INFO  Progress (4): 26 kB | 1.0 MB | 216 kB | 52/58 kB
2026.09.22 01:22:25 INFO  Progress (4): 26 kB | 1.0 MB | 216 kB | 53/58 kB
2026.09.22 01:22:25 INFO  Progress (4): 26 kB | 1.0 MB | 216 kB | 57/58 kB
2026.09.22 01:22:25 INFO  Progress (4): 26 kB | 1.0 MB | 216 kB | 58 kB   
2026.09.22 01:22:25 INFO  Progress (5): 26 kB | 1.0 MB | 216 kB | 58 kB | 7.7/116 kB
2026.09.22 01:22:25 INFO  Progress (5): 26 kB | 1.0 MB | 216 kB | 58 kB | 11/116 kB 
2026.09.22 01:22:25 INFO  Progress (5): 26 kB | 1.0 MB | 216 kB | 58 kB | 28/116 kB
2026.09.22 01:22:25 INFO  Progress (5): 26 kB | 1.0 MB | 216 kB | 58 kB | 44/116 kB
2026.09.22 01:22:25 INFO  Progress (5): 26 kB | 1.0 MB | 216 kB | 58 kB | 61/116 kB
2026.09.22 01:22:25 INFO  Progress (5): 26 kB | 1.0 MB | 216 kB | 58 kB | 77/116 kB
2026.09.22 01:22:25 INFO  Progress (5): 26 kB | 1.0 MB | 216 kB | 58 kB | 93/116 kB
2026.09.22 01:22:25 INFO  Progress (5): 26 kB | 1.0 MB | 216 kB | 58 kB | 110/116 kB
2026.09.22 01:22:25 INFO  Progress (5): 26 kB | 1.0 MB | 216 kB | 58 kB | 116 kB    
2026.09.22 01:22:25 INFO                                                        
2026.09.22 01:22:25 INFO  Downloaded from central: https://repo.maven.apache.org/maven2/org/apache/maven/maven-archiver/3.6.0/maven-archiver-3.6.0.jar (26 kB at 17 kB/s)
2026.09.22 01:22:25 INFO  Downloading from central: https://repo.maven.apache.org/maven2/com/github/luben/zstd-jni/1.5.2-5/zstd-jni-1.5.2-5.jar
2026.09.22 01:22:25 INFO  Downloaded from central: https://repo.maven.apache.org/maven2/org/tukaani/xz/1.9/xz-1.9.jar (116 kB at 72 kB/s)
2026.09.22 01:22:25 INFO  Downloading from central: https://repo.maven.apache.org/maven2/org/codehaus/plexus/plexus-classworlds/2.7.0/plexus-classworlds-2.7.0.jar
2026.09.22 01:22:25 INFO  Downloaded from central: https://repo.maven.apache.org/maven2/org/iq80/snappy/snappy/0.4/snappy-0.4.jar (58 kB at 35 kB/s)
2026.09.22 01:22:25 INFO  Downloading from central: https://repo.maven.apache.org/maven2/org/scala-sbt/zinc_2.13/1.8.0/zinc_2.13-1.8.0.jar
2026.09.22 01:22:25 INFO  Progress (3): 1.0 MB | 216 kB | 0/6.3 MB
2026.09.22 01:22:25 INFO  Progress (3): 1.0 MB | 216 kB | 0/6.3 MB
2026.09.22 01:22:25 INFO  Progress (3): 1.0 MB | 216 kB | 0/6.3 MB
2026.09.22 01:22:25 INFO  Progress (3): 1.0 MB | 216 kB | 0/6.3 MB
2026.09.22 01:22:25 INFO  Progress (3): 1.0 MB | 216 kB | 0.1/6.3 MB
2026.09.22 01:22:25 INFO  Progress (3): 1.0 MB | 216 kB | 0.1/6.3 MB
2026.09.22 01:22:25 INFO  Progress (3): 1.0 MB | 216 kB | 0.1/6.3 MB
2026.09.22 01:22:25 INFO  Progress (3): 1.0 MB | 216 kB | 0.1/6.3 MB
2026.09.22 01:22:25 INFO  Progress (3): 1.0 MB | 216 kB | 0.1/6.3 MB
2026.09.22 01:22:25 INFO  Progress (3): 1.0 MB | 216 kB | 0.1/6.3 MB
2026.09.22 01:22:25 INFO  Progress (3): 1.0 MB | 216 kB | 0.2/6.3 MB
2026.09.22 01:22:25 INFO  Progress (3): 1.0 MB | 216 kB | 0.2/6.3 MB
2026.09.22 01:22:25 INFO  Progress (3): 1.0 MB | 216 kB | 0.2/6.3 MB
2026.09.22 01:22:25 INFO  Progress (3): 1.0 MB | 216 kB | 0.2/6.3 MB
2026.09.22 01:22:25 INFO  Progress (3): 1.0 MB | 216 kB | 0.2/6.3 MB
2026.09.22 01:22:25 INFO  Progress (3): 1.0 MB | 216 kB | 0.2/6.3 MB
2026.09.22 01:22:25 INFO  Progress (3): 1.0 MB | 216 kB | 0.2/6.3 MB
2026.09.22 01:22:25 INFO  Progress (3): 1.0 MB | 216 kB | 0.3/6.3 MB
2026.09.22 01:22:25 INFO  Progress (3): 1.0 MB | 216 kB | 0.3/6.3 MB
2026.09.22 01:22:25 INFO  Progress (3): 1.0 MB | 216 kB | 0.3/6.3 MB
2026.09.22 01:22:25 INFO  Progress (3): 1.0 MB | 216 kB | 0.3/6.3 MB
2026.09.22 01:22:25 INFO  Progress (3): 1.0 MB | 216 kB | 0.3/6.3 MB
2026.09.22 01:22:25 INFO  Progress (3): 1.0 MB | 216 kB | 0.3/6.3 MB
2026.09.22 01:22:25 INFO  Progress (3): 1.0 MB | 216 kB | 0.4/6.3 MB
2026.09.22 01:22:25 INFO  Progress (3): 1.0 MB | 216 kB | 0.4/6.3 MB
2026.09.22 01:22:25 INFO  Progress (3): 1.0 MB | 216 kB | 0.4/6.3 MB
2026.09.22 01:22:25 INFO  Progress (3): 1.0 MB | 216 kB | 0.4/6.3 MB
2026.09.22 01:22:25 INFO  Progress (3): 1.0 MB | 216 kB | 0.4/6.3 MB
2026.09.22 01:22:25 INFO  Progress (3): 1.0 MB | 216 kB | 0.4/6.3 MB
2026.09.22 01:22:25 INFO  Progress (3): 1.0 MB | 216 kB | 0.5/6.3 MB
2026.09.22 01:22:25 INFO  Progress (3): 1.0 MB | 216 kB | 0.5/6.3 MB
2026.09.22 01:22:25 INFO  Progress (3): 1.0 MB | 216 kB | 0.5/6.3 MB
2026.09.22 01:22:25 INFO  Progress (3): 1.0 MB | 216 kB | 0.5/6.3 MB
2026.09.22 01:22:25 INFO  Progress (3): 1.0 MB | 216 kB | 0.5/6.3 MB
2026.09.22 01:22:25 INFO  Progress (3): 1.0 MB | 216 kB | 0.5/6.3 MB
2026.09.22 01:22:25 INFO  Progress (3): 1.0 MB | 216 kB | 0.6/6.3 MB
2026.09.22 01:22:25 INFO  Progress (3): 1.0 MB | 216 kB | 0.6/6.3 MB
2026.09.22 01:22:25 INFO  Progress (3): 1.0 MB | 216 kB | 0.6/6.3 MB
2026.09.22 01:22:25 INFO  Progress (3): 1.0 MB | 216 kB | 0.6/6.3 MB
2026.09.22 01:22:25 INFO  Progress (3): 1.0 MB | 216 kB | 0.6/6.3 MB
2026.09.22 01:22:25 INFO  Progress (3): 1.0 MB | 216 kB | 0.6/6.3 MB
2026.09.22 01:22:25 INFO  Progress (3): 1.0 MB | 216 kB | 0.7/6.3 MB
2026.09.22 01:22:25 INFO  Progress (3): 1.0 MB | 216 kB | 0.7/6.3 MB
2026.09.22 01:22:25 INFO  Progress (3): 1.0 MB | 216 kB | 0.7/6.3 MB
2026.09.22 01:22:25 INFO  Progress (3): 1.0 MB | 216 kB | 0.7/6.3 MB
2026.09.22 01:22:25 INFO  Progress (3): 1.0 MB | 216 kB | 0.7/6.3 MB
2026.09.22 01:22:25 INFO  Progress (3): 1.0 MB | 216 kB | 0.7/6.3 MB
2026.09.22 01:22:25 INFO  Progress (3): 1.0 MB | 216 kB | 0.8/6.3 MB
2026.09.22 01:22:25 INFO  Progress (3): 1.0 MB | 216 kB | 0.8/6.3 MB
2026.09.22 01:22:25 INFO  Progress (3): 1.0 MB | 216 kB | 0.8/6.3 MB
2026.09.22 01:22:25 INFO  Progress (3): 1.0 MB | 216 kB | 0.8/6.3 MB
2026.09.22 01:22:25 INFO  Progress (3): 1.0 MB | 216 kB | 0.8/6.3 MB
2026.09.22 01:22:25 INFO  Progress (3): 1.0 MB | 216 kB | 0.8/6.3 MB
2026.09.22 01:22:25 INFO  Progress (3): 1.0 MB | 216 kB | 0.9/6.3 MB
2026.09.22 01:22:25 INFO  Progress (3): 1.0 MB | 216 kB | 0.9/6.3 MB
2026.09.22 01:22:25 INFO  Progress (3): 1.0 MB | 216 kB | 0.9/6.3 MB
2026.09.22 01:22:25 INFO  Progress (3): 1.0 MB | 216 kB | 0.9/6.3 MB
2026.09.22 01:22:25 INFO  Progress (3): 1.0 MB | 216 kB | 0.9/6.3 MB
2026.09.22 01:22:25 INFO  Progress (3): 1.0 MB | 216 kB | 0.9/6.3 MB
2026.09.22 01:22:25 INFO  Progress (3): 1.0 MB | 216 kB | 1.0/6.3 MB
2026.09.22 01:22:25 INFO  Progress (3): 1.0 MB | 216 kB | 1.0/6.3 MB
2026.09.22 01:22:25 INFO  Progress (3): 1.0 MB | 216 kB | 1.0/6.3 MB
2026.09.22 01:22:25 INFO  Progress (3): 1.0 MB | 216 kB | 1.0/6.3 MB
2026.09.22 01:22:25 INFO  Progress (3): 1.0 MB | 216 kB | 1.0/6.3 MB
2026.09.22 01:22:25 INFO  Progress (3): 1.0 MB | 216 kB | 1.0/6.3 MB
2026.09.22 01:22:25 INFO  Progress (3): 1.0 MB | 216 kB | 1.0/6.3 MB
2026.09.22 01:22:25 INFO  Progress (3): 1.0 MB | 216 kB | 1.1/6.3 MB
2026.09.22 01:22:25 INFO  Progress (3): 1.0 MB | 216 kB | 1.1/6.3 MB
2026.09.22 01:22:25 INFO  Progress (3): 1.0 MB | 216 kB | 1.1/6.3 MB
2026.09.22 01:22:25 INFO  Progress (3): 1.0 MB | 216 kB | 1.1/6.3 MB
2026.09.22 01:22:25 INFO  Progress (3): 1.0 MB | 216 kB | 1.1/6.3 MB
2026.09.22 01:22:25 INFO  Progress (3): 1.0 MB | 216 kB | 1.1/6.3 MB
2026.09.22 01:22:25 INFO  Progress (3): 1.0 MB | 216 kB | 1.2/6.3 MB
2026.09.22 01:22:25 INFO  Progress (3): 1.0 MB | 216 kB | 1.2/6.3 MB
2026.09.22 01:22:25 INFO  Progress (3): 1.0 MB | 216 kB | 1.2/6.3 MB
2026.09.22 01:22:25 INFO  Progress (3): 1.0 MB | 216 kB | 1.2/6.3 MB
2026.09.22 01:22:25 INFO  Progress (3): 1.0 MB | 216 kB | 1.2/6.3 MB
2026.09.22 01:22:25 INFO  Progress (3): 1.0 MB | 216 kB | 1.2/6.3 MB
2026.09.22 01:22:25 INFO  Progress (3): 1.0 MB | 216 kB | 1.3/6.3 MB
2026.09.22 01:22:25 INFO  Progress (3): 1.0 MB | 216 kB | 1.3/6.3 MB
2026.09.22 01:22:25 INFO  Progress (3): 1.0 MB | 216 kB | 1.3/6.3 MB
2026.09.22 01:22:25 INFO  Progress (3): 1.0 MB | 216 kB | 1.3/6.3 MB
2026.09.22 01:22:25 INFO  Progress (3): 1.0 MB | 216 kB | 1.3/6.3 MB
2026.09.22 01:22:25 INFO  Progress (3): 1.0 MB | 216 kB | 1.3/6.3 MB
2026.09.22 01:22:25 INFO  Progress (3): 1.0 MB | 216 kB | 1.4/6.3 MB
2026.09.22 01:22:25 INFO  Progress (3): 1.0 MB | 216 kB | 1.4/6.3 MB
2026.09.22 01:22:25 INFO  Progress (3): 1.0 MB | 216 kB | 1.4/6.3 MB
2026.09.22 01:22:25 INFO  Progress (3): 1.0 MB | 216 kB | 1.4/6.3 MB
2026.09.22 01:22:25 INFO  Progress (3): 1.0 MB | 216 kB | 1.4/6.3 MB
2026.09.22 01:22:25 INFO  Progress (3): 1.0 MB | 216 kB | 1.4/6.3 MB
2026.09.22 01:22:25 INFO  Progress (3): 1.0 MB | 216 kB | 1.5/6.3 MB
2026.09.22 01:22:25 INFO  Progress (3): 1.0 MB | 216 kB | 1.5/6.3 MB
2026.09.22 01:22:25 INFO  Progress (3): 1.0 MB | 216 kB | 1.5/6.3 MB
2026.09.22 01:22:25 INFO  Progress (3): 1.0 MB | 216 kB | 1.5/6.3 MB
2026.09.22 01:22:25 INFO  Progress (3): 1.0 MB | 216 kB | 1.5/6.3 MB
2026.09.22 01:22:25 INFO  Progress (3): 1.0 MB | 216 kB | 1.5/6.3 MB
2026.09.22 01:22:25 INFO  Progress (3): 1.0 MB | 216 kB | 1.6/6.3 MB
2026.09.22 01:22:25 INFO  Progress (3): 1.0 MB | 216 kB | 1.6/6.3 MB
2026.09.22 01:22:25 INFO  Progress (3): 1.0 MB | 216 kB | 1.6/6.3 MB
2026.09.22 01:22:25 INFO  Progress (3): 1.0 MB | 216 kB | 1.6/6.3 MB
2026.09.22 01:22:25 INFO  Progress (3): 1.0 MB | 216 kB | 1.6/6.3 MB
2026.09.22 01:22:25 INFO  Progress (3): 1.0 MB | 216 kB | 1.6/6.3 MB
2026.09.22 01:22:25 INFO  Progress (3): 1.0 MB | 216 kB | 1.7/6.3 MB
2026.09.22 01:22:25 INFO  Progress (3): 1.0 MB | 216 kB | 1.7/6.3 MB
2026.09.22 01:22:25 INFO  Progress (3): 1.0 MB | 216 kB | 1.7/6.3 MB
2026.09.22 01:22:25 INFO  Progress (3): 1.0 MB | 216 kB | 1.7/6.3 MB
2026.09.22 01:22:25 INFO  Progress (3): 1.0 MB | 216 kB | 1.7/6.3 MB
2026.09.22 01:22:25 INFO  Progress (3): 1.0 MB | 216 kB | 1.7/6.3 MB
2026.09.22 01:22:25 INFO  Progress (3): 1.0 MB | 216 kB | 1.8/6.3 MB
2026.09.22 01:22:25 INFO  Progress (3): 1.0 MB | 216 kB | 1.8/6.3 MB
2026.09.22 01:22:25 INFO  Progress (3): 1.0 MB | 216 kB | 1.8/6.3 MB
2026.09.22 01:22:25 INFO  Progress (3): 1.0 MB | 216 kB | 1.8/6.3 MB
2026.09.22 01:22:25 INFO  Progress (3): 1.0 MB | 216 kB | 1.8/6.3 MB
2026.09.22 01:22:25 INFO  Progress (3): 1.0 MB | 216 kB | 1.8/6.3 MB
2026.09.22 01:22:25 INFO  Progress (3): 1.0 MB | 216 kB | 1.9/6.3 MB
2026.09.22 01:22:25 INFO  Progress (3): 1.0 MB | 216 kB | 1.9/6.3 MB
2026.09.22 01:22:25 INFO  Progress (3): 1.0 MB | 216 kB | 1.9/6.3 MB
2026.09.22 01:22:25 INFO  Progress (3): 1.0 MB | 216 kB | 1.9/6.3 MB
2026.09.22 01:22:25 INFO  Progress (3): 1.0 MB | 216 kB | 1.9/6.3 MB
2026.09.22 01:22:25 INFO  Progress (3): 1.0 MB | 216 kB | 1.9/6.3 MB
2026.09.22 01:22:25 INFO  Progress (3): 1.0 MB | 216 kB | 1.9/6.3 MB
2026.09.22 01:22:25 INFO  Progress (3): 1.0 MB | 216 kB | 2.0/6.3 MB
2026.09.22 01:22:25 INFO  Progress (3): 1.0 MB | 216 kB | 2.0/6.3 MB
2026.09.22 01:22:25 INFO  Progress (3): 1.0 MB | 216 kB | 2.0/6.3 MB
2026.09.22 01:22:25 INFO  Progress (3): 1.0 MB | 216 kB | 2.0/6.3 MB
2026.09.22 01:22:25 INFO  Progress (3): 1.0 MB | 216 kB | 2.0/6.3 MB
2026.09.22 01:22:25 INFO  Progress (4): 1.0 MB | 216 kB | 2.0/6.3 MB | 3.8/53 kB
2026.09.22 01:22:25 INFO  Progress (4): 1.0 MB | 216 kB | 2.0/6.3 MB | 8.0/53 kB
2026.09.22 01:22:25 INFO  Progress (4): 1.0 MB | 216 kB | 2.0/6.3 MB | 11/53 kB 
2026.09.22 01:22:25 INFO  Progress (4): 1.0 MB | 216 kB | 2.0/6.3 MB | 16/53 kB
2026.09.22 01:22:25 INFO  Progress (4): 1.0 MB | 216 kB | 2.0/6.3 MB | 20/53 kB
2026.09.22 01:22:25 INFO  Progress (4): 1.0 MB | 216 kB | 2.0/6.3 MB | 24/53 kB
2026.09.22 01:22:25 INFO  Progress (4): 1.0 MB | 216 kB | 2.0/6.3 MB | 28/53 kB
2026.09.22 01:22:25 INFO  Progress (4): 1.0 MB | 216 kB | 2.0/6.3 MB | 32/53 kB
2026.09.22 01:22:25 INFO  Progress (4): 1.0 MB | 216 kB | 2.0/6.3 MB | 37/53 kB
2026.09.22 01:22:25 INFO  Progress (4): 1.0 MB | 216 kB | 2.0/6.3 MB | 41/53 kB
2026.09.22 01:22:25 INFO  Progress (4): 1.0 MB | 216 kB | 2.0/6.3 MB | 45/53 kB
2026.09.22 01:22:25 INFO  Progress (4): 1.0 MB | 216 kB | 2.0/6.3 MB | 49/53 kB
2026.09.22 01:22:25 INFO  Progress (4): 1.0 MB | 216 kB | 2.0/6.3 MB | 53 kB   
2026.09.22 01:22:25 INFO  Progress (4): 1.0 MB | 216 kB | 2.0/6.3 MB | 53 kB
2026.09.22 01:22:25 INFO  Progress (4): 1.0 MB | 216 kB | 2.1/6.3 MB | 53 kB
2026.09.22 01:22:25 INFO  Progress (4): 1.0 MB | 216 kB | 2.1/6.3 MB | 53 kB
2026.09.22 01:22:25 INFO  Progress (4): 1.0 MB | 216 kB | 2.1/6.3 MB | 53 kB
2026.09.22 01:22:25 INFO  Progress (4): 1.0 MB | 216 kB | 2.1/6.3 MB | 53 kB
2026.09.22 01:22:25 INFO  Progress (4): 1.0 MB | 216 kB | 2.1/6.3 MB | 53 kB
2026.09.22 01:22:25 INFO  Progress (4): 1.0 MB | 216 kB | 2.1/6.3 MB | 53 kB
2026.09.22 01:22:25 INFO  Progress (4): 1.0 MB | 216 kB | 2.2/6.3 MB | 53 kB
2026.09.22 01:22:25 INFO  Progress (4): 1.0 MB | 216 kB | 2.2/6.3 MB | 53 kB
2026.09.22 01:22:25 INFO  Progress (4): 1.0 MB | 216 kB | 2.2/6.3 MB | 53 kB
2026.09.22 01:22:25 INFO  Progress (4): 1.0 MB | 216 kB | 2.2/6.3 MB | 53 kB
2026.09.22 01:22:25 INFO  Progress (4): 1.0 MB | 216 kB | 2.2/6.3 MB | 53 kB
2026.09.22 01:22:25 INFO  Progress (4): 1.0 MB | 216 kB | 2.2/6.3 MB | 53 kB
2026.09.22 01:22:25 INFO  Progress (4): 1.0 MB | 216 kB | 2.3/6.3 MB | 53 kB
2026.09.22 01:22:25 INFO  Progress (4): 1.0 MB | 216 kB | 2.3/6.3 MB | 53 kB
2026.09.22 01:22:25 INFO  Progress (4): 1.0 MB | 216 kB | 2.3/6.3 MB | 53 kB
2026.09.22 01:22:25 INFO  Progress (4): 1.0 MB | 216 kB | 2.3/6.3 MB | 53 kB
2026.09.22 01:22:25 INFO  Progress (4): 1.0 MB | 216 kB | 2.3/6.3 MB | 53 kB
2026.09.22 01:22:25 INFO  Progress (4): 1.0 MB | 216 kB | 2.3/6.3 MB | 53 kB
2026.09.22 01:22:25 INFO  Progress (4): 1.0 MB | 216 kB | 2.4/6.3 MB | 53 kB
2026.09.22 01:22:25 INFO  Progress (4): 1.0 MB | 216 kB | 2.4/6.3 MB | 53 kB
2026.09.22 01:22:25 INFO  Progress (4): 1.0 MB | 216 kB | 2.4/6.3 MB | 53 kB
2026.09.22 01:22:25 INFO  Progress (4): 1.0 MB | 216 kB | 2.4/6.3 MB | 53 kB
2026.09.22 01:22:25 INFO  Progress (4): 1.0 MB | 216 kB | 2.4/6.3 MB | 53 kB
2026.09.22 01:22:25 INFO  Progress (4): 1.0 MB | 216 kB | 2.4/6.3 MB | 53 kB
2026.09.22 01:22:25 INFO  Progress (4): 1.0 MB | 216 kB | 2.5/6.3 MB | 53 kB
2026.09.22 01:22:25 INFO  Progress (4): 1.0 MB | 216 kB | 2.5/6.3 MB | 53 kB
2026.09.22 01:22:25 INFO  Progress (4): 1.0 MB | 216 kB | 2.5/6.3 MB | 53 kB
2026.09.22 01:22:25 INFO  Progress (4): 1.0 MB | 216 kB | 2.5/6.3 MB | 53 kB
2026.09.22 01:22:25 INFO  Progress (4): 1.0 MB | 216 kB | 2.5/6.3 MB | 53 kB
2026.09.22 01:22:25 INFO  Progress (4): 1.0 MB | 216 kB | 2.5/6.3 MB | 53 kB
2026.09.22 01:22:25 INFO  Progress (4): 1.0 MB | 216 kB | 2.6/6.3 MB | 53 kB
2026.09.22 01:22:25 INFO  Progress (4): 1.0 MB | 216 kB | 2.6/6.3 MB | 53 kB
2026.09.22 01:22:25 INFO  Progress (4): 1.0 MB | 216 kB | 2.6/6.3 MB | 53 kB
2026.09.22 01:22:25 INFO  Progress (4): 1.0 MB | 216 kB | 2.6/6.3 MB | 53 kB
2026.09.22 01:22:25 INFO  Progress (4): 1.0 MB | 216 kB | 2.6/6.3 MB | 53 kB
2026.09.22 01:22:25 INFO  Progress (4): 1.0 MB | 216 kB | 2.6/6.3 MB | 53 kB
2026.09.22 01:22:25 INFO  Progress (4): 1.0 MB | 216 kB | 2.7/6.3 MB | 53 kB
2026.09.22 01:22:25 INFO  Progress (4): 1.0 MB | 216 kB | 2.7/6.3 MB | 53 kB
2026.09.22 01:22:25 INFO  Progress (4): 1.0 MB | 216 kB | 2.7/6.3 MB | 53 kB
2026.09.22 01:22:25 INFO  Progress (4): 1.0 MB | 216 kB | 2.7/6.3 MB | 53 kB
2026.09.22 01:22:25 INFO  Progress (4): 1.0 MB | 216 kB | 2.7/6.3 MB | 53 kB
2026.09.22 01:22:25 INFO  Progress (4): 1.0 MB | 216 kB | 2.7/6.3 MB | 53 kB
2026.09.22 01:22:25 INFO  Progress (4): 1.0 MB | 216 kB | 2.8/6.3 MB | 53 kB
2026.09.22 01:22:25 INFO  Progress (4): 1.0 MB | 216 kB | 2.8/6.3 MB | 53 kB
2026.09.22 01:22:25 INFO  Progress (4): 1.0 MB | 216 kB | 2.8/6.3 MB | 53 kB
2026.09.22 01:22:25 INFO  Progress (4): 1.0 MB | 216 kB | 2.8/6.3 MB | 53 kB
2026.09.22 01:22:25 INFO  Progress (4): 1.0 MB | 216 kB | 2.8/6.3 MB | 53 kB
2026.09.22 01:22:25 INFO  Progress (4): 1.0 MB | 216 kB | 2.8/6.3 MB | 53 kB
2026.09.22 01:22:25 INFO  Progress (4): 1.0 MB | 216 kB | 2.9/6.3 MB | 53 kB
2026.09.22 01:22:25 INFO  Progress (4): 1.0 MB | 216 kB | 2.9/6.3 MB | 53 kB
2026.09.22 01:22:25 INFO  Progress (4): 1.0 MB | 216 kB | 2.9/6.3 MB | 53 kB
2026.09.22 01:22:25 INFO  Progress (4): 1.0 MB | 216 kB | 2.9/6.3 MB | 53 kB
2026.09.22 01:22:25 INFO  Progress (4): 1.0 MB | 216 kB | 2.9/6.3 MB | 53 kB
2026.09.22 01:22:25 INFO  Progress (4): 1.0 MB | 216 kB | 2.9/6.3 MB | 53 kB
2026.09.22 01:22:25 INFO  Progress (4): 1.0 MB | 216 kB | 2.9/6.3 MB | 53 kB
2026.09.22 01:22:25 INFO  Progress (4): 1.0 MB | 216 kB | 3.0/6.3 MB | 53 kB
2026.09.22 01:22:25 INFO  Progress (4): 1.0 MB | 216 kB | 3.0/6.3 MB | 53 kB
2026.09.22 01:22:25 INFO  Progress (4): 1.0 MB | 216 kB | 3.0/6.3 MB | 53 kB
2026.09.22 01:22:25 INFO  Progress (4): 1.0 MB | 216 kB | 3.0/6.3 MB | 53 kB
2026.09.22 01:22:25 INFO  Progress (4): 1.0 MB | 216 kB | 3.0/6.3 MB | 53 kB
2026.09.22 01:22:25 INFO  Progress (4): 1.0 MB | 216 kB | 3.0/6.3 MB | 53 kB
2026.09.22 01:22:25 INFO  Progress (4): 1.0 MB | 216 kB | 3.1/6.3 MB | 53 kB
2026.09.22 01:22:25 INFO  Progress (4): 1.0 MB | 216 kB | 3.1/6.3 MB | 53 kB
2026.09.22 01:22:25 INFO  Progress (4): 1.0 MB | 216 kB | 3.1/6.3 MB | 53 kB
2026.09.22 01:22:25 INFO  Progress (4): 1.0 MB | 216 kB | 3.1/6.3 MB | 53 kB
2026.09.22 01:22:25 INFO  Progress (4): 1.0 MB | 216 kB | 3.1/6.3 MB | 53 kB
2026.09.22 01:22:25 INFO  Progress (4): 1.0 MB | 216 kB | 3.1/6.3 MB | 53 kB
2026.09.22 01:22:25 INFO                                                    
2026.09.22 01:22:25 INFO  Downloaded from central: https://repo.maven.apache.org/maven2/org/codehaus/plexus/plexus-archiver/4.6.0/plexus-archiver-4.6.0.jar (216 kB at 114 kB/s)
2026.09.22 01:22:25 INFO  Downloading from central: https://repo.maven.apache.org/maven2/org/scala-sbt/zinc-core_2.13/1.8.0/zinc-core_2.13-1.8.0.jar
2026.09.22 01:22:25 INFO  Progress (3): 1.0 MB | 3.1/6.3 MB | 53 kB
2026.09.22 01:22:25 INFO  Progress (3): 1.0 MB | 3.2/6.3 MB | 53 kB
2026.09.22 01:22:25 INFO  Progress (3): 1.0 MB | 3.2/6.3 MB | 53 kB
2026.09.22 01:22:25 INFO  Progress (3): 1.0 MB | 3.2/6.3 MB | 53 kB
2026.09.22 01:22:25 INFO  Progress (3): 1.0 MB | 3.2/6.3 MB | 53 kB
2026.09.22 01:22:25 INFO  Progress (3): 1.0 MB | 3.2/6.3 MB | 53 kB
2026.09.22 01:22:25 INFO  Progress (3): 1.0 MB | 3.2/6.3 MB | 53 kB
2026.09.22 01:22:25 INFO  Progress (3): 1.0 MB | 3.3/6.3 MB | 53 kB
2026.09.22 01:22:25 INFO  Progress (3): 1.0 MB | 3.3/6.3 MB | 53 kB
2026.09.22 01:22:25 INFO  Progress (3): 1.0 MB | 3.3/6.3 MB | 53 kB
2026.09.22 01:22:25 INFO  Progress (3): 1.0 MB | 3.3/6.3 MB | 53 kB
2026.09.22 01:22:25 INFO  Progress (3): 1.0 MB | 3.3/6.3 MB | 53 kB
2026.09.22 01:22:25 INFO  Progress (3): 1.0 MB | 3.3/6.3 MB | 53 kB
2026.09.22 01:22:25 INFO  Progress (3): 1.0 MB | 3.4/6.3 MB | 53 kB
2026.09.22 01:22:25 INFO  Progress (3): 1.0 MB | 3.4/6.3 MB | 53 kB
2026.09.22 01:22:25 INFO  Progress (3): 1.0 MB | 3.4/6.3 MB | 53 kB
2026.09.22 01:22:25 INFO  Progress (3): 1.0 MB | 3.4/6.3 MB | 53 kB
2026.09.22 01:22:25 INFO  Progress (3): 1.0 MB | 3.4/6.3 MB | 53 kB
2026.09.22 01:22:25 INFO  Progress (3): 1.0 MB | 3.4/6.3 MB | 53 kB
2026.09.22 01:22:25 INFO  Progress (3): 1.0 MB | 3.5/6.3 MB | 53 kB
2026.09.22 01:22:25 INFO  Progress (3): 1.0 MB | 3.5/6.3 MB | 53 kB
2026.09.22 01:22:25 INFO  Progress (3): 1.0 MB | 3.5/6.3 MB | 53 kB
2026.09.22 01:22:25 INFO  Progress (3): 1.0 MB | 3.5/6.3 MB | 53 kB
2026.09.22 01:22:25 INFO  Progress (3): 1.0 MB | 3.5/6.3 MB | 53 kB
2026.09.22 01:22:25 INFO  Progress (3): 1.0 MB | 3.5/6.3 MB | 53 kB
2026.09.22 01:22:25 INFO  Progress (3): 1.0 MB | 3.6/6.3 MB | 53 kB
2026.09.22 01:22:25 INFO  Progress (3): 1.0 MB | 3.6/6.3 MB | 53 kB
2026.09.22 01:22:25 INFO  Progress (3): 1.0 MB | 3.6/6.3 MB | 53 kB
2026.09.22 01:22:25 INFO  Progress (3): 1.0 MB | 3.6/6.3 MB | 53 kB
2026.09.22 01:22:25 INFO  Progress (3): 1.0 MB | 3.6/6.3 MB | 53 kB
2026.09.22 01:22:25 INFO  Progress (3): 1.0 MB | 3.6/6.3 MB | 53 kB
2026.09.22 01:22:25 INFO  Progress (3): 1.0 MB | 3.7/6.3 MB | 53 kB
2026.09.22 01:22:25 INFO  Progress (3): 1.0 MB | 3.7/6.3 MB | 53 kB
2026.09.22 01:22:25 INFO  Progress (3): 1.0 MB | 3.7/6.3 MB | 53 kB
2026.09.22 01:22:25 INFO  Progress (3): 1.0 MB | 3.7/6.3 MB | 53 kB
2026.09.22 01:22:25 INFO  Progress (3): 1.0 MB | 3.7/6.3 MB | 53 kB
2026.09.22 01:22:25 INFO  Progress (3): 1.0 MB | 3.7/6.3 MB | 53 kB
2026.09.22 01:22:25 INFO  Progress (3): 1.0 MB | 3.8/6.3 MB | 53 kB
2026.09.22 01:22:25 INFO  Progress (3): 1.0 MB | 3.8/6.3 MB | 53 kB
2026.09.22 01:22:25 INFO  Progress (3): 1.0 MB | 3.8/6.3 MB | 53 kB
2026.09.22 01:22:25 INFO  Progress (3): 1.0 MB | 3.8/6.3 MB | 53 kB
2026.09.22 01:22:25 INFO  Progress (3): 1.0 MB | 3.8/6.3 MB | 53 kB
2026.09.22 01:22:25 INFO  Progress (3): 1.0 MB | 3.8/6.3 MB | 53 kB
2026.09.22 01:22:25 INFO  Progress (3): 1.0 MB | 3.9/6.3 MB | 53 kB
2026.09.22 01:22:25 INFO  Progress (3): 1.0 MB | 3.9/6.3 MB | 53 kB
2026.09.22 01:22:25 INFO  Progress (3): 1.0 MB | 3.9/6.3 MB | 53 kB
2026.09.22 01:22:25 INFO  Progress (3): 1.0 MB | 3.9/6.3 MB | 53 kB
2026.09.22 01:22:25 INFO  Progress (3): 1.0 MB | 3.9/6.3 MB | 53 kB
2026.09.22 01:22:25 INFO  Progress (3): 1.0 MB | 3.9/6.3 MB | 53 kB
2026.09.22 01:22:25 INFO  Progress (3): 1.0 MB | 3.9/6.3 MB | 53 kB
2026.09.22 01:22:25 INFO  Progress (3): 1.0 MB | 4.0/6.3 MB | 53 kB
2026.09.22 01:22:25 INFO  Progress (3): 1.0 MB | 4.0/6.3 MB | 53 kB
2026.09.22 01:22:25 INFO  Progress (3): 1.0 MB | 4.0/6.3 MB | 53 kB
2026.09.22 01:22:25 INFO  Progress (3): 1.0 MB | 4.0/6.3 MB | 53 kB
2026.09.22 01:22:25 INFO  Progress (3): 1.0 MB | 4.0/6.3 MB | 53 kB
2026.09.22 01:22:25 INFO  Progress (3): 1.0 MB | 4.0/6.3 MB | 53 kB
2026.09.22 01:22:25 INFO  Progress (3): 1.0 MB | 4.1/6.3 MB | 53 kB
2026.09.22 01:22:25 INFO  Progress (3): 1.0 MB | 4.1/6.3 MB | 53 kB
2026.09.22 01:22:25 INFO  Progress (3): 1.0 MB | 4.1/6.3 MB | 53 kB
2026.09.22 01:22:25 INFO  Progress (3): 1.0 MB | 4.1/6.3 MB | 53 kB
2026.09.22 01:22:25 INFO  Progress (3): 1.0 MB | 4.1/6.3 MB | 53 kB
2026.09.22 01:22:25 INFO  Progress (3): 1.0 MB | 4.1/6.3 MB | 53 kB
2026.09.22 01:22:25 INFO  Progress (3): 1.0 MB | 4.2/6.3 MB | 53 kB
2026.09.22 01:22:25 INFO  Progress (3): 1.0 MB | 4.2/6.3 MB | 53 kB
2026.09.22 01:22:25 INFO  Progress (3): 1.0 MB | 4.2/6.3 MB | 53 kB
2026.09.22 01:22:25 INFO  Progress (3): 1.0 MB | 4.2/6.3 MB | 53 kB
2026.09.22 01:22:25 INFO  Progress (3): 1.0 MB | 4.2/6.3 MB | 53 kB
2026.09.22 01:22:25 INFO  Progress (3): 1.0 MB | 4.2/6.3 MB | 53 kB
2026.09.22 01:22:25 INFO  Progress (3): 1.0 MB | 4.3/6.3 MB | 53 kB
2026.09.22 01:22:25 INFO  Progress (3): 1.0 MB | 4.3/6.3 MB | 53 kB
2026.09.22 01:22:25 INFO                                           
2026.09.22 01:22:25 INFO  Downloaded from central: https://repo.maven.apache.org/maven2/org/apache/commons/commons-compress/1.21/commons-compress-1.21.jar (1.0 MB at 525 kB/s)
2026.09.22 01:22:25 INFO  Downloading from central: https://repo.maven.apache.org/maven2/org/scala-sbt/zinc-apiinfo_2.13/1.8.0/zinc-apiinfo_2.13-1.8.0.jar
2026.09.22 01:22:25 INFO  Progress (2): 4.3/6.3 MB | 53 kB
2026.09.22 01:22:25 INFO  Progress (2): 4.3/6.3 MB | 53 kB
2026.09.22 01:22:25 INFO  Progress (2): 4.3/6.3 MB | 53 kB
2026.09.22 01:22:25 INFO  Progress (2): 4.3/6.3 MB | 53 kB
2026.09.22 01:22:25 INFO  Progress (2): 4.4/6.3 MB | 53 kB
2026.09.22 01:22:25 INFO  Progress (2): 4.4/6.3 MB | 53 kB
2026.09.22 01:22:25 INFO  Progress (2): 4.4/6.3 MB | 53 kB
2026.09.22 01:22:25 INFO  Progress (2): 4.4/6.3 MB | 53 kB
2026.09.22 01:22:25 INFO  Progress (2): 4.4/6.3 MB | 53 kB
2026.09.22 01:22:25 INFO  Progress (2): 4.4/6.3 MB | 53 kB
2026.09.22 01:22:25 INFO  Progress (2): 4.5/6.3 MB | 53 kB
2026.09.22 01:22:25 INFO  Progress (2): 4.5/6.3 MB | 53 kB
2026.09.22 01:22:25 INFO  Progress (2): 4.5/6.3 MB | 53 kB
2026.09.22 01:22:25 INFO  Progress (2): 4.5/6.3 MB | 53 kB
2026.09.22 01:22:25 INFO  Progress (2): 4.5/6.3 MB | 53 kB
2026.09.22 01:22:25 INFO  Progress (2): 4.5/6.3 MB | 53 kB
2026.09.22 01:22:25 INFO  Progress (2): 4.6/6.3 MB | 53 kB
2026.09.22 01:22:25 INFO  Progress (2): 4.6/6.3 MB | 53 kB
2026.09.22 01:22:25 INFO  Progress (2): 4.6/6.3 MB | 53 kB
2026.09.22 01:22:25 INFO  Progress (2): 4.6/6.3 MB | 53 kB
2026.09.22 01:22:25 INFO  Progress (2): 4.6/6.3 MB | 53 kB
2026.09.22 01:22:25 INFO  Progress (2): 4.6/6.3 MB | 53 kB
2026.09.22 01:22:25 INFO  Progress (2): 4.7/6.3 MB | 53 kB
2026.09.22 01:22:25 INFO  Progress (2): 4.7/6.3 MB | 53 kB
2026.09.22 01:22:25 INFO  Progress (2): 4.7/6.3 MB | 53 kB
2026.09.22 01:22:25 INFO  Progress (2): 4.7/6.3 MB | 53 kB
2026.09.22 01:22:25 INFO  Progress (2): 4.7/6.3 MB | 53 kB
2026.09.22 01:22:25 INFO  Progress (2): 4.7/6.3 MB | 53 kB
2026.09.22 01:22:25 INFO  Progress (2): 4.8/6.3 MB | 53 kB
2026.09.22 01:22:25 INFO  Progress (2): 4.8/6.3 MB | 53 kB
2026.09.22 01:22:25 INFO  Progress (2): 4.8/6.3 MB | 53 kB
2026.09.22 01:22:25 INFO  Progress (2): 4.8/6.3 MB | 53 kB
2026.09.22 01:22:25 INFO  Progress (2): 4.8/6.3 MB | 53 kB
2026.09.22 01:22:25 INFO  Progress (2): 4.8/6.3 MB | 53 kB
2026.09.22 01:22:25 INFO  Progress (2): 4.8/6.3 MB | 53 kB
2026.09.22 01:22:25 INFO  Progress (2): 4.9/6.3 MB | 53 kB
2026.09.22 01:22:25 INFO  Progress (2): 4.9/6.3 MB | 53 kB
2026.09.22 01:22:25 INFO  Progress (2): 4.9/6.3 MB | 53 kB
2026.09.22 01:22:25 INFO  Progress (2): 4.9/6.3 MB | 53 kB
2026.09.22 01:22:25 INFO  Progress (2): 4.9/6.3 MB | 53 kB
2026.09.22 01:22:25 INFO  Progress (2): 4.9/6.3 MB | 53 kB
2026.09.22 01:22:25 INFO  Progress (2): 5.0/6.3 MB | 53 kB
2026.09.22 01:22:25 INFO  Progress (2): 5.0/6.3 MB | 53 kB
2026.09.22 01:22:25 INFO  Progress (2): 5.0/6.3 MB | 53 kB
2026.09.22 01:22:25 INFO  Progress (2): 5.0/6.3 MB | 53 kB
2026.09.22 01:22:25 INFO  Progress (2): 5.0/6.3 MB | 53 kB
2026.09.22 01:22:25 INFO  Progress (2): 5.0/6.3 MB | 53 kB
2026.09.22 01:22:25 INFO  Progress (2): 5.1/6.3 MB | 53 kB
2026.09.22 01:22:25 INFO  Progress (2): 5.1/6.3 MB | 53 kB
2026.09.22 01:22:25 INFO  Progress (2): 5.1/6.3 MB | 53 kB
2026.09.22 01:22:25 INFO  Progress (2): 5.1/6.3 MB | 53 kB
2026.09.22 01:22:25 INFO  Progress (2): 5.1/6.3 MB | 53 kB
2026.09.22 01:22:25 INFO  Progress (2): 5.1/6.3 MB | 53 kB
2026.09.22 01:22:25 INFO  Progress (2): 5.2/6.3 MB | 53 kB
2026.09.22 01:22:25 INFO  Progress (2): 5.2/6.3 MB | 53 kB
2026.09.22 01:22:25 INFO  Progress (2): 5.2/6.3 MB | 53 kB
2026.09.22 01:22:25 INFO  Progress (2): 5.2/6.3 MB | 53 kB
2026.09.22 01:22:25 INFO  Progress (2): 5.2/6.3 MB | 53 kB
2026.09.22 01:22:25 INFO  Progress (2): 5.2/6.3 MB | 53 kB
2026.09.22 01:22:25 INFO  Progress (2): 5.2/6.3 MB | 53 kB
2026.09.22 01:22:25 INFO  Progress (2): 5.3/6.3 MB | 53 kB
2026.09.22 01:22:25 INFO  Progress (2): 5.3/6.3 MB | 53 kB
2026.09.22 01:22:25 INFO  Progress (2): 5.3/6.3 MB | 53 kB
2026.09.22 01:22:25 INFO  Progress (2): 5.3/6.3 MB | 53 kB
2026.09.22 01:22:25 INFO  Progress (2): 5.3/6.3 MB | 53 kB
2026.09.22 01:22:25 INFO  Progress (2): 5.3/6.3 MB | 53 kB
2026.09.22 01:22:25 INFO  Progress (2): 5.4/6.3 MB | 53 kB
2026.09.22 01:22:25 INFO  Progress (2): 5.4/6.3 MB | 53 kB
2026.09.22 01:22:25 INFO  Progress (2): 5.4/6.3 MB | 53 kB
2026.09.22 01:22:25 INFO  Progress (2): 5.4/6.3 MB | 53 kB
2026.09.22 01:22:25 INFO  Progress (2): 5.4/6.3 MB | 53 kB
2026.09.22 01:22:25 INFO  Progress (2): 5.4/6.3 MB | 53 kB
2026.09.22 01:22:25 INFO  Progress (2): 5.5/6.3 MB | 53 kB
2026.09.22 01:22:25 INFO  Progress (2): 5.5/6.3 MB | 53 kB
2026.09.22 01:22:25 INFO  Progress (2): 5.5/6.3 MB | 53 kB
2026.09.22 01:22:25 INFO  Progress (2): 5.5/6.3 MB | 53 kB
2026.09.22 01:22:25 INFO  Progress (2): 5.5/6.3 MB | 53 kB
2026.09.22 01:22:25 INFO  Progress (2): 5.5/6.3 MB | 53 kB
2026.09.22 01:22:25 INFO  Progress (2): 5.6/6.3 MB | 53 kB
2026.09.22 01:22:25 INFO  Progress (2): 5.6/6.3 MB | 53 kB
2026.09.22 01:22:25 INFO  Progress (2): 5.6/6.3 MB | 53 kB
2026.09.22 01:22:25 INFO  Progress (2): 5.6/6.3 MB | 53 kB
2026.09.22 01:22:25 INFO  Progress (2): 5.6/6.3 MB | 53 kB
2026.09.22 01:22:25 INFO  Progress (2): 5.6/6.3 MB | 53 kB
2026.09.22 01:22:25 INFO  Progress (2): 5.7/6.3 MB | 53 kB
2026.09.22 01:22:25 INFO  Progress (2): 5.7/6.3 MB | 53 kB
2026.09.22 01:22:25 INFO  Progress (2): 5.7/6.3 MB | 53 kB
2026.09.22 01:22:25 INFO  Progress (2): 5.7/6.3 MB | 53 kB
2026.09.22 01:22:25 INFO  Progress (2): 5.7/6.3 MB | 53 kB
2026.09.22 01:22:25 INFO  Progress (2): 5.7/6.3 MB | 53 kB
2026.09.22 01:22:25 INFO  Progress (2): 5.8/6.3 MB | 53 kB
2026.09.22 01:22:25 INFO  Progress (2): 5.8/6.3 MB | 53 kB
2026.09.22 01:22:25 INFO  Progress (2): 5.8/6.3 MB | 53 kB
2026.09.22 01:22:25 INFO  Progress (2): 5.8/6.3 MB | 53 kB
2026.09.22 01:22:25 INFO  Progress (2): 5.8/6.3 MB | 53 kB
2026.09.22 01:22:25 INFO  Progress (3): 5.8/6.3 MB | 53 kB | 7.7/85 kB
2026.09.22 01:22:25 INFO  Progress (3): 5.8/6.3 MB | 53 kB | 7.7/85 kB
2026.09.22 01:22:25 INFO  Progress (3): 5.8/6.3 MB | 53 kB | 16/85 kB 
2026.09.22 01:22:25 INFO  Progress (3): 5.8/6.3 MB | 53 kB | 29/85 kB
2026.09.22 01:22:25 INFO  Progress (3): 5.8/6.3 MB | 53 kB | 29/85 kB
2026.09.22 01:22:25 INFO  Progress (3): 5.8/6.3 MB | 53 kB | 45/85 kB
2026.09.22 01:22:25 INFO  Progress (3): 5.8/6.3 MB | 53 kB | 61/85 kB
2026.09.22 01:22:25 INFO  Progress (3): 5.9/6.3 MB | 53 kB | 61/85 kB
2026.09.22 01:22:25 INFO  Progress (3): 5.9/6.3 MB | 53 kB | 78/85 kB
2026.09.22 01:22:25 INFO  Progress (3): 5.9/6.3 MB | 53 kB | 85 kB   
2026.09.22 01:22:25 INFO  Progress (3): 5.9/6.3 MB | 53 kB | 85 kB
2026.09.22 01:22:25 INFO  Progress (3): 5.9/6.3 MB | 53 kB | 85 kB
2026.09.22 01:22:25 INFO  Progress (3): 5.9/6.3 MB | 53 kB | 85 kB
2026.09.22 01:22:25 INFO  Progress (3): 5.9/6.3 MB | 53 kB | 85 kB
2026.09.22 01:22:25 INFO  Progress (3): 5.9/6.3 MB | 53 kB | 85 kB
2026.09.22 01:22:25 INFO  Progress (3): 6.0/6.3 MB | 53 kB | 85 kB
2026.09.22 01:22:25 INFO  Progress (3): 6.0/6.3 MB | 53 kB | 85 kB
2026.09.22 01:22:25 INFO  Progress (3): 6.0/6.3 MB | 53 kB | 85 kB
2026.09.22 01:22:25 INFO  Progress (3): 6.0/6.3 MB | 53 kB | 85 kB
2026.09.22 01:22:25 INFO  Progress (3): 6.0/6.3 MB | 53 kB | 85 kB
2026.09.22 01:22:25 INFO  Progress (3): 6.0/6.3 MB | 53 kB | 85 kB
2026.09.22 01:22:25 INFO  Progress (3): 6.1/6.3 MB | 53 kB | 85 kB
2026.09.22 01:22:25 INFO  Progress (3): 6.1/6.3 MB | 53 kB | 85 kB
2026.09.22 01:22:25 INFO  Progress (3): 6.1/6.3 MB | 53 kB | 85 kB
2026.09.22 01:22:25 INFO  Progress (3): 6.1/6.3 MB | 53 kB | 85 kB
2026.09.22 01:22:25 INFO  Progress (3): 6.1/6.3 MB | 53 kB | 85 kB
2026.09.22 01:22:25 INFO  Progress (3): 6.1/6.3 MB | 53 kB | 85 kB
2026.09.22 01:22:25 INFO  Progress (3): 6.2/6.3 MB | 53 kB | 85 kB
2026.09.22 01:22:25 INFO  Progress (3): 6.2/6.3 MB | 53 kB | 85 kB
2026.09.22 01:22:25 INFO  Progress (3): 6.2/6.3 MB | 53 kB | 85 kB
2026.09.22 01:22:25 INFO  Progress (3): 6.2/6.3 MB | 53 kB | 85 kB
2026.09.22 01:22:25 INFO  Progress (3): 6.2/6.3 MB | 53 kB | 85 kB
2026.09.22 01:22:25 INFO  Progress (3): 6.2/6.3 MB | 53 kB | 85 kB
2026.09.22 01:22:25 INFO  Progress (3): 6.3/6.3 MB | 53 kB | 85 kB
2026.09.22 01:22:25 INFO  Progress (3): 6.3/6.3 MB | 53 kB | 85 kB
2026.09.22 01:22:25 INFO  Progress (3): 6.3/6.3 MB | 53 kB | 85 kB
2026.09.22 01:22:25 INFO  Progress (3): 6.3 MB | 53 kB | 85 kB    
2026.09.22 01:22:25 INFO  Progress (4): 6.3 MB | 53 kB | 85 kB | 3.8/490 kB
2026.09.22 01:22:25 INFO  Progress (4): 6.3 MB | 53 kB | 85 kB | 8.0/490 kB
2026.09.22 01:22:25 INFO  Progress (4): 6.3 MB | 53 kB | 85 kB | 8.2/490 kB
2026.09.22 01:22:25 INFO  Progress (4): 6.3 MB | 53 kB | 85 kB | 12/490 kB 
2026.09.22 01:22:25 INFO  Progress (4): 6.3 MB | 53 kB | 85 kB | 16/490 kB
2026.09.22 01:22:25 INFO  Progress (4): 6.3 MB | 53 kB | 85 kB | 21/490 kB
2026.09.22 01:22:25 INFO  Progress (4): 6.3 MB | 53 kB | 85 kB | 25/490 kB
2026.09.22 01:22:25 INFO  Progress (4): 6.3 MB | 53 kB | 85 kB | 29/490 kB
2026.09.22 01:22:25 INFO  Progress (4): 6.3 MB | 53 kB | 85 kB | 33/490 kB
2026.09.22 01:22:25 INFO  Progress (4): 6.3 MB | 53 kB | 85 kB | 37/490 kB
2026.09.22 01:22:25 INFO  Progress (4): 6.3 MB | 53 kB | 85 kB | 41/490 kB
2026.09.22 01:22:25 INFO  Progress (4): 6.3 MB | 53 kB | 85 kB | 45/490 kB
2026.09.22 01:22:25 INFO  Progress (4): 6.3 MB | 53 kB | 85 kB | 49/490 kB
2026.09.22 01:22:25 INFO  Progress (4): 6.3 MB | 53 kB | 85 kB | 53/490 kB
2026.09.22 01:22:25 INFO  Progress (4): 6.3 MB | 53 kB | 85 kB | 57/490 kB
2026.09.22 01:22:25 INFO  Progress (4): 6.3 MB | 53 kB | 85 kB | 62/490 kB
2026.09.22 01:22:25 INFO  Progress (4): 6.3 MB | 53 kB | 85 kB | 66/490 kB
2026.09.22 01:22:25 INFO  Progress (4): 6.3 MB | 53 kB | 85 kB | 70/490 kB
2026.09.22 01:22:25 INFO  Progress (4): 6.3 MB | 53 kB | 85 kB | 74/490 kB
2026.09.22 01:22:25 INFO  Progress (4): 6.3 MB | 53 kB | 85 kB | 78/490 kB
2026.09.22 01:22:25 INFO  Progress (4): 6.3 MB | 53 kB | 85 kB | 82/490 kB
2026.09.22 01:22:25 INFO  Progress (4): 6.3 MB | 53 kB | 85 kB | 86/490 kB
2026.09.22 01:22:25 INFO  Progress (4): 6.3 MB | 53 kB | 85 kB | 90/490 kB
2026.09.22 01:22:25 INFO  Progress (4): 6.3 MB | 53 kB | 85 kB | 95/490 kB
2026.09.22 01:22:25 INFO  Progress (4): 6.3 MB | 53 kB | 85 kB | 98/490 kB
2026.09.22 01:22:25 INFO  Progress (4): 6.3 MB | 53 kB | 85 kB | 115/490 kB
2026.09.22 01:22:25 INFO  Progress (4): 6.3 MB | 53 kB | 85 kB | 131/490 kB
2026.09.22 01:22:25 INFO  Progress (4): 6.3 MB | 53 kB | 85 kB | 139/490 kB
2026.09.22 01:22:25 INFO  Progress (4): 6.3 MB | 53 kB | 85 kB | 147/490 kB
2026.09.22 01:22:25 INFO  Progress (4): 6.3 MB | 53 kB | 85 kB | 164/490 kB
2026.09.22 01:22:25 INFO  Progress (4): 6.3 MB | 53 kB | 85 kB | 180/490 kB
2026.09.22 01:22:25 INFO  Progress (4): 6.3 MB | 53 kB | 85 kB | 197/490 kB
2026.09.22 01:22:25 INFO  Progress (4): 6.3 MB | 53 kB | 85 kB | 213/490 kB
2026.09.22 01:22:25 INFO  Progress (4): 6.3 MB | 53 kB | 85 kB | 221/490 kB
2026.09.22 01:22:25 INFO  Progress (4): 6.3 MB | 53 kB | 85 kB | 229/490 kB
2026.09.22 01:22:25 INFO  Progress (4): 6.3 MB | 53 kB | 85 kB | 246/490 kB
2026.09.22 01:22:25 INFO  Progress (4): 6.3 MB | 53 kB | 85 kB | 262/490 kB
2026.09.22 01:22:25 INFO  Progress (4): 6.3 MB | 53 kB | 85 kB | 270/490 kB
2026.09.22 01:22:25 INFO  Progress (4): 6.3 MB | 53 kB | 85 kB | 279/490 kB
2026.09.22 01:22:25 INFO  Progress (4): 6.3 MB | 53 kB | 85 kB | 295/490 kB
2026.09.22 01:22:25 INFO  Progress (4): 6.3 MB | 53 kB | 85 kB | 311/490 kB
2026.09.22 01:22:25 INFO  Progress (4): 6.3 MB | 53 kB | 85 kB | 319/490 kB
2026.09.22 01:22:25 INFO  Progress (4): 6.3 MB | 53 kB | 85 kB | 328/490 kB
2026.09.22 01:22:25 INFO  Progress (4): 6.3 MB | 53 kB | 85 kB | 344/490 kB
2026.09.22 01:22:25 INFO  Progress (4): 6.3 MB | 53 kB | 85 kB | 360/490 kB
2026.09.22 01:22:25 INFO  Progress (4): 6.3 MB | 53 kB | 85 kB | 377/490 kB
2026.09.22 01:22:25 INFO  Progress (4): 6.3 MB | 53 kB | 85 kB | 393/490 kB
2026.09.22 01:22:25 INFO  Progress (4): 6.3 MB | 53 kB | 85 kB | 401/490 kB
2026.09.22 01:22:25 INFO  Progress (5): 6.3 MB | 53 kB | 85 kB | 401/490 kB | 7.7/165 kB
2026.09.22 01:22:25 INFO  Progress (5): 6.3 MB | 53 kB | 85 kB | 401/490 kB | 16/165 kB 
2026.09.22 01:22:25 INFO  Progress (5): 6.3 MB | 53 kB | 85 kB | 410/490 kB | 16/165 kB
2026.09.22 01:22:25 INFO  Progress (5): 6.3 MB | 53 kB | 85 kB | 410/490 kB | 28/165 kB
2026.09.22 01:22:25 INFO  Progress (5): 6.3 MB | 53 kB | 85 kB | 410/490 kB | 44/165 kB
2026.09.22 01:22:25 INFO  Progress (5): 6.3 MB | 53 kB | 85 kB | 410/490 kB | 61/165 kB
2026.09.22 01:22:25 INFO  Progress (5): 6.3 MB | 53 kB | 85 kB | 410/490 kB | 77/165 kB
2026.09.22 01:22:25 INFO  Progress (5): 6.3 MB | 53 kB | 85 kB | 410/490 kB | 93/165 kB
2026.09.22 01:22:25 INFO  Progress (5): 6.3 MB | 53 kB | 85 kB | 426/490 kB | 93/165 kB
2026.09.22 01:22:25 INFO  Progress (5): 6.3 MB | 53 kB | 85 kB | 426/490 kB | 110/165 kB
2026.09.22 01:22:25 INFO  Progress (5): 6.3 MB | 53 kB | 85 kB | 442/490 kB | 110/165 kB
2026.09.22 01:22:25 INFO  Progress (5): 6.3 MB | 53 kB | 85 kB | 442/490 kB | 126/165 kB
2026.09.22 01:22:25 INFO  Progress (5): 6.3 MB | 53 kB | 85 kB | 459/490 kB | 126/165 kB
2026.09.22 01:22:25 INFO  Progress (5): 6.3 MB | 53 kB | 85 kB | 459/490 kB | 142/165 kB
2026.09.22 01:22:25 INFO  Progress (5): 6.3 MB | 53 kB | 85 kB | 459/490 kB | 159/165 kB
2026.09.22 01:22:25 INFO  Progress (5): 6.3 MB | 53 kB | 85 kB | 459/490 kB | 165 kB    
2026.09.22 01:22:25 INFO  Progress (5): 6.3 MB | 53 kB | 85 kB | 467/490 kB | 165 kB
2026.09.22 01:22:25 INFO  Progress (5): 6.3 MB | 53 kB | 85 kB | 475/490 kB | 165 kB
2026.09.22 01:22:25 INFO  Progress (5): 6.3 MB | 53 kB | 85 kB | 490 kB | 165 kB    
2026.09.22 01:22:25 INFO                                                        
2026.09.22 01:22:25 INFO  Downloaded from central: https://repo.maven.apache.org/maven2/org/codehaus/plexus/plexus-classworlds/2.7.0/plexus-classworlds-2.7.0.jar (53 kB at 25 kB/s)
2026.09.22 01:22:25 INFO  Downloading from central: https://repo.maven.apache.org/maven2/org/scala-sbt/compiler-bridge_2.13/1.8.0/compiler-bridge_2.13-1.8.0.jar
2026.09.22 01:22:26 INFO  Downloaded from central: https://repo.maven.apache.org/maven2/org/scala-sbt/zinc_2.13/1.8.0/zinc_2.13-1.8.0.jar (85 kB at 36 kB/s)
2026.09.22 01:22:26 INFO  Downloading from central: https://repo.maven.apache.org/maven2/org/scala-sbt/zinc-classpath_2.13/1.8.0/zinc-classpath_2.13-1.8.0.jar
2026.09.22 01:22:26 INFO  Progress (4): 6.3 MB | 490 kB | 165 kB | 7.7/243 kB
2026.09.22 01:22:26 INFO  Progress (4): 6.3 MB | 490 kB | 165 kB | 16/243 kB 
2026.09.22 01:22:26 INFO  Progress (4): 6.3 MB | 490 kB | 165 kB | 25/243 kB
2026.09.22 01:22:26 INFO  Progress (4): 6.3 MB | 490 kB | 165 kB | 41/243 kB
2026.09.22 01:22:26 INFO  Progress (4): 6.3 MB | 490 kB | 165 kB | 57/243 kB
2026.09.22 01:22:26 INFO  Progress (4): 6.3 MB | 490 kB | 165 kB | 74/243 kB
2026.09.22 01:22:26 INFO  Progress (4): 6.3 MB | 490 kB | 165 kB | 90/243 kB
2026.09.22 01:22:26 INFO  Progress (4): 6.3 MB | 490 kB | 165 kB | 106/243 kB
2026.09.22 01:22:26 INFO  Progress (4): 6.3 MB | 490 kB | 165 kB | 123/243 kB
2026.09.22 01:22:26 INFO  Progress (4): 6.3 MB | 490 kB | 165 kB | 139/243 kB
2026.09.22 01:22:26 INFO  Progress (4): 6.3 MB | 490 kB | 165 kB | 156/243 kB
2026.09.22 01:22:26 INFO  Progress (4): 6.3 MB | 490 kB | 165 kB | 172/243 kB
2026.09.22 01:22:26 INFO  Progress (4): 6.3 MB | 490 kB | 165 kB | 188/243 kB
2026.09.22 01:22:26 INFO  Progress (4): 6.3 MB | 490 kB | 165 kB | 205/243 kB
2026.09.22 01:22:26 INFO  Progress (4): 6.3 MB | 490 kB | 165 kB | 221/243 kB
2026.09.22 01:22:26 INFO  Progress (4): 6.3 MB | 490 kB | 165 kB | 238/243 kB
2026.09.22 01:22:26 INFO  Progress (4): 6.3 MB | 490 kB | 165 kB | 243 kB    
2026.09.22 01:22:26 INFO                                                 
2026.09.22 01:22:26 INFO  Downloaded from central: https://repo.maven.apache.org/maven2/org/scala-sbt/zinc-apiinfo_2.13/1.8.0/zinc-apiinfo_2.13-1.8.0.jar (165 kB at 69 kB/s)
2026.09.22 01:22:26 INFO  Downloading from central: https://repo.maven.apache.org/maven2/org/scala-lang/scala-compiler/2.13.8/scala-compiler-2.13.8.jar
2026.09.22 01:22:26 INFO  Downloaded from central: https://repo.maven.apache.org/maven2/org/scala-sbt/compiler-bridge_2.13/1.8.0/compiler-bridge_2.13-1.8.0.jar (243 kB at 98 kB/s)
2026.09.22 01:22:26 INFO  Downloading from central: https://repo.maven.apache.org/maven2/org/scala-sbt/compiler-interface/1.8.0/compiler-interface-1.8.0.jar
2026.09.22 01:22:26 INFO  Progress (3): 6.3 MB | 490 kB | 16/89 kB
2026.09.22 01:22:26 INFO  Progress (3): 6.3 MB | 490 kB | 33/89 kB
2026.09.22 01:22:26 INFO  Progress (3): 6.3 MB | 490 kB | 49/89 kB
2026.09.22 01:22:26 INFO  Progress (3): 6.3 MB | 490 kB | 66/89 kB
2026.09.22 01:22:26 INFO  Progress (3): 6.3 MB | 490 kB | 82/89 kB
2026.09.22 01:22:26 INFO  Progress (3): 6.3 MB | 490 kB | 89 kB   
2026.09.22 01:22:26 INFO  Progress (4): 6.3 MB | 490 kB | 89 kB | 0/12 MB
2026.09.22 01:22:26 INFO  Progress (4): 6.3 MB | 490 kB | 89 kB | 0/12 MB
2026.09.22 01:22:26 INFO  Progress (4): 6.3 MB | 490 kB | 89 kB | 0/12 MB
2026.09.22 01:22:26 INFO  Progress (4): 6.3 MB | 490 kB | 89 kB | 0.1/12 MB
2026.09.22 01:22:26 INFO  Progress (4): 6.3 MB | 490 kB | 89 kB | 0.1/12 MB
2026.09.22 01:22:26 INFO  Progress (4): 6.3 MB | 490 kB | 89 kB | 0.1/12 MB
2026.09.22 01:22:26 INFO  Progress (4): 6.3 MB | 490 kB | 89 kB | 0.1/12 MB
2026.09.22 01:22:26 INFO  Progress (4): 6.3 MB | 490 kB | 89 kB | 0.1/12 MB
2026.09.22 01:22:26 INFO  Progress (4): 6.3 MB | 490 kB | 89 kB | 0.1/12 MB
2026.09.22 01:22:26 INFO  Progress (4): 6.3 MB | 490 kB | 89 kB | 0.1/12 MB
2026.09.22 01:22:26 INFO  Progress (4): 6.3 MB | 490 kB | 89 kB | 0.2/12 MB
2026.09.22 01:22:26 INFO  Progress (4): 6.3 MB | 490 kB | 89 kB | 0.2/12 MB
2026.09.22 01:22:26 INFO  Progress (4): 6.3 MB | 490 kB | 89 kB | 0.2/12 MB
2026.09.22 01:22:26 INFO  Progress (4): 6.3 MB | 490 kB | 89 kB | 0.2/12 MB
2026.09.22 01:22:26 INFO  Progress (4): 6.3 MB | 490 kB | 89 kB | 0.2/12 MB
2026.09.22 01:22:26 INFO  Progress (4): 6.3 MB | 490 kB | 89 kB | 0.2/12 MB
2026.09.22 01:22:26 INFO  Progress (4): 6.3 MB | 490 kB | 89 kB | 0.2/12 MB
2026.09.22 01:22:26 INFO  Progress (4): 6.3 MB | 490 kB | 89 kB | 0.2/12 MB
2026.09.22 01:22:26 INFO  Progress (4): 6.3 MB | 490 kB | 89 kB | 0.3/12 MB
2026.09.22 01:22:26 INFO  Progress (4): 6.3 MB | 490 kB | 89 kB | 0.3/12 MB
2026.09.22 01:22:26 INFO  Progress (4): 6.3 MB | 490 kB | 89 kB | 0.3/12 MB
2026.09.22 01:22:26 INFO  Progress (4): 6.3 MB | 490 kB | 89 kB | 0.3/12 MB
2026.09.22 01:22:26 INFO  Progress (4): 6.3 MB | 490 kB | 89 kB | 0.3/12 MB
2026.09.22 01:22:26 INFO  Progress (4): 6.3 MB | 490 kB | 89 kB | 0.3/12 MB
2026.09.22 01:22:26 INFO  Progress (4): 6.3 MB | 490 kB | 89 kB | 0.3/12 MB
2026.09.22 01:22:26 INFO  Progress (4): 6.3 MB | 490 kB | 89 kB | 0.4/12 MB
2026.09.22 01:22:26 INFO  Progress (4): 6.3 MB | 490 kB | 89 kB | 0.4/12 MB
2026.09.22 01:22:26 INFO  Progress (4): 6.3 MB | 490 kB | 89 kB | 0.4/12 MB
2026.09.22 01:22:26 INFO  Progress (4): 6.3 MB | 490 kB | 89 kB | 0.4/12 MB
2026.09.22 01:22:26 INFO  Progress (4): 6.3 MB | 490 kB | 89 kB | 0.4/12 MB
2026.09.22 01:22:26 INFO  Progress (4): 6.3 MB | 490 kB | 89 kB | 0.4/12 MB
2026.09.22 01:22:26 INFO  Progress (4): 6.3 MB | 490 kB | 89 kB | 0.4/12 MB
2026.09.22 01:22:26 INFO  Progress (4): 6.3 MB | 490 kB | 89 kB | 0.5/12 MB
2026.09.22 01:22:26 INFO  Progress (4): 6.3 MB | 490 kB | 89 kB | 0.5/12 MB
2026.09.22 01:22:26 INFO  Progress (4): 6.3 MB | 490 kB | 89 kB | 0.5/12 MB
2026.09.22 01:22:26 INFO  Progress (4): 6.3 MB | 490 kB | 89 kB | 0.5/12 MB
2026.09.22 01:22:26 INFO  Progress (4): 6.3 MB | 490 kB | 89 kB | 0.5/12 MB
2026.09.22 01:22:26 INFO  Progress (4): 6.3 MB | 490 kB | 89 kB | 0.5/12 MB
2026.09.22 01:22:26 INFO  Progress (4): 6.3 MB | 490 kB | 89 kB | 0.5/12 MB
2026.09.22 01:22:26 INFO  Progress (4): 6.3 MB | 490 kB | 89 kB | 0.5/12 MB
2026.09.22 01:22:26 INFO  Progress (4): 6.3 MB | 490 kB | 89 kB | 0.6/12 MB
2026.09.22 01:22:26 INFO  Progress (4): 6.3 MB | 490 kB | 89 kB | 0.6/12 MB
2026.09.22 01:22:26 INFO  Progress (4): 6.3 MB | 490 kB | 89 kB | 0.6/12 MB
2026.09.22 01:22:26 INFO  Progress (4): 6.3 MB | 490 kB | 89 kB | 0.6/12 MB
2026.09.22 01:22:26 INFO  Progress (4): 6.3 MB | 490 kB | 89 kB | 0.6/12 MB
2026.09.22 01:22:26 INFO  Progress (4): 6.3 MB | 490 kB | 89 kB | 0.6/12 MB
2026.09.22 01:22:26 INFO  Progress (4): 6.3 MB | 490 kB | 89 kB | 0.6/12 MB
2026.09.22 01:22:26 INFO  Progress (4): 6.3 MB | 490 kB | 89 kB | 0.7/12 MB
2026.09.22 01:22:26 INFO  Progress (4): 6.3 MB | 490 kB | 89 kB | 0.7/12 MB
2026.09.22 01:22:26 INFO  Progress (4): 6.3 MB | 490 kB | 89 kB | 0.7/12 MB
2026.09.22 01:22:26 INFO  Progress (4): 6.3 MB | 490 kB | 89 kB | 0.7/12 MB
2026.09.22 01:22:26 INFO  Progress (4): 6.3 MB | 490 kB | 89 kB | 0.7/12 MB
2026.09.22 01:22:26 INFO  Progress (4): 6.3 MB | 490 kB | 89 kB | 0.7/12 MB
2026.09.22 01:22:26 INFO  Progress (4): 6.3 MB | 490 kB | 89 kB | 0.7/12 MB
2026.09.22 01:22:26 INFO  Progress (4): 6.3 MB | 490 kB | 89 kB | 0.7/12 MB
2026.09.22 01:22:26 INFO  Progress (4): 6.3 MB | 490 kB | 89 kB | 0.8/12 MB
2026.09.22 01:22:26 INFO  Progress (4): 6.3 MB | 490 kB | 89 kB | 0.8/12 MB
2026.09.22 01:22:26 INFO  Progress (4): 6.3 MB | 490 kB | 89 kB | 0.8/12 MB
2026.09.22 01:22:26 INFO  Progress (4): 6.3 MB | 490 kB | 89 kB | 0.8/12 MB
2026.09.22 01:22:26 INFO  Progress (4): 6.3 MB | 490 kB | 89 kB | 0.8/12 MB
2026.09.22 01:22:26 INFO  Progress (4): 6.3 MB | 490 kB | 89 kB | 0.8/12 MB
2026.09.22 01:22:26 INFO  Progress (4): 6.3 MB | 490 kB | 89 kB | 0.9/12 MB
2026.09.22 01:22:26 INFO  Progress (4): 6.3 MB | 490 kB | 89 kB | 0.9/12 MB
2026.09.22 01:22:26 INFO  Progress (4): 6.3 MB | 490 kB | 89 kB | 0.9/12 MB
2026.09.22 01:22:26 INFO  Progress (4): 6.3 MB | 490 kB | 89 kB | 0.9/12 MB
2026.09.22 01:22:26 INFO  Progress (4): 6.3 MB | 490 kB | 89 kB | 0.9/12 MB
2026.09.22 01:22:26 INFO  Progress (4): 6.3 MB | 490 kB | 89 kB | 0.9/12 MB
2026.09.22 01:22:26 INFO  Progress (4): 6.3 MB | 490 kB | 89 kB | 0.9/12 MB
2026.09.22 01:22:26 INFO  Progress (4): 6.3 MB | 490 kB | 89 kB | 0.9/12 MB
2026.09.22 01:22:26 INFO  Progress (4): 6.3 MB | 490 kB | 89 kB | 1.0/12 MB
2026.09.22 01:22:26 INFO  Progress (4): 6.3 MB | 490 kB | 89 kB | 1.0/12 MB
2026.09.22 01:22:26 INFO  Progress (4): 6.3 MB | 490 kB | 89 kB | 1.0/12 MB
2026.09.22 01:22:26 INFO  Progress (4): 6.3 MB | 490 kB | 89 kB | 1.0/12 MB
2026.09.22 01:22:26 INFO  Progress (4): 6.3 MB | 490 kB | 89 kB | 1.0/12 MB
2026.09.22 01:22:26 INFO  Progress (4): 6.3 MB | 490 kB | 89 kB | 1.0/12 MB
2026.09.22 01:22:26 INFO  Progress (4): 6.3 MB | 490 kB | 89 kB | 1.0/12 MB
2026.09.22 01:22:26 INFO  Progress (4): 6.3 MB | 490 kB | 89 kB | 1.1/12 MB
2026.09.22 01:22:26 INFO  Progress (4): 6.3 MB | 490 kB | 89 kB | 1.1/12 MB
2026.09.22 01:22:26 INFO  Progress (4): 6.3 MB | 490 kB | 89 kB | 1.1/12 MB
2026.09.22 01:22:26 INFO  Progress (4): 6.3 MB | 490 kB | 89 kB | 1.1/12 MB
2026.09.22 01:22:26 INFO  Progress (4): 6.3 MB | 490 kB | 89 kB | 1.1/12 MB
2026.09.22 01:22:26 INFO  Progress (4): 6.3 MB | 490 kB | 89 kB | 1.1/12 MB
2026.09.22 01:22:26 INFO  Progress (4): 6.3 MB | 490 kB | 89 kB | 1.1/12 MB
2026.09.22 01:22:26 INFO  Progress (4): 6.3 MB | 490 kB | 89 kB | 1.2/12 MB
2026.09.22 01:22:26 INFO  Progress (4): 6.3 MB | 490 kB | 89 kB | 1.2/12 MB
2026.09.22 01:22:26 INFO  Progress (4): 6.3 MB | 490 kB | 89 kB | 1.2/12 MB
2026.09.22 01:22:26 INFO  Progress (4): 6.3 MB | 490 kB | 89 kB | 1.2/12 MB
2026.09.22 01:22:26 INFO  Progress (4): 6.3 MB | 490 kB | 89 kB | 1.2/12 MB
2026.09.22 01:22:26 INFO  Progress (4): 6.3 MB | 490 kB | 89 kB | 1.2/12 MB
2026.09.22 01:22:26 INFO  Progress (4): 6.3 MB | 490 kB | 89 kB | 1.2/12 MB
2026.09.22 01:22:26 INFO  Progress (4): 6.3 MB | 490 kB | 89 kB | 1.3/12 MB
2026.09.22 01:22:26 INFO  Progress (4): 6.3 MB | 490 kB | 89 kB | 1.3/12 MB
2026.09.22 01:22:26 INFO  Progress (5): 6.3 MB | 490 kB | 89 kB | 1.3/12 MB | 8.2/112 kB
2026.09.22 01:22:26 INFO  Progress (5): 6.3 MB | 490 kB | 89 kB | 1.3/12 MB | 8.2/112 kB
2026.09.22 01:22:26 INFO  Progress (5): 6.3 MB | 490 kB | 89 kB | 1.3/12 MB | 25/112 kB 
2026.09.22 01:22:26 INFO  Progress (5): 6.3 MB | 490 kB | 89 kB | 1.3/12 MB | 25/112 kB
2026.09.22 01:22:26 INFO  Progress (5): 6.3 MB | 490 kB | 89 kB | 1.3/12 MB | 33/112 kB
2026.09.22 01:22:26 INFO  Progress (5): 6.3 MB | 490 kB | 89 kB | 1.3/12 MB | 33/112 kB
2026.09.22 01:22:26 INFO  Progress (5): 6.3 MB | 490 kB | 89 kB | 1.3/12 MB | 49/112 kB
2026.09.22 01:22:26 INFO  Progress (5): 6.3 MB | 490 kB | 89 kB | 1.3/12 MB | 49/112 kB
2026.09.22 01:22:26 INFO  Progress (5): 6.3 MB | 490 kB | 89 kB | 1.3/12 MB | 66/112 kB
2026.09.22 01:22:26 INFO  Progress (5): 6.3 MB | 490 kB | 89 kB | 1.3/12 MB | 66/112 kB
2026.09.22 01:22:26 INFO  Progress (5): 6.3 MB | 490 kB | 89 kB | 1.3/12 MB | 82/112 kB
2026.09.22 01:22:26 INFO  Progress (5): 6.3 MB | 490 kB | 89 kB | 1.3/12 MB | 98/112 kB
2026.09.22 01:22:26 INFO  Progress (5): 6.3 MB | 490 kB | 89 kB | 1.3/12 MB | 98/112 kB
2026.09.22 01:22:26 INFO  Progress (5): 6.3 MB | 490 kB | 89 kB | 1.3/12 MB | 112 kB   
2026.09.22 01:22:26 INFO  Progress (5): 6.3 MB | 490 kB | 89 kB | 1.4/12 MB | 112 kB
2026.09.22 01:22:26 INFO  Progress (5): 6.3 MB | 490 kB | 89 kB | 1.4/12 MB | 112 kB
2026.09.22 01:22:26 INFO  Progress (5): 6.3 MB | 490 kB | 89 kB | 1.4/12 MB | 112 kB
2026.09.22 01:22:26 INFO  Progress (5): 6.3 MB | 490 kB | 89 kB | 1.4/12 MB | 112 kB
2026.09.22 01:22:26 INFO  Progress (5): 6.3 MB | 490 kB | 89 kB | 1.4/12 MB | 112 kB
2026.09.22 01:22:26 INFO  Progress (5): 6.3 MB | 490 kB | 89 kB | 1.4/12 MB | 112 kB
2026.09.22 01:22:26 INFO  Progress (5): 6.3 MB | 490 kB | 89 kB | 1.4/12 MB | 112 kB
2026.09.22 01:22:26 INFO  Progress (5): 6.3 MB | 490 kB | 89 kB | 1.4/12 MB | 112 kB
2026.09.22 01:22:26 INFO  Progress (5): 6.3 MB | 490 kB | 89 kB | 1.5/12 MB | 112 kB
2026.09.22 01:22:26 INFO  Progress (5): 6.3 MB | 490 kB | 89 kB | 1.5/12 MB | 112 kB
2026.09.22 01:22:26 INFO  Progress (5): 6.3 MB | 490 kB | 89 kB | 1.5/12 MB | 112 kB
2026.09.22 01:22:26 INFO  Progress (5): 6.3 MB | 490 kB | 89 kB | 1.5/12 MB | 112 kB
2026.09.22 01:22:26 INFO  Progress (5): 6.3 MB | 490 kB | 89 kB | 1.5/12 MB | 112 kB
2026.09.22 01:22:26 INFO  Progress (5): 6.3 MB | 490 kB | 89 kB | 1.5/12 MB | 112 kB
2026.09.22 01:22:26 INFO  Progress (5): 6.3 MB | 490 kB | 89 kB | 1.6/12 MB | 112 kB
2026.09.22 01:22:26 INFO  Progress (5): 6.3 MB | 490 kB | 89 kB | 1.6/12 MB | 112 kB
2026.09.22 01:22:26 INFO  Progress (5): 6.3 MB | 490 kB | 89 kB | 1.6/12 MB | 112 kB
2026.09.22 01:22:26 INFO  Progress (5): 6.3 MB | 490 kB | 89 kB | 1.6/12 MB | 112 kB
2026.09.22 01:22:26 INFO  Progress (5): 6.3 MB | 490 kB | 89 kB | 1.6/12 MB | 112 kB
2026.09.22 01:22:26 INFO  Progress (5): 6.3 MB | 490 kB | 89 kB | 1.6/12 MB | 112 kB
2026.09.22 01:22:26 INFO  Progress (5): 6.3 MB | 490 kB | 89 kB | 1.7/12 MB | 112 kB
2026.09.22 01:22:26 INFO  Progress (5): 6.3 MB | 490 kB | 89 kB | 1.7/12 MB | 112 kB
2026.09.22 01:22:26 INFO  Progress (5): 6.3 MB | 490 kB | 89 kB | 1.7/12 MB | 112 kB
2026.09.22 01:22:26 INFO  Progress (5): 6.3 MB | 490 kB | 89 kB | 1.7/12 MB | 112 kB
2026.09.22 01:22:26 INFO  Progress (5): 6.3 MB | 490 kB | 89 kB | 1.7/12 MB | 112 kB
2026.09.22 01:22:26 INFO  Progress (5): 6.3 MB | 490 kB | 89 kB | 1.7/12 MB | 112 kB
2026.09.22 01:22:26 INFO  Progress (5): 6.3 MB | 490 kB | 89 kB | 1.8/12 MB | 112 kB
2026.09.22 01:22:26 INFO  Progress (5): 6.3 MB | 490 kB | 89 kB | 1.8/12 MB | 112 kB
2026.09.22 01:22:26 INFO  Progress (5): 6.3 MB | 490 kB | 89 kB | 1.8/12 MB | 112 kB
2026.09.22 01:22:26 INFO  Progress (5): 6.3 MB | 490 kB | 89 kB | 1.8/12 MB | 112 kB
2026.09.22 01:22:26 INFO  Progress (5): 6.3 MB | 490 kB | 89 kB | 1.8/12 MB | 112 kB
2026.09.22 01:22:26 INFO  Progress (5): 6.3 MB | 490 kB | 89 kB | 1.8/12 MB | 112 kB
2026.09.22 01:22:26 INFO  Progress (5): 6.3 MB | 490 kB | 89 kB | 1.8/12 MB | 112 kB
2026.09.22 01:22:26 INFO  Progress (5): 6.3 MB | 490 kB | 89 kB | 1.9/12 MB | 112 kB
2026.09.22 01:22:26 INFO  Progress (5): 6.3 MB | 490 kB | 89 kB | 1.9/12 MB | 112 kB
2026.09.22 01:22:26 INFO  Progress (5): 6.3 MB | 490 kB | 89 kB | 1.9/12 MB | 112 kB
2026.09.22 01:22:26 INFO  Progress (5): 6.3 MB | 490 kB | 89 kB | 1.9/12 MB | 112 kB
2026.09.22 01:22:26 INFO  Progress (5): 6.3 MB | 490 kB | 89 kB | 1.9/12 MB | 112 kB
2026.09.22 01:22:26 INFO  Progress (5): 6.3 MB | 490 kB | 89 kB | 1.9/12 MB | 112 kB
2026.09.22 01:22:26 INFO  Progress (5): 6.3 MB | 490 kB | 89 kB | 2.0/12 MB | 112 kB
2026.09.22 01:22:26 INFO  Progress (5): 6.3 MB | 490 kB | 89 kB | 2.0/12 MB | 112 kB
2026.09.22 01:22:26 INFO  Progress (5): 6.3 MB | 490 kB | 89 kB | 2.0/12 MB | 112 kB
2026.09.22 01:22:26 INFO  Progress (5): 6.3 MB | 490 kB | 89 kB | 2.0/12 MB | 112 kB
2026.09.22 01:22:26 INFO  Progress (5): 6.3 MB | 490 kB | 89 kB | 2.0/12 MB | 112 kB
2026.09.22 01:22:26 INFO  Progress (5): 6.3 MB | 490 kB | 89 kB | 2.0/12 MB | 112 kB
2026.09.22 01:22:26 INFO  Progress (5): 6.3 MB | 490 kB | 89 kB | 2.0/12 MB | 112 kB
2026.09.22 01:22:26 INFO  Progress (5): 6.3 MB | 490 kB | 89 kB | 2.1/12 MB | 112 kB
2026.09.22 01:22:26 INFO  Progress (5): 6.3 MB | 490 kB | 89 kB | 2.1/12 MB | 112 kB
2026.09.22 01:22:26 INFO  Progress (5): 6.3 MB | 490 kB | 89 kB | 2.1/12 MB | 112 kB
2026.09.22 01:22:26 INFO  Progress (5): 6.3 MB | 490 kB | 89 kB | 2.1/12 MB | 112 kB
2026.09.22 01:22:26 INFO  Progress (5): 6.3 MB | 490 kB | 89 kB | 2.1/12 MB | 112 kB
2026.09.22 01:22:26 INFO  Progress (5): 6.3 MB | 490 kB | 89 kB | 2.1/12 MB | 112 kB
2026.09.22 01:22:26 INFO  Progress (5): 6.3 MB | 490 kB | 89 kB | 2.2/12 MB | 112 kB
2026.09.22 01:22:26 INFO  Progress (5): 6.3 MB | 490 kB | 89 kB | 2.2/12 MB | 112 kB
2026.09.22 01:22:26 INFO  Progress (5): 6.3 MB | 490 kB | 89 kB | 2.2/12 MB | 112 kB
2026.09.22 01:22:26 INFO  Progress (5): 6.3 MB | 490 kB | 89 kB | 2.2/12 MB | 112 kB
2026.09.22 01:22:26 INFO  Progress (5): 6.3 MB | 490 kB | 89 kB | 2.2/12 MB | 112 kB
2026.09.22 01:22:26 INFO  Progress (5): 6.3 MB | 490 kB | 89 kB | 2.2/12 MB | 112 kB
2026.09.22 01:22:26 INFO  Progress (5): 6.3 MB | 490 kB | 89 kB | 2.2/12 MB | 112 kB
2026.09.22 01:22:26 INFO  Progress (5): 6.3 MB | 490 kB | 89 kB | 2.3/12 MB | 112 kB
2026.09.22 01:22:26 INFO  Progress (5): 6.3 MB | 490 kB | 89 kB | 2.3/12 MB | 112 kB
2026.09.22 01:22:26 INFO  Progress (5): 6.3 MB | 490 kB | 89 kB | 2.3/12 MB | 112 kB
2026.09.22 01:22:26 INFO  Progress (5): 6.3 MB | 490 kB | 89 kB | 2.3/12 MB | 112 kB
2026.09.22 01:22:26 INFO  Progress (5): 6.3 MB | 490 kB | 89 kB | 2.3/12 MB | 112 kB
2026.09.22 01:22:26 INFO  Progress (5): 6.3 MB | 490 kB | 89 kB | 2.3/12 MB | 112 kB
2026.09.22 01:22:26 INFO  Progress (5): 6.3 MB | 490 kB | 89 kB | 2.4/12 MB | 112 kB
2026.09.22 01:22:26 INFO  Progress (5): 6.3 MB | 490 kB | 89 kB | 2.4/12 MB | 112 kB
2026.09.22 01:22:26 INFO  Progress (5): 6.3 MB | 490 kB | 89 kB | 2.4/12 MB | 112 kB
2026.09.22 01:22:26 INFO  Progress (5): 6.3 MB | 490 kB | 89 kB | 2.4/12 MB | 112 kB
2026.09.22 01:22:26 INFO  Progress (5): 6.3 MB | 490 kB | 89 kB | 2.4/12 MB | 112 kB
2026.09.22 01:22:26 INFO  Progress (5): 6.3 MB | 490 kB | 89 kB | 2.4/12 MB | 112 kB
2026.09.22 01:22:26 INFO  Progress (5): 6.3 MB | 490 kB | 89 kB | 2.4/12 MB | 112 kB
2026.09.22 01:22:26 INFO  Progress (5): 6.3 MB | 490 kB | 89 kB | 2.5/12 MB | 112 kB
2026.09.22 01:22:26 INFO  Progress (5): 6.3 MB | 490 kB | 89 kB | 2.5/12 MB | 112 kB
2026.09.22 01:22:26 INFO  Progress (5): 6.3 MB | 490 kB | 89 kB | 2.5/12 MB | 112 kB
2026.09.22 01:22:26 INFO  Progress (5): 6.3 MB | 490 kB | 89 kB | 2.5/12 MB | 112 kB
2026.09.22 01:22:26 INFO  Progress (5): 6.3 MB | 490 kB | 89 kB | 2.5/12 MB | 112 kB
2026.09.22 01:22:26 INFO  Progress (5): 6.3 MB | 490 kB | 89 kB | 2.5/12 MB | 112 kB
2026.09.22 01:22:26 INFO  Progress (5): 6.3 MB | 490 kB | 89 kB | 2.6/12 MB | 112 kB
2026.09.22 01:22:26 INFO  Progress (5): 6.3 MB | 490 kB | 89 kB | 2.6/12 MB | 112 kB
2026.09.22 01:22:26 INFO  Progress (5): 6.3 MB | 490 kB | 89 kB | 2.6/12 MB | 112 kB
2026.09.22 01:22:26 INFO  Progress (5): 6.3 MB | 490 kB | 89 kB | 2.6/12 MB | 112 kB
2026.09.22 01:22:26 INFO  Progress (5): 6.3 MB | 490 kB | 89 kB | 2.6/12 MB | 112 kB
2026.09.22 01:22:26 INFO  Progress (5): 6.3 MB | 490 kB | 89 kB | 2.6/12 MB | 112 kB
2026.09.22 01:22:26 INFO  Progress (5): 6.3 MB | 490 kB | 89 kB | 2.6/12 MB | 112 kB
2026.09.22 01:22:26 INFO  Progress (5): 6.3 MB | 490 kB | 89 kB | 2.7/12 MB | 112 kB
2026.09.22 01:22:26 INFO  Progress (5): 6.3 MB | 490 kB | 89 kB | 2.7/12 MB | 112 kB
2026.09.22 01:22:26 INFO  Progress (5): 6.3 MB | 490 kB | 89 kB | 2.7/12 MB | 112 kB
2026.09.22 01:22:26 INFO  Progress (5): 6.3 MB | 490 kB | 89 kB | 2.7/12 MB | 112 kB
2026.09.22 01:22:26 INFO  Progress (5): 6.3 MB | 490 kB | 89 kB | 2.7/12 MB | 112 kB
2026.09.22 01:22:26 INFO  Progress (5): 6.3 MB | 490 kB | 89 kB | 2.7/12 MB | 112 kB
2026.09.22 01:22:26 INFO  Progress (5): 6.3 MB | 490 kB | 89 kB | 2.8/12 MB | 112 kB
2026.09.22 01:22:26 INFO  Progress (5): 6.3 MB | 490 kB | 89 kB | 2.8/12 MB | 112 kB
2026.09.22 01:22:26 INFO  Progress (5): 6.3 MB | 490 kB | 89 kB | 2.8/12 MB | 112 kB
2026.09.22 01:22:26 INFO  Progress (5): 6.3 MB | 490 kB | 89 kB | 2.8/12 MB | 112 kB
2026.09.22 01:22:26 INFO  Progress (5): 6.3 MB | 490 kB | 89 kB | 2.8/12 MB | 112 kB
2026.09.22 01:22:26 INFO  Progress (5): 6.3 MB | 490 kB | 89 kB | 2.8/12 MB | 112 kB
2026.09.22 01:22:26 INFO  Progress (5): 6.3 MB | 490 kB | 89 kB | 2.9/12 MB | 112 kB
2026.09.22 01:22:26 INFO  Progress (5): 6.3 MB | 490 kB | 89 kB | 2.9/12 MB | 112 kB
2026.09.22 01:22:26 INFO  Progress (5): 6.3 MB | 490 kB | 89 kB | 2.9/12 MB | 112 kB
2026.09.22 01:22:26 INFO  Progress (5): 6.3 MB | 490 kB | 89 kB | 2.9/12 MB | 112 kB
2026.09.22 01:22:26 INFO  Progress (5): 6.3 MB | 490 kB | 89 kB | 2.9/12 MB | 112 kB
2026.09.22 01:22:26 INFO  Progress (5): 6.3 MB | 490 kB | 89 kB | 2.9/12 MB | 112 kB
2026.09.22 01:22:26 INFO  Progress (5): 6.3 MB | 490 kB | 89 kB | 3.0/12 MB | 112 kB
2026.09.22 01:22:26 INFO  Progress (5): 6.3 MB | 490 kB | 89 kB | 3.0/12 MB | 112 kB
2026.09.22 01:22:26 INFO  Progress (5): 6.3 MB | 490 kB | 89 kB | 3.0/12 MB | 112 kB
2026.09.22 01:22:26 INFO  Progress (5): 6.3 MB | 490 kB | 89 kB | 3.0/12 MB | 112 kB
2026.09.22 01:22:26 INFO  Progress (5): 6.3 MB | 490 kB | 89 kB | 3.0/12 MB | 112 kB
2026.09.22 01:22:26 INFO  Progress (5): 6.3 MB | 490 kB | 89 kB | 3.0/12 MB | 112 kB
2026.09.22 01:22:26 INFO  Progress (5): 6.3 MB | 490 kB | 89 kB | 3.1/12 MB | 112 kB
2026.09.22 01:22:26 INFO  Progress (5): 6.3 MB | 490 kB | 89 kB | 3.1/12 MB | 112 kB
2026.09.22 01:22:26 INFO  Progress (5): 6.3 MB | 490 kB | 89 kB | 3.1/12 MB | 112 kB
2026.09.22 01:22:26 INFO  Progress (5): 6.3 MB | 490 kB | 89 kB | 3.1/12 MB | 112 kB
2026.09.22 01:22:26 INFO  Progress (5): 6.3 MB | 490 kB | 89 kB | 3.1/12 MB | 112 kB
2026.09.22 01:22:26 INFO  Progress (5): 6.3 MB | 490 kB | 89 kB | 3.1/12 MB | 112 kB
2026.09.22 01:22:26 INFO  Progress (5): 6.3 MB | 490 kB | 89 kB | 3.1/12 MB | 112 kB
2026.09.22 01:22:26 INFO  Progress (5): 6.3 MB | 490 kB | 89 kB | 3.2/12 MB | 112 kB
2026.09.22 01:22:26 INFO  Progress (5): 6.3 MB | 490 kB | 89 kB | 3.2/12 MB | 112 kB
2026.09.22 01:22:26 INFO  Progress (5): 6.3 MB | 490 kB | 89 kB | 3.2/12 MB | 112 kB
2026.09.22 01:22:26 INFO  Progress (5): 6.3 MB | 490 kB | 89 kB | 3.2/12 MB | 112 kB
2026.09.22 01:22:26 INFO  Progress (5): 6.3 MB | 490 kB | 89 kB | 3.2/12 MB | 112 kB
2026.09.22 01:22:26 INFO  Progress (5): 6.3 MB | 490 kB | 89 kB | 3.2/12 MB | 112 kB
2026.09.22 01:22:26 INFO  Progress (5): 6.3 MB | 490 kB | 89 kB | 3.3/12 MB | 112 kB
2026.09.22 01:22:26 INFO  Progress (5): 6.3 MB | 490 kB | 89 kB | 3.3/12 MB | 112 kB
2026.09.22 01:22:26 INFO  Progress (5): 6.3 MB | 490 kB | 89 kB | 3.3/12 MB | 112 kB
2026.09.22 01:22:26 INFO  Progress (5): 6.3 MB | 490 kB | 89 kB | 3.3/12 MB | 112 kB
2026.09.22 01:22:26 INFO  Progress (5): 6.3 MB | 490 kB | 89 kB | 3.3/12 MB | 112 kB
2026.09.22 01:22:26 INFO  Progress (5): 6.3 MB | 490 kB | 89 kB | 3.3/12 MB | 112 kB
2026.09.22 01:22:26 INFO  Progress (5): 6.3 MB | 490 kB | 89 kB | 3.4/12 MB | 112 kB
2026.09.22 01:22:26 INFO                                                            
2026.09.22 01:22:26 INFO  Downloaded from central: https://repo.maven.apache.org/maven2/org/scala-sbt/zinc-core_2.13/1.8.0/zinc-core_2.13-1.8.0.jar (490 kB at 175 kB/s)
2026.09.22 01:22:26 INFO  Downloading from central: https://repo.maven.apache.org/maven2/org/scala-sbt/util-interface/1.8.0/util-interface-1.8.0.jar
2026.09.22 01:22:26 INFO  Progress (4): 6.3 MB | 89 kB | 3.4/12 MB | 112 kB
2026.09.22 01:22:26 INFO  Progress (4): 6.3 MB | 89 kB | 3.4/12 MB | 112 kB
2026.09.22 01:22:26 INFO  Progress (4): 6.3 MB | 89 kB | 3.4/12 MB | 112 kB
2026.09.22 01:22:26 INFO  Progress (4): 6.3 MB | 89 kB | 3.4/12 MB | 112 kB
2026.09.22 01:22:26 INFO  Progress (4): 6.3 MB | 89 kB | 3.4/12 MB | 112 kB
2026.09.22 01:22:26 INFO  Progress (4): 6.3 MB | 89 kB | 3.4/12 MB | 112 kB
2026.09.22 01:22:26 INFO  Progress (4): 6.3 MB | 89 kB | 3.5/12 MB | 112 kB
2026.09.22 01:22:26 INFO  Progress (4): 6.3 MB | 89 kB | 3.5/12 MB | 112 kB
2026.09.22 01:22:26 INFO  Progress (4): 6.3 MB | 89 kB | 3.5/12 MB | 112 kB
2026.09.22 01:22:26 INFO  Progress (4): 6.3 MB | 89 kB | 3.5/12 MB | 112 kB
2026.09.22 01:22:26 INFO  Progress (4): 6.3 MB | 89 kB | 3.5/12 MB | 112 kB
2026.09.22 01:22:26 INFO  Progress (4): 6.3 MB | 89 kB | 3.5/12 MB | 112 kB
2026.09.22 01:22:26 INFO  Progress (4): 6.3 MB | 89 kB | 3.6/12 MB | 112 kB
2026.09.22 01:22:26 INFO  Progress (4): 6.3 MB | 89 kB | 3.6/12 MB | 112 kB
2026.09.22 01:22:26 INFO  Progress (4): 6.3 MB | 89 kB | 3.6/12 MB | 112 kB
2026.09.22 01:22:26 INFO  Progress (4): 6.3 MB | 89 kB | 3.6/12 MB | 112 kB
2026.09.22 01:22:26 INFO  Progress (4): 6.3 MB | 89 kB | 3.6/12 MB | 112 kB
2026.09.22 01:22:26 INFO  Progress (4): 6.3 MB | 89 kB | 3.6/12 MB | 112 kB
2026.09.22 01:22:26 INFO  Progress (4): 6.3 MB | 89 kB | 3.6/12 MB | 112 kB
2026.09.22 01:22:26 INFO  Progress (4): 6.3 MB | 89 kB | 3.7/12 MB | 112 kB
2026.09.22 01:22:26 INFO  Progress (4): 6.3 MB | 89 kB | 3.7/12 MB | 112 kB
2026.09.22 01:22:26 INFO  Progress (4): 6.3 MB | 89 kB | 3.7/12 MB | 112 kB
2026.09.22 01:22:26 INFO  Progress (4): 6.3 MB | 89 kB | 3.7/12 MB | 112 kB
2026.09.22 01:22:26 INFO  Progress (4): 6.3 MB | 89 kB | 3.7/12 MB | 112 kB
2026.09.22 01:22:26 INFO  Progress (4): 6.3 MB | 89 kB | 3.7/12 MB | 112 kB
2026.09.22 01:22:26 INFO  Progress (4): 6.3 MB | 89 kB | 3.8/12 MB | 112 kB
2026.09.22 01:22:26 INFO  Progress (4): 6.3 MB | 89 kB | 3.8/12 MB | 112 kB
2026.09.22 01:22:26 INFO  Progress (4): 6.3 MB | 89 kB | 3.8/12 MB | 112 kB
2026.09.22 01:22:26 INFO  Progress (4): 6.3 MB | 89 kB | 3.8/12 MB | 112 kB
2026.09.22 01:22:26 INFO  Progress (4): 6.3 MB | 89 kB | 3.8/12 MB | 112 kB
2026.09.22 01:22:26 INFO  Progress (4): 6.3 MB | 89 kB | 3.8/12 MB | 112 kB
2026.09.22 01:22:26 INFO  Progress (4): 6.3 MB | 89 kB | 3.9/12 MB | 112 kB
2026.09.22 01:22:26 INFO  Progress (4): 6.3 MB | 89 kB | 3.9/12 MB | 112 kB
2026.09.22 01:22:26 INFO  Progress (4): 6.3 MB | 89 kB | 3.9/12 MB | 112 kB
2026.09.22 01:22:26 INFO  Progress (4): 6.3 MB | 89 kB | 3.9/12 MB | 112 kB
2026.09.22 01:22:26 INFO  Progress (4): 6.3 MB | 89 kB | 3.9/12 MB | 112 kB
2026.09.22 01:22:26 INFO  Progress (4): 6.3 MB | 89 kB | 3.9/12 MB | 112 kB
2026.09.22 01:22:26 INFO  Progress (4): 6.3 MB | 89 kB | 4.0/12 MB | 112 kB
2026.09.22 01:22:26 INFO  Progress (4): 6.3 MB | 89 kB | 4.0/12 MB | 112 kB
2026.09.22 01:22:26 INFO  Progress (4): 6.3 MB | 89 kB | 4.0/12 MB | 112 kB
2026.09.22 01:22:26 INFO  Progress (4): 6.3 MB | 89 kB | 4.0/12 MB | 112 kB
2026.09.22 01:22:26 INFO  Progress (4): 6.3 MB | 89 kB | 4.0/12 MB | 112 kB
2026.09.22 01:22:26 INFO  Progress (4): 6.3 MB | 89 kB | 4.0/12 MB | 112 kB
2026.09.22 01:22:26 INFO  Progress (4): 6.3 MB | 89 kB | 4.1/12 MB | 112 kB
2026.09.22 01:22:26 INFO  Progress (4): 6.3 MB | 89 kB | 4.1/12 MB | 112 kB
2026.09.22 01:22:26 INFO  Progress (4): 6.3 MB | 89 kB | 4.1/12 MB | 112 kB
2026.09.22 01:22:26 INFO  Progress (4): 6.3 MB | 89 kB | 4.1/12 MB | 112 kB
2026.09.22 01:22:26 INFO  Progress (4): 6.3 MB | 89 kB | 4.1/12 MB | 112 kB
2026.09.22 01:22:26 INFO  Progress (4): 6.3 MB | 89 kB | 4.1/12 MB | 112 kB
2026.09.22 01:22:26 INFO  Progress (4): 6.3 MB | 89 kB | 4.2/12 MB | 112 kB
2026.09.22 01:22:26 INFO  Progress (4): 6.3 MB | 89 kB | 4.2/12 MB | 112 kB
2026.09.22 01:22:26 INFO  Progress (4): 6.3 MB | 89 kB | 4.2/12 MB | 112 kB
2026.09.22 01:22:26 INFO  Progress (4): 6.3 MB | 89 kB | 4.2/12 MB | 112 kB
2026.09.22 01:22:26 INFO  Progress (4): 6.3 MB | 89 kB | 4.2/12 MB | 112 kB
2026.09.22 01:22:26 INFO  Progress (4): 6.3 MB | 89 kB | 4.2/12 MB | 112 kB
2026.09.22 01:22:26 INFO  Progress (4): 6.3 MB | 89 kB | 4.3/12 MB | 112 kB
2026.09.22 01:22:26 INFO  Progress (4): 6.3 MB | 89 kB | 4.3/12 MB | 112 kB
2026.09.22 01:22:26 INFO  Progress (4): 6.3 MB | 89 kB | 4.3/12 MB | 112 kB
2026.09.22 01:22:26 INFO  Progress (4): 6.3 MB | 89 kB | 4.3/12 MB | 112 kB
2026.09.22 01:22:26 INFO  Progress (4): 6.3 MB | 89 kB | 4.3/12 MB | 112 kB
2026.09.22 01:22:26 INFO  Progress (4): 6.3 MB | 89 kB | 4.3/12 MB | 112 kB
2026.09.22 01:22:26 INFO  Progress (4): 6.3 MB | 89 kB | 4.4/12 MB | 112 kB
2026.09.22 01:22:26 INFO  Progress (4): 6.3 MB | 89 kB | 4.4/12 MB | 112 kB
2026.09.22 01:22:26 INFO  Progress (4): 6.3 MB | 89 kB | 4.4/12 MB | 112 kB
2026.09.22 01:22:26 INFO  Progress (4): 6.3 MB | 89 kB | 4.4/12 MB | 112 kB
2026.09.22 01:22:26 INFO  Progress (4): 6.3 MB | 89 kB | 4.4/12 MB | 112 kB
2026.09.22 01:22:26 INFO  Progress (4): 6.3 MB | 89 kB | 4.4/12 MB | 112 kB
2026.09.22 01:22:26 INFO  Progress (4): 6.3 MB | 89 kB | 4.5/12 MB | 112 kB
2026.09.22 01:22:26 INFO  Progress (4): 6.3 MB | 89 kB | 4.5/12 MB | 112 kB
2026.09.22 01:22:26 INFO  Progress (4): 6.3 MB | 89 kB | 4.5/12 MB | 112 kB
2026.09.22 01:22:26 INFO  Progress (4): 6.3 MB | 89 kB | 4.5/12 MB | 112 kB
2026.09.22 01:22:26 INFO  Progress (4): 6.3 MB | 89 kB | 4.5/12 MB | 112 kB
2026.09.22 01:22:26 INFO  Progress (4): 6.3 MB | 89 kB | 4.5/12 MB | 112 kB
2026.09.22 01:22:26 INFO  Progress (4): 6.3 MB | 89 kB | 4.5/12 MB | 112 kB
2026.09.22 01:22:26 INFO  Progress (4): 6.3 MB | 89 kB | 4.6/12 MB | 112 kB
2026.09.22 01:22:26 INFO  Progress (4): 6.3 MB | 89 kB | 4.6/12 MB | 112 kB
2026.09.22 01:22:26 INFO  Progress (4): 6.3 MB | 89 kB | 4.6/12 MB | 112 kB
2026.09.22 01:22:26 INFO  Progress (4): 6.3 MB | 89 kB | 4.6/12 MB | 112 kB
2026.09.22 01:22:26 INFO  Progress (4): 6.3 MB | 89 kB | 4.6/12 MB | 112 kB
2026.09.22 01:22:26 INFO  Progress (4): 6.3 MB | 89 kB | 4.6/12 MB | 112 kB
2026.09.22 01:22:26 INFO  Progress (4): 6.3 MB | 89 kB | 4.7/12 MB | 112 kB
2026.09.22 01:22:26 INFO  Progress (4): 6.3 MB | 89 kB | 4.7/12 MB | 112 kB
2026.09.22 01:22:26 INFO  Progress (4): 6.3 MB | 89 kB | 4.7/12 MB | 112 kB
2026.09.22 01:22:26 INFO  Progress (4): 6.3 MB | 89 kB | 4.7/12 MB | 112 kB
2026.09.22 01:22:26 INFO  Progress (4): 6.3 MB | 89 kB | 4.7/12 MB | 112 kB
2026.09.22 01:22:26 INFO  Progress (4): 6.3 MB | 89 kB | 4.7/12 MB | 112 kB
2026.09.22 01:22:26 INFO  Progress (4): 6.3 MB | 89 kB | 4.8/12 MB | 112 kB
2026.09.22 01:22:26 INFO  Progress (4): 6.3 MB | 89 kB | 4.8/12 MB | 112 kB
2026.09.22 01:22:26 INFO  Progress (4): 6.3 MB | 89 kB | 4.8/12 MB | 112 kB
2026.09.22 01:22:26 INFO  Progress (4): 6.3 MB | 89 kB | 4.8/12 MB | 112 kB
2026.09.22 01:22:26 INFO  Progress (4): 6.3 MB | 89 kB | 4.8/12 MB | 112 kB
2026.09.22 01:22:26 INFO  Progress (4): 6.3 MB | 89 kB | 4.8/12 MB | 112 kB
2026.09.22 01:22:26 INFO  Progress (4): 6.3 MB | 89 kB | 4.8/12 MB | 112 kB
2026.09.22 01:22:26 INFO  Progress (4): 6.3 MB | 89 kB | 4.9/12 MB | 112 kB
2026.09.22 01:22:26 INFO  Progress (4): 6.3 MB | 89 kB | 4.9/12 MB | 112 kB
2026.09.22 01:22:26 INFO  Progress (4): 6.3 MB | 89 kB | 4.9/12 MB | 112 kB
2026.09.22 01:22:26 INFO  Progress (4): 6.3 MB | 89 kB | 4.9/12 MB | 112 kB
2026.09.22 01:22:26 INFO  Progress (4): 6.3 MB | 89 kB | 4.9/12 MB | 112 kB
2026.09.22 01:22:26 INFO  Progress (4): 6.3 MB | 89 kB | 4.9/12 MB | 112 kB
2026.09.22 01:22:26 INFO  Progress (4): 6.3 MB | 89 kB | 5.0/12 MB | 112 kB
2026.09.22 01:22:26 INFO  Progress (4): 6.3 MB | 89 kB | 5.0/12 MB | 112 kB
2026.09.22 01:22:26 INFO  Progress (4): 6.3 MB | 89 kB | 5.0/12 MB | 112 kB
2026.09.22 01:22:26 INFO  Progress (4): 6.3 MB | 89 kB | 5.0/12 MB | 112 kB
2026.09.22 01:22:26 INFO  Progress (4): 6.3 MB | 89 kB | 5.0/12 MB | 112 kB
2026.09.22 01:22:26 INFO  Progress (4): 6.3 MB | 89 kB | 5.0/12 MB | 112 kB
2026.09.22 01:22:26 INFO  Progress (4): 6.3 MB | 89 kB | 5.1/12 MB | 112 kB
2026.09.22 01:22:26 INFO  Progress (4): 6.3 MB | 89 kB | 5.1/12 MB | 112 kB
2026.09.22 01:22:26 INFO  Progress (4): 6.3 MB | 89 kB | 5.1/12 MB | 112 kB
2026.09.22 01:22:26 INFO  Progress (4): 6.3 MB | 89 kB | 5.1/12 MB | 112 kB
2026.09.22 01:22:26 INFO  Progress (4): 6.3 MB | 89 kB | 5.1/12 MB | 112 kB
2026.09.22 01:22:26 INFO  Progress (4): 6.3 MB | 89 kB | 5.1/12 MB | 112 kB
2026.09.22 01:22:26 INFO  Progress (4): 6.3 MB | 89 kB | 5.2/12 MB | 112 kB
2026.09.22 01:22:26 INFO  Progress (4): 6.3 MB | 89 kB | 5.2/12 MB | 112 kB
2026.09.22 01:22:26 INFO  Progress (4): 6.3 MB | 89 kB | 5.2/12 MB | 112 kB
2026.09.22 01:22:26 INFO  Progress (4): 6.3 MB | 89 kB | 5.2/12 MB | 112 kB
2026.09.22 01:22:26 INFO  Progress (4): 6.3 MB | 89 kB | 5.2/12 MB | 112 kB
2026.09.22 01:22:26 INFO  Progress (4): 6.3 MB | 89 kB | 5.2/12 MB | 112 kB
2026.09.22 01:22:26 INFO  Progress (4): 6.3 MB | 89 kB | 5.2/12 MB | 112 kB
2026.09.22 01:22:26 INFO  Progress (4): 6.3 MB | 89 kB | 5.3/12 MB | 112 kB
2026.09.22 01:22:26 INFO  Progress (4): 6.3 MB | 89 kB | 5.3/12 MB | 112 kB
2026.09.22 01:22:26 INFO  Progress (4): 6.3 MB | 89 kB | 5.3/12 MB | 112 kB
2026.09.22 01:22:26 INFO  Progress (4): 6.3 MB | 89 kB | 5.3/12 MB | 112 kB
2026.09.22 01:22:26 INFO  Progress (4): 6.3 MB | 89 kB | 5.3/12 MB | 112 kB
2026.09.22 01:22:26 INFO  Progress (4): 6.3 MB | 89 kB | 5.3/12 MB | 112 kB
2026.09.22 01:22:26 INFO  Progress (4): 6.3 MB | 89 kB | 5.4/12 MB | 112 kB
2026.09.22 01:22:26 INFO  Progress (4): 6.3 MB | 89 kB | 5.4/12 MB | 112 kB
2026.09.22 01:22:26 INFO  Progress (4): 6.3 MB | 89 kB | 5.4/12 MB | 112 kB
2026.09.22 01:22:26 INFO  Progress (4): 6.3 MB | 89 kB | 5.4/12 MB | 112 kB
2026.09.22 01:22:26 INFO  Progress (4): 6.3 MB | 89 kB | 5.4/12 MB | 112 kB
2026.09.22 01:22:26 INFO  Progress (4): 6.3 MB | 89 kB | 5.4/12 MB | 112 kB
2026.09.22 01:22:26 INFO  Progress (4): 6.3 MB | 89 kB | 5.5/12 MB | 112 kB
2026.09.22 01:22:26 INFO  Progress (4): 6.3 MB | 89 kB | 5.5/12 MB | 112 kB
2026.09.22 01:22:26 INFO  Progress (4): 6.3 MB | 89 kB | 5.5/12 MB | 112 kB
2026.09.22 01:22:26 INFO  Progress (4): 6.3 MB | 89 kB | 5.5/12 MB | 112 kB
2026.09.22 01:22:26 INFO  Progress (4): 6.3 MB | 89 kB | 5.5/12 MB | 112 kB
2026.09.22 01:22:26 INFO  Progress (4): 6.3 MB | 89 kB | 5.5/12 MB | 112 kB
2026.09.22 01:22:26 INFO  Progress (4): 6.3 MB | 89 kB | 5.5/12 MB | 112 kB
2026.09.22 01:22:26 INFO  Progress (4): 6.3 MB | 89 kB | 5.6/12 MB | 112 kB
2026.09.22 01:22:26 INFO  Progress (4): 6.3 MB | 89 kB | 5.6/12 MB | 112 kB
2026.09.22 01:22:26 INFO  Progress (4): 6.3 MB | 89 kB | 5.6/12 MB | 112 kB
2026.09.22 01:22:26 INFO  Progress (4): 6.3 MB | 89 kB | 5.6/12 MB | 112 kB
2026.09.22 01:22:26 INFO  Progress (5): 6.3 MB | 89 kB | 5.6/12 MB | 112 kB | 3.3 kB
2026.09.22 01:22:26 INFO  Progress (5): 6.3 MB | 89 kB | 5.6/12 MB | 112 kB | 3.3 kB
2026.09.22 01:22:26 INFO  Progress (5): 6.3 MB | 89 kB | 5.6/12 MB | 112 kB | 3.3 kB
2026.09.22 01:22:26 INFO  Progress (5): 6.3 MB | 89 kB | 5.7/12 MB | 112 kB | 3.3 kB
2026.09.22 01:22:26 INFO  Progress (5): 6.3 MB | 89 kB | 5.7/12 MB | 112 kB | 3.3 kB
2026.09.22 01:22:26 INFO  Progress (5): 6.3 MB | 89 kB | 5.7/12 MB | 112 kB | 3.3 kB
2026.09.22 01:22:26 INFO  Progress (5): 6.3 MB | 89 kB | 5.7/12 MB | 112 kB | 3.3 kB
2026.09.22 01:22:26 INFO  Progress (5): 6.3 MB | 89 kB | 5.7/12 MB | 112 kB | 3.3 kB
2026.09.22 01:22:26 INFO  Progress (5): 6.3 MB | 89 kB | 5.7/12 MB | 112 kB | 3.3 kB
2026.09.22 01:22:26 INFO  Progress (5): 6.3 MB | 89 kB | 5.7/12 MB | 112 kB | 3.3 kB
2026.09.22 01:22:26 INFO  Progress (5): 6.3 MB | 89 kB | 5.8/12 MB | 112 kB | 3.3 kB
2026.09.22 01:22:26 INFO  Progress (5): 6.3 MB | 89 kB | 5.8/12 MB | 112 kB | 3.3 kB
2026.09.22 01:22:26 INFO  Progress (5): 6.3 MB | 89 kB | 5.8/12 MB | 112 kB | 3.3 kB
2026.09.22 01:22:26 INFO  Progress (5): 6.3 MB | 89 kB | 5.8/12 MB | 112 kB | 3.3 kB
2026.09.22 01:22:26 INFO  Progress (5): 6.3 MB | 89 kB | 5.8/12 MB | 112 kB | 3.3 kB
2026.09.22 01:22:26 INFO                                                            
2026.09.22 01:22:26 INFO  Downloaded from central: https://repo.maven.apache.org/maven2/org/scala-sbt/zinc-classpath_2.13/1.8.0/zinc-classpath_2.13-1.8.0.jar (89 kB at 30 kB/s)
2026.09.22 01:22:26 INFO  Downloading from central: https://repo.maven.apache.org/maven2/org/scala-sbt/zinc-persist-core-assembly/1.8.0/zinc-persist-core-assembly-1.8.0.jar
2026.09.22 01:22:26 INFO  Progress (4): 6.3 MB | 5.8/12 MB | 112 kB | 3.3 kB
2026.09.22 01:22:26 INFO  Progress (4): 6.3 MB | 5.9/12 MB | 112 kB | 3.3 kB
2026.09.22 01:22:26 INFO  Progress (4): 6.3 MB | 5.9/12 MB | 112 kB | 3.3 kB
2026.09.22 01:22:26 INFO  Progress (4): 6.3 MB | 5.9/12 MB | 112 kB | 3.3 kB
2026.09.22 01:22:26 INFO  Progress (4): 6.3 MB | 5.9/12 MB | 112 kB | 3.3 kB
2026.09.22 01:22:26 INFO  Progress (4): 6.3 MB | 5.9/12 MB | 112 kB | 3.3 kB
2026.09.22 01:22:26 INFO  Progress (4): 6.3 MB | 5.9/12 MB | 112 kB | 3.3 kB
2026.09.22 01:22:26 INFO  Progress (4): 6.3 MB | 5.9/12 MB | 112 kB | 3.3 kB
2026.09.22 01:22:26 INFO  Progress (4): 6.3 MB | 6.0/12 MB | 112 kB | 3.3 kB
2026.09.22 01:22:26 INFO  Progress (4): 6.3 MB | 6.0/12 MB | 112 kB | 3.3 kB
2026.09.22 01:22:26 INFO  Progress (4): 6.3 MB | 6.0/12 MB | 112 kB | 3.3 kB
2026.09.22 01:22:26 INFO  Progress (4): 6.3 MB | 6.0/12 MB | 112 kB | 3.3 kB
2026.09.22 01:22:26 INFO  Progress (4): 6.3 MB | 6.0/12 MB | 112 kB | 3.3 kB
2026.09.22 01:22:26 INFO  Progress (4): 6.3 MB | 6.0/12 MB | 112 kB | 3.3 kB
2026.09.22 01:22:26 INFO  Progress (4): 6.3 MB | 6.1/12 MB | 112 kB | 3.3 kB
2026.09.22 01:22:26 INFO  Progress (4): 6.3 MB | 6.1/12 MB | 112 kB | 3.3 kB
2026.09.22 01:22:26 INFO  Progress (4): 6.3 MB | 6.1/12 MB | 112 kB | 3.3 kB
2026.09.22 01:22:26 INFO  Progress (4): 6.3 MB | 6.1/12 MB | 112 kB | 3.3 kB
2026.09.22 01:22:26 INFO  Progress (4): 6.3 MB | 6.1/12 MB | 112 kB | 3.3 kB
2026.09.22 01:22:26 INFO  Progress (4): 6.3 MB | 6.1/12 MB | 112 kB | 3.3 kB
2026.09.22 01:22:26 INFO  Progress (4): 6.3 MB | 6.2/12 MB | 112 kB | 3.3 kB
2026.09.22 01:22:26 INFO  Progress (4): 6.3 MB | 6.2/12 MB | 112 kB | 3.3 kB
2026.09.22 01:22:26 INFO  Progress (4): 6.3 MB | 6.2/12 MB | 112 kB | 3.3 kB
2026.09.22 01:22:26 INFO  Progress (4): 6.3 MB | 6.2/12 MB | 112 kB | 3.3 kB
2026.09.22 01:22:26 INFO  Progress (4): 6.3 MB | 6.2/12 MB | 112 kB | 3.3 kB
2026.09.22 01:22:26 INFO  Progress (4): 6.3 MB | 6.2/12 MB | 112 kB | 3.3 kB
2026.09.22 01:22:26 INFO  Progress (4): 6.3 MB | 6.3/12 MB | 112 kB | 3.3 kB
2026.09.22 01:22:26 INFO  Progress (4): 6.3 MB | 6.3/12 MB | 112 kB | 3.3 kB
2026.09.22 01:22:26 INFO  Progress (4): 6.3 MB | 6.3/12 MB | 112 kB | 3.3 kB
2026.09.22 01:22:26 INFO  Progress (4): 6.3 MB | 6.3/12 MB | 112 kB | 3.3 kB
2026.09.22 01:22:26 INFO  Progress (4): 6.3 MB | 6.3/12 MB | 112 kB | 3.3 kB
2026.09.22 01:22:26 INFO  Progress (4): 6.3 MB | 6.3/12 MB | 112 kB | 3.3 kB
2026.09.22 01:22:26 INFO  Progress (4): 6.3 MB | 6.4/12 MB | 112 kB | 3.3 kB
2026.09.22 01:22:26 INFO  Progress (4): 6.3 MB | 6.4/12 MB | 112 kB | 3.3 kB
2026.09.22 01:22:26 INFO  Progress (4): 6.3 MB | 6.4/12 MB | 112 kB | 3.3 kB
2026.09.22 01:22:26 INFO  Progress (4): 6.3 MB | 6.4/12 MB | 112 kB | 3.3 kB
2026.09.22 01:22:26 INFO  Progress (4): 6.3 MB | 6.4/12 MB | 112 kB | 3.3 kB
2026.09.22 01:22:26 INFO  Progress (4): 6.3 MB | 6.4/12 MB | 112 kB | 3.3 kB
2026.09.22 01:22:26 INFO  Progress (4): 6.3 MB | 6.5/12 MB | 112 kB | 3.3 kB
2026.09.22 01:22:26 INFO  Progress (4): 6.3 MB | 6.5/12 MB | 112 kB | 3.3 kB
2026.09.22 01:22:26 INFO  Progress (4): 6.3 MB | 6.5/12 MB | 112 kB | 3.3 kB
2026.09.22 01:22:26 INFO  Progress (4): 6.3 MB | 6.5/12 MB | 112 kB | 3.3 kB
2026.09.22 01:22:26 INFO  Progress (4): 6.3 MB | 6.5/12 MB | 112 kB | 3.3 kB
2026.09.22 01:22:26 INFO  Progress (4): 6.3 MB | 6.5/12 MB | 112 kB | 3.3 kB
2026.09.22 01:22:26 INFO  Progress (4): 6.3 MB | 6.6/12 MB | 112 kB | 3.3 kB
2026.09.22 01:22:26 INFO  Progress (4): 6.3 MB | 6.6/12 MB | 112 kB | 3.3 kB
2026.09.22 01:22:26 INFO  Progress (4): 6.3 MB | 6.6/12 MB | 112 kB | 3.3 kB
2026.09.22 01:22:26 INFO  Progress (4): 6.3 MB | 6.6/12 MB | 112 kB | 3.3 kB
2026.09.22 01:22:26 INFO  Progress (4): 6.3 MB | 6.6/12 MB | 112 kB | 3.3 kB
2026.09.22 01:22:26 INFO  Progress (4): 6.3 MB | 6.6/12 MB | 112 kB | 3.3 kB
2026.09.22 01:22:26 INFO  Progress (4): 6.3 MB | 6.7/12 MB | 112 kB | 3.3 kB
2026.09.22 01:22:26 INFO  Progress (4): 6.3 MB | 6.7/12 MB | 112 kB | 3.3 kB
2026.09.22 01:22:26 INFO  Progress (4): 6.3 MB | 6.7/12 MB | 112 kB | 3.3 kB
2026.09.22 01:22:26 INFO  Progress (4): 6.3 MB | 6.7/12 MB | 112 kB | 3.3 kB
2026.09.22 01:22:26 INFO  Progress (4): 6.3 MB | 6.7/12 MB | 112 kB | 3.3 kB
2026.09.22 01:22:26 INFO  Progress (4): 6.3 MB | 6.7/12 MB | 112 kB | 3.3 kB
2026.09.22 01:22:26 INFO  Progress (4): 6.3 MB | 6.8/12 MB | 112 kB | 3.3 kB
2026.09.22 01:22:26 INFO  Progress (4): 6.3 MB | 6.8/12 MB | 112 kB | 3.3 kB
2026.09.22 01:22:26 INFO  Progress (4): 6.3 MB | 6.8/12 MB | 112 kB | 3.3 kB
2026.09.22 01:22:26 INFO  Progress (4): 6.3 MB | 6.8/12 MB | 112 kB | 3.3 kB
2026.09.22 01:22:26 INFO  Progress (4): 6.3 MB | 6.8/12 MB | 112 kB | 3.3 kB
2026.09.22 01:22:26 INFO  Progress (4): 6.3 MB | 6.8/12 MB | 112 kB | 3.3 kB
2026.09.22 01:22:26 INFO  Progress (4): 6.3 MB | 6.8/12 MB | 112 kB | 3.3 kB
2026.09.22 01:22:26 INFO  Progress (4): 6.3 MB | 6.9/12 MB | 112 kB | 3.3 kB
2026.09.22 01:22:26 INFO  Progress (4): 6.3 MB | 6.9/12 MB | 112 kB | 3.3 kB
2026.09.22 01:22:26 INFO  Progress (4): 6.3 MB | 6.9/12 MB | 112 kB | 3.3 kB
2026.09.22 01:22:26 INFO  Progress (4): 6.3 MB | 6.9/12 MB | 112 kB | 3.3 kB
2026.09.22 01:22:26 INFO  Progress (4): 6.3 MB | 6.9/12 MB | 112 kB | 3.3 kB
2026.09.22 01:22:26 INFO  Progress (4): 6.3 MB | 6.9/12 MB | 112 kB | 3.3 kB
2026.09.22 01:22:26 INFO  Progress (4): 6.3 MB | 7.0/12 MB | 112 kB | 3.3 kB
2026.09.22 01:22:26 INFO  Progress (4): 6.3 MB | 7.0/12 MB | 112 kB | 3.3 kB
2026.09.22 01:22:26 INFO  Progress (4): 6.3 MB | 7.0/12 MB | 112 kB | 3.3 kB
2026.09.22 01:22:26 INFO  Progress (4): 6.3 MB | 7.0/12 MB | 112 kB | 3.3 kB
2026.09.22 01:22:26 INFO  Progress (4): 6.3 MB | 7.0/12 MB | 112 kB | 3.3 kB
2026.09.22 01:22:26 INFO  Progress (4): 6.3 MB | 7.0/12 MB | 112 kB | 3.3 kB
2026.09.22 01:22:26 INFO  Progress (4): 6.3 MB | 7.1/12 MB | 112 kB | 3.3 kB
2026.09.22 01:22:26 INFO  Progress (4): 6.3 MB | 7.1/12 MB | 112 kB | 3.3 kB
2026.09.22 01:22:26 INFO  Progress (4): 6.3 MB | 7.1/12 MB | 112 kB | 3.3 kB
2026.09.22 01:22:26 INFO  Progress (4): 6.3 MB | 7.1/12 MB | 112 kB | 3.3 kB
2026.09.22 01:22:26 INFO  Progress (4): 6.3 MB | 7.1/12 MB | 112 kB | 3.3 kB
2026.09.22 01:22:26 INFO  Progress (4): 6.3 MB | 7.1/12 MB | 112 kB | 3.3 kB
2026.09.22 01:22:26 INFO  Progress (4): 6.3 MB | 7.1/12 MB | 112 kB | 3.3 kB
2026.09.22 01:22:26 INFO  Progress (4): 6.3 MB | 7.2/12 MB | 112 kB | 3.3 kB
2026.09.22 01:22:26 INFO  Progress (4): 6.3 MB | 7.2/12 MB | 112 kB | 3.3 kB
2026.09.22 01:22:26 INFO  Progress (4): 6.3 MB | 7.2/12 MB | 112 kB | 3.3 kB
2026.09.22 01:22:26 INFO  Progress (4): 6.3 MB | 7.2/12 MB | 112 kB | 3.3 kB
2026.09.22 01:22:26 INFO  Progress (4): 6.3 MB | 7.2/12 MB | 112 kB | 3.3 kB
2026.09.22 01:22:26 INFO  Progress (4): 6.3 MB | 7.2/12 MB | 112 kB | 3.3 kB
2026.09.22 01:22:26 INFO                                                    
2026.09.22 01:22:26 INFO  Downloaded from central: https://repo.maven.apache.org/maven2/org/scala-sbt/util-interface/1.8.0/util-interface-1.8.0.jar (3.3 kB at 1.1 kB/s)
2026.09.22 01:22:26 INFO  Downloading from central: https://repo.maven.apache.org/maven2/org/scala-lang/modules/scala-parallel-collections_2.13/0.2.0/scala-parallel-collections_2.13-0.2.0.jar
2026.09.22 01:22:26 INFO  Progress (3): 6.3 MB | 7.3/12 MB | 112 kB
2026.09.22 01:22:26 INFO  Progress (3): 6.3 MB | 7.3/12 MB | 112 kB
2026.09.22 01:22:26 INFO  Progress (3): 6.3 MB | 7.3/12 MB | 112 kB
2026.09.22 01:22:26 INFO  Progress (3): 6.3 MB | 7.3/12 MB | 112 kB
2026.09.22 01:22:26 INFO  Progress (3): 6.3 MB | 7.3/12 MB | 112 kB
2026.09.22 01:22:26 INFO  Progress (3): 6.3 MB | 7.3/12 MB | 112 kB
2026.09.22 01:22:26 INFO  Progress (3): 6.3 MB | 7.4/12 MB | 112 kB
2026.09.22 01:22:26 INFO  Progress (3): 6.3 MB | 7.4/12 MB | 112 kB
2026.09.22 01:22:26 INFO  Progress (3): 6.3 MB | 7.4/12 MB | 112 kB
2026.09.22 01:22:26 INFO  Progress (3): 6.3 MB | 7.4/12 MB | 112 kB
2026.09.22 01:22:26 INFO  Progress (3): 6.3 MB | 7.4/12 MB | 112 kB
2026.09.22 01:22:26 INFO  Progress (3): 6.3 MB | 7.4/12 MB | 112 kB
2026.09.22 01:22:26 INFO  Progress (3): 6.3 MB | 7.5/12 MB | 112 kB
2026.09.22 01:22:26 INFO  Progress (3): 6.3 MB | 7.5/12 MB | 112 kB
2026.09.22 01:22:26 INFO  Progress (3): 6.3 MB | 7.5/12 MB | 112 kB
2026.09.22 01:22:26 INFO  Progress (3): 6.3 MB | 7.5/12 MB | 112 kB
2026.09.22 01:22:26 INFO  Progress (3): 6.3 MB | 7.5/12 MB | 112 kB
2026.09.22 01:22:26 INFO  Progress (4): 6.3 MB | 7.5/12 MB | 112 kB | 0/2.6 MB
2026.09.22 01:22:26 INFO  Progress (4): 6.3 MB | 7.5/12 MB | 112 kB | 0/2.6 MB
2026.09.22 01:22:26 INFO  Progress (4): 6.3 MB | 7.5/12 MB | 112 kB | 0/2.6 MB
2026.09.22 01:22:26 INFO  Progress (4): 6.3 MB | 7.5/12 MB | 112 kB | 0/2.6 MB
2026.09.22 01:22:26 INFO  Progress (4): 6.3 MB | 7.5/12 MB | 112 kB | 0.1/2.6 MB
2026.09.22 01:22:26 INFO  Progress (4): 6.3 MB | 7.5/12 MB | 112 kB | 0.1/2.6 MB
2026.09.22 01:22:26 INFO  Progress (4): 6.3 MB | 7.5/12 MB | 112 kB | 0.1/2.6 MB
2026.09.22 01:22:26 INFO  Progress (4): 6.3 MB | 7.5/12 MB | 112 kB | 0.1/2.6 MB
2026.09.22 01:22:26 INFO  Progress (4): 6.3 MB | 7.5/12 MB | 112 kB | 0.1/2.6 MB
2026.09.22 01:22:26 INFO  Progress (4): 6.3 MB | 7.5/12 MB | 112 kB | 0.1/2.6 MB
2026.09.22 01:22:26 INFO  Progress (4): 6.3 MB | 7.5/12 MB | 112 kB | 0.2/2.6 MB
2026.09.22 01:22:26 INFO  Progress (4): 6.3 MB | 7.5/12 MB | 112 kB | 0.2/2.6 MB
2026.09.22 01:22:26 INFO  Progress (4): 6.3 MB | 7.5/12 MB | 112 kB | 0.2/2.6 MB
2026.09.22 01:22:26 INFO  Progress (4): 6.3 MB | 7.5/12 MB | 112 kB | 0.2/2.6 MB
2026.09.22 01:22:26 INFO  Progress (4): 6.3 MB | 7.5/12 MB | 112 kB | 0.2/2.6 MB
2026.09.22 01:22:26 INFO  Progress (4): 6.3 MB | 7.5/12 MB | 112 kB | 0.2/2.6 MB
2026.09.22 01:22:26 INFO  Progress (4): 6.3 MB | 7.5/12 MB | 112 kB | 0.2/2.6 MB
2026.09.22 01:22:26 INFO  Progress (4): 6.3 MB | 7.5/12 MB | 112 kB | 0.3/2.6 MB
2026.09.22 01:22:26 INFO  Progress (4): 6.3 MB | 7.5/12 MB | 112 kB | 0.3/2.6 MB
2026.09.22 01:22:26 INFO  Progress (4): 6.3 MB | 7.5/12 MB | 112 kB | 0.3/2.6 MB
2026.09.22 01:22:26 INFO  Progress (4): 6.3 MB | 7.5/12 MB | 112 kB | 0.3/2.6 MB
2026.09.22 01:22:26 INFO  Progress (4): 6.3 MB | 7.5/12 MB | 112 kB | 0.3/2.6 MB
2026.09.22 01:22:26 INFO  Progress (4): 6.3 MB | 7.5/12 MB | 112 kB | 0.3/2.6 MB
2026.09.22 01:22:26 INFO  Progress (4): 6.3 MB | 7.5/12 MB | 112 kB | 0.4/2.6 MB
2026.09.22 01:22:26 INFO  Progress (4): 6.3 MB | 7.5/12 MB | 112 kB | 0.4/2.6 MB
2026.09.22 01:22:26 INFO  Progress (4): 6.3 MB | 7.5/12 MB | 112 kB | 0.4/2.6 MB
2026.09.22 01:22:26 INFO  Progress (4): 6.3 MB | 7.5/12 MB | 112 kB | 0.4/2.6 MB
2026.09.22 01:22:26 INFO  Progress (4): 6.3 MB | 7.5/12 MB | 112 kB | 0.4/2.6 MB
2026.09.22 01:22:26 INFO  Progress (4): 6.3 MB | 7.5/12 MB | 112 kB | 0.4/2.6 MB
2026.09.22 01:22:26 INFO  Progress (4): 6.3 MB | 7.5/12 MB | 112 kB | 0.5/2.6 MB
2026.09.22 01:22:26 INFO  Progress (4): 6.3 MB | 7.5/12 MB | 112 kB | 0.5/2.6 MB
2026.09.22 01:22:26 INFO  Progress (4): 6.3 MB | 7.5/12 MB | 112 kB | 0.5/2.6 MB
2026.09.22 01:22:26 INFO  Progress (4): 6.3 MB | 7.5/12 MB | 112 kB | 0.5/2.6 MB
2026.09.22 01:22:26 INFO  Progress (4): 6.3 MB | 7.5/12 MB | 112 kB | 0.5/2.6 MB
2026.09.22 01:22:26 INFO  Progress (4): 6.3 MB | 7.5/12 MB | 112 kB | 0.5/2.6 MB
2026.09.22 01:22:26 INFO  Progress (4): 6.3 MB | 7.5/12 MB | 112 kB | 0.6/2.6 MB
2026.09.22 01:22:26 INFO  Progress (4): 6.3 MB | 7.5/12 MB | 112 kB | 0.6/2.6 MB
2026.09.22 01:22:26 INFO  Progress (4): 6.3 MB | 7.5/12 MB | 112 kB | 0.6/2.6 MB
2026.09.22 01:22:26 INFO  Progress (4): 6.3 MB | 7.5/12 MB | 112 kB | 0.6/2.6 MB
2026.09.22 01:22:26 INFO  Progress (4): 6.3 MB | 7.5/12 MB | 112 kB | 0.6/2.6 MB
2026.09.22 01:22:26 INFO  Progress (4): 6.3 MB | 7.5/12 MB | 112 kB | 0.6/2.6 MB
2026.09.22 01:22:26 INFO  Progress (4): 6.3 MB | 7.5/12 MB | 112 kB | 0.7/2.6 MB
2026.09.22 01:22:26 INFO  Progress (4): 6.3 MB | 7.5/12 MB | 112 kB | 0.7/2.6 MB
2026.09.22 01:22:26 INFO  Progress (4): 6.3 MB | 7.5/12 MB | 112 kB | 0.7/2.6 MB
2026.09.22 01:22:26 INFO  Progress (4): 6.3 MB | 7.5/12 MB | 112 kB | 0.7/2.6 MB
2026.09.22 01:22:26 INFO  Progress (4): 6.3 MB | 7.5/12 MB | 112 kB | 0.7/2.6 MB
2026.09.22 01:22:26 INFO  Progress (4): 6.3 MB | 7.5/12 MB | 112 kB | 0.7/2.6 MB
2026.09.22 01:22:26 INFO  Progress (4): 6.3 MB | 7.5/12 MB | 112 kB | 0.8/2.6 MB
2026.09.22 01:22:26 INFO  Progress (4): 6.3 MB | 7.5/12 MB | 112 kB | 0.8/2.6 MB
2026.09.22 01:22:26 INFO  Progress (4): 6.3 MB | 7.5/12 MB | 112 kB | 0.8/2.6 MB
2026.09.22 01:22:26 INFO  Progress (4): 6.3 MB | 7.5/12 MB | 112 kB | 0.8/2.6 MB
2026.09.22 01:22:26 INFO  Progress (4): 6.3 MB | 7.5/12 MB | 112 kB | 0.8/2.6 MB
2026.09.22 01:22:26 INFO  Progress (4): 6.3 MB | 7.5/12 MB | 112 kB | 0.8/2.6 MB
2026.09.22 01:22:26 INFO  Progress (4): 6.3 MB | 7.5/12 MB | 112 kB | 0.9/2.6 MB
2026.09.22 01:22:26 INFO  Progress (4): 6.3 MB | 7.5/12 MB | 112 kB | 0.9/2.6 MB
2026.09.22 01:22:26 INFO  Progress (4): 6.3 MB | 7.5/12 MB | 112 kB | 0.9/2.6 MB
2026.09.22 01:22:26 INFO  Progress (4): 6.3 MB | 7.5/12 MB | 112 kB | 0.9/2.6 MB
2026.09.22 01:22:26 INFO  Progress (4): 6.3 MB | 7.5/12 MB | 112 kB | 0.9/2.6 MB
2026.09.22 01:22:26 INFO  Progress (4): 6.3 MB | 7.5/12 MB | 112 kB | 0.9/2.6 MB
2026.09.22 01:22:26 INFO  Progress (4): 6.3 MB | 7.5/12 MB | 112 kB | 1.0/2.6 MB
2026.09.22 01:22:26 INFO  Progress (4): 6.3 MB | 7.5/12 MB | 112 kB | 1.0/2.6 MB
2026.09.22 01:22:26 INFO  Progress (4): 6.3 MB | 7.5/12 MB | 112 kB | 1.0/2.6 MB
2026.09.22 01:22:26 INFO  Progress (4): 6.3 MB | 7.5/12 MB | 112 kB | 1.0/2.6 MB
2026.09.22 01:22:26 INFO  Progress (4): 6.3 MB | 7.5/12 MB | 112 kB | 1.0/2.6 MB
2026.09.22 01:22:26 INFO  Progress (4): 6.3 MB | 7.5/12 MB | 112 kB | 1.0/2.6 MB
2026.09.22 01:22:26 INFO  Progress (4): 6.3 MB | 7.5/12 MB | 112 kB | 1.0/2.6 MB
2026.09.22 01:22:26 INFO  Progress (4): 6.3 MB | 7.5/12 MB | 112 kB | 1.1/2.6 MB
2026.09.22 01:22:26 INFO  Progress (4): 6.3 MB | 7.5/12 MB | 112 kB | 1.1/2.6 MB
2026.09.22 01:22:26 INFO  Progress (4): 6.3 MB | 7.5/12 MB | 112 kB | 1.1/2.6 MB
2026.09.22 01:22:26 INFO  Progress (4): 6.3 MB | 7.5/12 MB | 112 kB | 1.1/2.6 MB
2026.09.22 01:22:26 INFO  Progress (4): 6.3 MB | 7.5/12 MB | 112 kB | 1.1/2.6 MB
2026.09.22 01:22:26 INFO  Progress (4): 6.3 MB | 7.5/12 MB | 112 kB | 1.1/2.6 MB
2026.09.22 01:22:26 INFO  Progress (4): 6.3 MB | 7.5/12 MB | 112 kB | 1.2/2.6 MB
2026.09.22 01:22:26 INFO  Progress (4): 6.3 MB | 7.5/12 MB | 112 kB | 1.2/2.6 MB
2026.09.22 01:22:26 INFO  Progress (4): 6.3 MB | 7.5/12 MB | 112 kB | 1.2/2.6 MB
2026.09.22 01:22:26 INFO  Progress (4): 6.3 MB | 7.5/12 MB | 112 kB | 1.2/2.6 MB
2026.09.22 01:22:26 INFO  Progress (4): 6.3 MB | 7.5/12 MB | 112 kB | 1.2/2.6 MB
2026.09.22 01:22:26 INFO  Progress (4): 6.3 MB | 7.5/12 MB | 112 kB | 1.2/2.6 MB
2026.09.22 01:22:26 INFO  Progress (4): 6.3 MB | 7.5/12 MB | 112 kB | 1.3/2.6 MB
2026.09.22 01:22:26 INFO  Progress (4): 6.3 MB | 7.5/12 MB | 112 kB | 1.3/2.6 MB
2026.09.22 01:22:26 INFO  Progress (4): 6.3 MB | 7.5/12 MB | 112 kB | 1.3/2.6 MB
2026.09.22 01:22:26 INFO  Progress (4): 6.3 MB | 7.5/12 MB | 112 kB | 1.3/2.6 MB
2026.09.22 01:22:26 INFO  Progress (4): 6.3 MB | 7.5/12 MB | 112 kB | 1.3/2.6 MB
2026.09.22 01:22:26 INFO  Progress (4): 6.3 MB | 7.5/12 MB | 112 kB | 1.3/2.6 MB
2026.09.22 01:22:26 INFO  Progress (4): 6.3 MB | 7.5/12 MB | 112 kB | 1.4/2.6 MB
2026.09.22 01:22:26 INFO  Progress (4): 6.3 MB | 7.5/12 MB | 112 kB | 1.4/2.6 MB
2026.09.22 01:22:26 INFO  Progress (4): 6.3 MB | 7.5/12 MB | 112 kB | 1.4/2.6 MB
2026.09.22 01:22:26 INFO  Progress (4): 6.3 MB | 7.5/12 MB | 112 kB | 1.4/2.6 MB
2026.09.22 01:22:26 INFO  Progress (4): 6.3 MB | 7.5/12 MB | 112 kB | 1.4/2.6 MB
2026.09.22 01:22:26 INFO  Progress (4): 6.3 MB | 7.5/12 MB | 112 kB | 1.4/2.6 MB
2026.09.22 01:22:26 INFO  Progress (4): 6.3 MB | 7.5/12 MB | 112 kB | 1.5/2.6 MB
2026.09.22 01:22:26 INFO  Progress (4): 6.3 MB | 7.5/12 MB | 112 kB | 1.5/2.6 MB
2026.09.22 01:22:26 INFO  Progress (4): 6.3 MB | 7.5/12 MB | 112 kB | 1.5/2.6 MB
2026.09.22 01:22:26 INFO  Progress (4): 6.3 MB | 7.5/12 MB | 112 kB | 1.5/2.6 MB
2026.09.22 01:22:26 INFO  Progress (4): 6.3 MB | 7.5/12 MB | 112 kB | 1.5/2.6 MB
2026.09.22 01:22:26 INFO  Progress (4): 6.3 MB | 7.5/12 MB | 112 kB | 1.5/2.6 MB
2026.09.22 01:22:26 INFO  Progress (4): 6.3 MB | 7.5/12 MB | 112 kB | 1.6/2.6 MB
2026.09.22 01:22:26 INFO  Progress (4): 6.3 MB | 7.5/12 MB | 112 kB | 1.6/2.6 MB
2026.09.22 01:22:26 INFO  Progress (4): 6.3 MB | 7.5/12 MB | 112 kB | 1.6/2.6 MB
2026.09.22 01:22:26 INFO  Progress (4): 6.3 MB | 7.5/12 MB | 112 kB | 1.6/2.6 MB
2026.09.22 01:22:26 INFO  Progress (4): 6.3 MB | 7.5/12 MB | 112 kB | 1.6/2.6 MB
2026.09.22 01:22:26 INFO  Progress (4): 6.3 MB | 7.5/12 MB | 112 kB | 1.6/2.6 MB
2026.09.22 01:22:26 INFO  Progress (4): 6.3 MB | 7.5/12 MB | 112 kB | 1.7/2.6 MB
2026.09.22 01:22:26 INFO  Progress (4): 6.3 MB | 7.5/12 MB | 112 kB | 1.7/2.6 MB
2026.09.22 01:22:26 INFO  Progress (4): 6.3 MB | 7.5/12 MB | 112 kB | 1.7/2.6 MB
2026.09.22 01:22:26 INFO  Progress (4): 6.3 MB | 7.5/12 MB | 112 kB | 1.7/2.6 MB
2026.09.22 01:22:26 INFO  Progress (4): 6.3 MB | 7.5/12 MB | 112 kB | 1.7/2.6 MB
2026.09.22 01:22:26 INFO  Progress (4): 6.3 MB | 7.5/12 MB | 112 kB | 1.7/2.6 MB
2026.09.22 01:22:26 INFO  Progress (4): 6.3 MB | 7.5/12 MB | 112 kB | 1.8/2.6 MB
2026.09.22 01:22:26 INFO  Progress (4): 6.3 MB | 7.5/12 MB | 112 kB | 1.8/2.6 MB
2026.09.22 01:22:26 INFO  Progress (4): 6.3 MB | 7.5/12 MB | 112 kB | 1.8/2.6 MB
2026.09.22 01:22:26 INFO  Progress (4): 6.3 MB | 7.5/12 MB | 112 kB | 1.8/2.6 MB
2026.09.22 01:22:26 INFO  Progress (4): 6.3 MB | 7.5/12 MB | 112 kB | 1.8/2.6 MB
2026.09.22 01:22:26 INFO  Progress (4): 6.3 MB | 7.6/12 MB | 112 kB | 1.8/2.6 MB
2026.09.22 01:22:26 INFO  Progress (4): 6.3 MB | 7.6/12 MB | 112 kB | 1.8/2.6 MB
2026.09.22 01:22:26 INFO  Progress (4): 6.3 MB | 7.6/12 MB | 112 kB | 1.8/2.6 MB
2026.09.22 01:22:26 INFO  Progress (4): 6.3 MB | 7.6/12 MB | 112 kB | 1.8/2.6 MB
2026.09.22 01:22:26 INFO  Progress (4): 6.3 MB | 7.6/12 MB | 112 kB | 1.8/2.6 MB
2026.09.22 01:22:26 INFO  Progress (4): 6.3 MB | 7.6/12 MB | 112 kB | 1.8/2.6 MB
2026.09.22 01:22:26 INFO  Progress (4): 6.3 MB | 7.7/12 MB | 112 kB | 1.8/2.6 MB
2026.09.22 01:22:26 INFO  Progress (4): 6.3 MB | 7.7/12 MB | 112 kB | 1.8/2.6 MB
2026.09.22 01:22:26 INFO  Progress (4): 6.3 MB | 7.7/12 MB | 112 kB | 1.8/2.6 MB
2026.09.22 01:22:26 INFO  Progress (4): 6.3 MB | 7.7/12 MB | 112 kB | 1.8/2.6 MB
2026.09.22 01:22:26 INFO  Progress (4): 6.3 MB | 7.7/12 MB | 112 kB | 1.8/2.6 MB
2026.09.22 01:22:26 INFO  Progress (4): 6.3 MB | 7.7/12 MB | 112 kB | 1.8/2.6 MB
2026.09.22 01:22:26 INFO  Progress (4): 6.3 MB | 7.7/12 MB | 112 kB | 1.8/2.6 MB
2026.09.22 01:22:26 INFO  Progress (4): 6.3 MB | 7.8/12 MB | 112 kB | 1.8/2.6 MB
2026.09.22 01:22:26 INFO  Progress (4): 6.3 MB | 7.8/12 MB | 112 kB | 1.8/2.6 MB
2026.09.22 01:22:26 INFO  Progress (4): 6.3 MB | 7.8/12 MB | 112 kB | 1.8/2.6 MB
2026.09.22 01:22:26 INFO  Progress (4): 6.3 MB | 7.8/12 MB | 112 kB | 1.8/2.6 MB
2026.09.22 01:22:26 INFO  Progress (4): 6.3 MB | 7.8/12 MB | 112 kB | 1.8/2.6 MB
2026.09.22 01:22:26 INFO  Progress (4): 6.3 MB | 7.8/12 MB | 112 kB | 1.8/2.6 MB
2026.09.22 01:22:26 INFO  Progress (4): 6.3 MB | 7.9/12 MB | 112 kB | 1.8/2.6 MB
2026.09.22 01:22:26 INFO  Progress (4): 6.3 MB | 7.9/12 MB | 112 kB | 1.8/2.6 MB
2026.09.22 01:22:26 INFO  Progress (4): 6.3 MB | 7.9/12 MB | 112 kB | 1.8/2.6 MB
2026.09.22 01:22:26 INFO  Progress (4): 6.3 MB | 7.9/12 MB | 112 kB | 1.8/2.6 MB
2026.09.22 01:22:26 INFO  Progress (4): 6.3 MB | 7.9/12 MB | 112 kB | 1.8/2.6 MB
2026.09.22 01:22:26 INFO  Progress (4): 6.3 MB | 7.9/12 MB | 112 kB | 1.8/2.6 MB
2026.09.22 01:22:26 INFO  Progress (4): 6.3 MB | 7.9/12 MB | 112 kB | 1.8/2.6 MB
2026.09.22 01:22:26 INFO  Progress (4): 6.3 MB | 8.0/12 MB | 112 kB | 1.8/2.6 MB
2026.09.22 01:22:26 INFO  Progress (4): 6.3 MB | 8.0/12 MB | 112 kB | 1.8/2.6 MB
2026.09.22 01:22:26 INFO  Progress (4): 6.3 MB | 8.0/12 MB | 112 kB | 1.8/2.6 MB
2026.09.22 01:22:26 INFO  Progress (4): 6.3 MB | 8.0/12 MB | 112 kB | 1.8/2.6 MB
2026.09.22 01:22:26 INFO  Progress (4): 6.3 MB | 8.0/12 MB | 112 kB | 1.8/2.6 MB
2026.09.22 01:22:26 INFO  Progress (4): 6.3 MB | 8.0/12 MB | 112 kB | 1.8/2.6 MB
2026.09.22 01:22:26 INFO  Progress (4): 6.3 MB | 8.1/12 MB | 112 kB | 1.8/2.6 MB
2026.09.22 01:22:26 INFO  Progress (5): 6.3 MB | 8.1/12 MB | 112 kB | 1.8/2.6 MB | 0/1.1 MB
2026.09.22 01:22:26 INFO  Progress (5): 6.3 MB | 8.1/12 MB | 112 kB | 1.8/2.6 MB | 0/1.1 MB
2026.09.22 01:22:26 INFO  Progress (5): 6.3 MB | 8.1/12 MB | 112 kB | 1.8/2.6 MB | 0/1.1 MB
2026.09.22 01:22:26 INFO  Progress (5): 6.3 MB | 8.1/12 MB | 112 kB | 1.8/2.6 MB | 0/1.1 MB
2026.09.22 01:22:26 INFO  Progress (5): 6.3 MB | 8.1/12 MB | 112 kB | 1.8/2.6 MB | 0.1/1.1 MB
2026.09.22 01:22:26 INFO  Progress (5): 6.3 MB | 8.1/12 MB | 112 kB | 1.8/2.6 MB | 0.1/1.1 MB
2026.09.22 01:22:26 INFO  Progress (5): 6.3 MB | 8.1/12 MB | 112 kB | 1.8/2.6 MB | 0.1/1.1 MB
2026.09.22 01:22:26 INFO  Progress (5): 6.3 MB | 8.1/12 MB | 112 kB | 1.8/2.6 MB | 0.1/1.1 MB
2026.09.22 01:22:26 INFO  Progress (5): 6.3 MB | 8.1/12 MB | 112 kB | 1.8/2.6 MB | 0.1/1.1 MB
2026.09.22 01:22:26 INFO  Progress (5): 6.3 MB | 8.1/12 MB | 112 kB | 1.8/2.6 MB | 0.1/1.1 MB
2026.09.22 01:22:26 INFO  Progress (5): 6.3 MB | 8.1/12 MB | 112 kB | 1.8/2.6 MB | 0.1/1.1 MB
2026.09.22 01:22:26 INFO  Progress (5): 6.3 MB | 8.1/12 MB | 112 kB | 1.8/2.6 MB | 0.2/1.1 MB
2026.09.22 01:22:26 INFO  Progress (5): 6.3 MB | 8.1/12 MB | 112 kB | 1.8/2.6 MB | 0.2/1.1 MB
2026.09.22 01:22:26 INFO  Progress (5): 6.3 MB | 8.1/12 MB | 112 kB | 1.8/2.6 MB | 0.2/1.1 MB
2026.09.22 01:22:26 INFO  Progress (5): 6.3 MB | 8.1/12 MB | 112 kB | 1.8/2.6 MB | 0.2/1.1 MB
2026.09.22 01:22:26 INFO  Progress (5): 6.3 MB | 8.1/12 MB | 112 kB | 1.8/2.6 MB | 0.2/1.1 MB
2026.09.22 01:22:26 INFO  Progress (5): 6.3 MB | 8.1/12 MB | 112 kB | 1.8/2.6 MB | 0.2/1.1 MB
2026.09.22 01:22:26 INFO  Progress (5): 6.3 MB | 8.1/12 MB | 112 kB | 1.8/2.6 MB | 0.2/1.1 MB
2026.09.22 01:22:26 INFO  Progress (5): 6.3 MB | 8.1/12 MB | 112 kB | 1.8/2.6 MB | 0.2/1.1 MB
2026.09.22 01:22:26 INFO  Progress (5): 6.3 MB | 8.1/12 MB | 112 kB | 1.9/2.6 MB | 0.2/1.1 MB
2026.09.22 01:22:26 INFO  Progress (5): 6.3 MB | 8.1/12 MB | 112 kB | 1.9/2.6 MB | 0.3/1.1 MB
2026.09.22 01:22:26 INFO  Progress (5): 6.3 MB | 8.1/12 MB | 112 kB | 1.9/2.6 MB | 0.3/1.1 MB
2026.09.22 01:22:26 INFO  Progress (5): 6.3 MB | 8.1/12 MB | 112 kB | 1.9/2.6 MB | 0.3/1.1 MB
2026.09.22 01:22:26 INFO  Progress (5): 6.3 MB | 8.1/12 MB | 112 kB | 1.9/2.6 MB | 0.3/1.1 MB
2026.09.22 01:22:26 INFO  Progress (5): 6.3 MB | 8.1/12 MB | 112 kB | 1.9/2.6 MB | 0.3/1.1 MB
2026.09.22 01:22:26 INFO  Progress (5): 6.3 MB | 8.1/12 MB | 112 kB | 1.9/2.6 MB | 0.3/1.1 MB
2026.09.22 01:22:26 INFO  Progress (5): 6.3 MB | 8.1/12 MB | 112 kB | 1.9/2.6 MB | 0.3/1.1 MB
2026.09.22 01:22:26 INFO  Progress (5): 6.3 MB | 8.1/12 MB | 112 kB | 1.9/2.6 MB | 0.3/1.1 MB
2026.09.22 01:22:26 INFO  Progress (5): 6.3 MB | 8.1/12 MB | 112 kB | 1.9/2.6 MB | 0.4/1.1 MB
2026.09.22 01:22:26 INFO  Progress (5): 6.3 MB | 8.1/12 MB | 112 kB | 1.9/2.6 MB | 0.4/1.1 MB
2026.09.22 01:22:26 INFO  Progress (5): 6.3 MB | 8.1/12 MB | 112 kB | 1.9/2.6 MB | 0.4/1.1 MB
2026.09.22 01:22:26 INFO  Progress (5): 6.3 MB | 8.1/12 MB | 112 kB | 1.9/2.6 MB | 0.4/1.1 MB
2026.09.22 01:22:26 INFO  Progress (5): 6.3 MB | 8.1/12 MB | 112 kB | 1.9/2.6 MB | 0.4/1.1 MB
2026.09.22 01:22:26 INFO  Progress (5): 6.3 MB | 8.1/12 MB | 112 kB | 1.9/2.6 MB | 0.4/1.1 MB
2026.09.22 01:22:26 INFO  Progress (5): 6.3 MB | 8.1/12 MB | 112 kB | 1.9/2.6 MB | 0.4/1.1 MB
2026.09.22 01:22:26 INFO  Progress (5): 6.3 MB | 8.1/12 MB | 112 kB | 1.9/2.6 MB | 0.5/1.1 MB
2026.09.22 01:22:26 INFO  Progress (5): 6.3 MB | 8.1/12 MB | 112 kB | 1.9/2.6 MB | 0.5/1.1 MB
2026.09.22 01:22:26 INFO  Progress (5): 6.3 MB | 8.1/12 MB | 112 kB | 1.9/2.6 MB | 0.5/1.1 MB
2026.09.22 01:22:26 INFO  Progress (5): 6.3 MB | 8.1/12 MB | 112 kB | 1.9/2.6 MB | 0.5/1.1 MB
2026.09.22 01:22:26 INFO  Progress (5): 6.3 MB | 8.1/12 MB | 112 kB | 1.9/2.6 MB | 0.5/1.1 MB
2026.09.22 01:22:26 INFO  Progress (5): 6.3 MB | 8.1/12 MB | 112 kB | 1.9/2.6 MB | 0.5/1.1 MB
2026.09.22 01:22:26 INFO  Progress (5): 6.3 MB | 8.1/12 MB | 112 kB | 1.9/2.6 MB | 0.6/1.1 MB
2026.09.22 01:22:26 INFO  Progress (5): 6.3 MB | 8.1/12 MB | 112 kB | 1.9/2.6 MB | 0.6/1.1 MB
2026.09.22 01:22:26 INFO  Progress (5): 6.3 MB | 8.1/12 MB | 112 kB | 1.9/2.6 MB | 0.6/1.1 MB
2026.09.22 01:22:26 INFO  Progress (5): 6.3 MB | 8.1/12 MB | 112 kB | 1.9/2.6 MB | 0.6/1.1 MB
2026.09.22 01:22:26 INFO  Progress (5): 6.3 MB | 8.1/12 MB | 112 kB | 1.9/2.6 MB | 0.6/1.1 MB
2026.09.22 01:22:26 INFO  Progress (5): 6.3 MB | 8.1/12 MB | 112 kB | 1.9/2.6 MB | 0.6/1.1 MB
2026.09.22 01:22:26 INFO  Progress (5): 6.3 MB | 8.1/12 MB | 112 kB | 1.9/2.6 MB | 0.6/1.1 MB
2026.09.22 01:22:26 INFO  Progress (5): 6.3 MB | 8.1/12 MB | 112 kB | 1.9/2.6 MB | 0.7/1.1 MB
2026.09.22 01:22:26 INFO  Progress (5): 6.3 MB | 8.1/12 MB | 112 kB | 1.9/2.6 MB | 0.7/1.1 MB
2026.09.22 01:22:26 INFO  Progress (5): 6.3 MB | 8.1/12 MB | 112 kB | 1.9/2.6 MB | 0.7/1.1 MB
2026.09.22 01:22:26 INFO  Progress (5): 6.3 MB | 8.1/12 MB | 112 kB | 1.9/2.6 MB | 0.7/1.1 MB
2026.09.22 01:22:26 INFO  Progress (5): 6.3 MB | 8.1/12 MB | 112 kB | 1.9/2.6 MB | 0.7/1.1 MB
2026.09.22 01:22:27 INFO  Progress (5): 6.3 MB | 8.1/12 MB | 112 kB | 2.0/2.6 MB | 0.7/1.1 MB
2026.09.22 01:22:27 INFO  Progress (5): 6.3 MB | 8.1/12 MB | 112 kB | 2.0/2.6 MB | 0.7/1.1 MB
2026.09.22 01:22:27 INFO  Progress (5): 6.3 MB | 8.1/12 MB | 112 kB | 2.0/2.6 MB | 0.7/1.1 MB
2026.09.22 01:22:27 INFO  Progress (5): 6.3 MB | 8.1/12 MB | 112 kB | 2.0/2.6 MB | 0.7/1.1 MB
2026.09.22 01:22:27 INFO  Progress (5): 6.3 MB | 8.1/12 MB | 112 kB | 2.0/2.6 MB | 0.8/1.1 MB
2026.09.22 01:22:27 INFO  Progress (5): 6.3 MB | 8.1/12 MB | 112 kB | 2.0/2.6 MB | 0.8/1.1 MB
2026.09.22 01:22:27 INFO  Progress (5): 6.3 MB | 8.1/12 MB | 112 kB | 2.0/2.6 MB | 0.8/1.1 MB
2026.09.22 01:22:27 INFO  Progress (5): 6.3 MB | 8.1/12 MB | 112 kB | 2.0/2.6 MB | 0.8/1.1 MB
2026.09.22 01:22:27 INFO  Progress (5): 6.3 MB | 8.1/12 MB | 112 kB | 2.0/2.6 MB | 0.8/1.1 MB
2026.09.22 01:22:27 INFO  Progress (5): 6.3 MB | 8.1/12 MB | 112 kB | 2.0/2.6 MB | 0.8/1.1 MB
2026.09.22 01:22:27 INFO  Progress (5): 6.3 MB | 8.1/12 MB | 112 kB | 2.0/2.6 MB | 0.8/1.1 MB
2026.09.22 01:22:27 INFO  Progress (5): 6.3 MB | 8.1/12 MB | 112 kB | 2.0/2.6 MB | 0.9/1.1 MB
2026.09.22 01:22:27 INFO  Progress (5): 6.3 MB | 8.1/12 MB | 112 kB | 2.0/2.6 MB | 0.9/1.1 MB
2026.09.22 01:22:27 INFO  Progress (5): 6.3 MB | 8.1/12 MB | 112 kB | 2.0/2.6 MB | 0.9/1.1 MB
2026.09.22 01:22:27 INFO  Progress (5): 6.3 MB | 8.1/12 MB | 112 kB | 2.0/2.6 MB | 0.9/1.1 MB
2026.09.22 01:22:27 INFO  Progress (5): 6.3 MB | 8.1/12 MB | 112 kB | 2.0/2.6 MB | 0.9/1.1 MB
2026.09.22 01:22:27 INFO  Progress (5): 6.3 MB | 8.1/12 MB | 112 kB | 2.0/2.6 MB | 0.9/1.1 MB
2026.09.22 01:22:27 INFO  Progress (5): 6.3 MB | 8.1/12 MB | 112 kB | 2.0/2.6 MB | 0.9/1.1 MB
2026.09.22 01:22:27 INFO  Progress (5): 6.3 MB | 8.1/12 MB | 112 kB | 2.0/2.6 MB | 0.9/1.1 MB
2026.09.22 01:22:27 INFO  Progress (5): 6.3 MB | 8.1/12 MB | 112 kB | 2.0/2.6 MB | 1.0/1.1 MB
2026.09.22 01:22:27 INFO  Progress (5): 6.3 MB | 8.1/12 MB | 112 kB | 2.0/2.6 MB | 1.0/1.1 MB
2026.09.22 01:22:27 INFO  Progress (5): 6.3 MB | 8.1/12 MB | 112 kB | 2.0/2.6 MB | 1.0/1.1 MB
2026.09.22 01:22:27 INFO  Progress (5): 6.3 MB | 8.1/12 MB | 112 kB | 2.0/2.6 MB | 1.0/1.1 MB
2026.09.22 01:22:27 INFO  Progress (5): 6.3 MB | 8.1/12 MB | 112 kB | 2.0/2.6 MB | 1.0/1.1 MB
2026.09.22 01:22:27 INFO  Progress (5): 6.3 MB | 8.1/12 MB | 112 kB | 2.0/2.6 MB | 1.0/1.1 MB
2026.09.22 01:22:27 INFO  Progress (5): 6.3 MB | 8.1/12 MB | 112 kB | 2.0/2.6 MB | 1.0/1.1 MB
2026.09.22 01:22:27 INFO  Progress (5): 6.3 MB | 8.1/12 MB | 112 kB | 2.1/2.6 MB | 1.0/1.1 MB
2026.09.22 01:22:27 INFO  Progress (5): 6.3 MB | 8.1/12 MB | 112 kB | 2.1/2.6 MB | 1.0/1.1 MB
2026.09.22 01:22:27 INFO  Progress (5): 6.3 MB | 8.1/12 MB | 112 kB | 2.1/2.6 MB | 1.0/1.1 MB
2026.09.22 01:22:27 INFO  Progress (5): 6.3 MB | 8.1/12 MB | 112 kB | 2.1/2.6 MB | 1.0/1.1 MB
2026.09.22 01:22:27 INFO  Progress (5): 6.3 MB | 8.1/12 MB | 112 kB | 2.1/2.6 MB | 1.1/1.1 MB
2026.09.22 01:22:27 INFO  Progress (5): 6.3 MB | 8.1/12 MB | 112 kB | 2.1/2.6 MB | 1.1/1.1 MB
2026.09.22 01:22:27 INFO  Progress (5): 6.3 MB | 8.1/12 MB | 112 kB | 2.1/2.6 MB | 1.1/1.1 MB
2026.09.22 01:22:27 INFO  Progress (5): 6.3 MB | 8.1/12 MB | 112 kB | 2.1/2.6 MB | 1.1/1.1 MB
2026.09.22 01:22:27 INFO  Progress (5): 6.3 MB | 8.1/12 MB | 112 kB | 2.1/2.6 MB | 1.1/1.1 MB
2026.09.22 01:22:27 INFO  Progress (5): 6.3 MB | 8.1/12 MB | 112 kB | 2.1/2.6 MB | 1.1/1.1 MB
2026.09.22 01:22:27 INFO  Progress (5): 6.3 MB | 8.1/12 MB | 112 kB | 2.1/2.6 MB | 1.1/1.1 MB
2026.09.22 01:22:27 INFO  Progress (5): 6.3 MB | 8.1/12 MB | 112 kB | 2.1/2.6 MB | 1.1/1.1 MB
2026.09.22 01:22:27 INFO  Progress (5): 6.3 MB | 8.1/12 MB | 112 kB | 2.2/2.6 MB | 1.1/1.1 MB
2026.09.22 01:22:27 INFO  Progress (5): 6.3 MB | 8.1/12 MB | 112 kB | 2.2/2.6 MB | 1.1 MB    
2026.09.22 01:22:27 INFO  Progress (5): 6.3 MB | 8.1/12 MB | 112 kB | 2.2/2.6 MB | 1.1 MB
2026.09.22 01:22:27 INFO  Progress (5): 6.3 MB | 8.1/12 MB | 112 kB | 2.2/2.6 MB | 1.1 MB
2026.09.22 01:22:27 INFO  Progress (5): 6.3 MB | 8.1/12 MB | 112 kB | 2.2/2.6 MB | 1.1 MB
2026.09.22 01:22:27 INFO  Progress (5): 6.3 MB | 8.1/12 MB | 112 kB | 2.2/2.6 MB | 1.1 MB
2026.09.22 01:22:27 INFO  Progress (5): 6.3 MB | 8.1/12 MB | 112 kB | 2.2/2.6 MB | 1.1 MB
2026.09.22 01:22:27 INFO  Progress (5): 6.3 MB | 8.1/12 MB | 112 kB | 2.3/2.6 MB | 1.1 MB
2026.09.22 01:22:27 INFO  Progress (5): 6.3 MB | 8.1/12 MB | 112 kB | 2.3/2.6 MB | 1.1 MB
2026.09.22 01:22:27 INFO  Progress (5): 6.3 MB | 8.1/12 MB | 112 kB | 2.3/2.6 MB | 1.1 MB
2026.09.22 01:22:27 INFO  Progress (5): 6.3 MB | 8.1/12 MB | 112 kB | 2.3/2.6 MB | 1.1 MB
2026.09.22 01:22:27 INFO  Progress (5): 6.3 MB | 8.1/12 MB | 112 kB | 2.3/2.6 MB | 1.1 MB
2026.09.22 01:22:27 INFO  Progress (5): 6.3 MB | 8.1/12 MB | 112 kB | 2.3/2.6 MB | 1.1 MB
2026.09.22 01:22:27 INFO  Progress (5): 6.3 MB | 8.1/12 MB | 112 kB | 2.4/2.6 MB | 1.1 MB
2026.09.22 01:22:27 INFO  Progress (5): 6.3 MB | 8.1/12 MB | 112 kB | 2.4/2.6 MB | 1.1 MB
2026.09.22 01:22:27 INFO  Progress (5): 6.3 MB | 8.1/12 MB | 112 kB | 2.4/2.6 MB | 1.1 MB
2026.09.22 01:22:27 INFO  Progress (5): 6.3 MB | 8.1/12 MB | 112 kB | 2.4/2.6 MB | 1.1 MB
2026.09.22 01:22:27 INFO  Progress (5): 6.3 MB | 8.1/12 MB | 112 kB | 2.4/2.6 MB | 1.1 MB
2026.09.22 01:22:27 INFO  Progress (5): 6.3 MB | 8.1/12 MB | 112 kB | 2.4/2.6 MB | 1.1 MB
2026.09.22 01:22:27 INFO  Progress (5): 6.3 MB | 8.1/12 MB | 112 kB | 2.5/2.6 MB | 1.1 MB
2026.09.22 01:22:27 INFO  Progress (5): 6.3 MB | 8.1/12 MB | 112 kB | 2.5/2.6 MB | 1.1 MB
2026.09.22 01:22:27 INFO  Progress (5): 6.3 MB | 8.1/12 MB | 112 kB | 2.5/2.6 MB | 1.1 MB
2026.09.22 01:22:27 INFO  Progress (5): 6.3 MB | 8.1/12 MB | 112 kB | 2.5/2.6 MB | 1.1 MB
2026.09.22 01:22:27 INFO  Progress (5): 6.3 MB | 8.1/12 MB | 112 kB | 2.5/2.6 MB | 1.1 MB
2026.09.22 01:22:27 INFO  Progress (5): 6.3 MB | 8.1/12 MB | 112 kB | 2.5/2.6 MB | 1.1 MB
2026.09.22 01:22:27 INFO  Progress (5): 6.3 MB | 8.1/12 MB | 112 kB | 2.6/2.6 MB | 1.1 MB
2026.09.22 01:22:27 INFO  Progress (5): 6.3 MB | 8.1/12 MB | 112 kB | 2.6/2.6 MB | 1.1 MB
2026.09.22 01:22:27 INFO  Progress (5): 6.3 MB | 8.1/12 MB | 112 kB | 2.6/2.6 MB | 1.1 MB
2026.09.22 01:22:27 INFO  Progress (5): 6.3 MB | 8.1/12 MB | 112 kB | 2.6/2.6 MB | 1.1 MB
2026.09.22 01:22:27 INFO  Progress (5): 6.3 MB | 8.1/12 MB | 112 kB | 2.6/2.6 MB | 1.1 MB
2026.09.22 01:22:27 INFO  Progress (5): 6.3 MB | 8.1/12 MB | 112 kB | 2.6/2.6 MB | 1.1 MB
2026.09.22 01:22:27 INFO  Progress (5): 6.3 MB | 8.1/12 MB | 112 kB | 2.6/2.6 MB | 1.1 MB
2026.09.22 01:22:27 INFO  Progress (5): 6.3 MB | 8.1/12 MB | 112 kB | 2.6/2.6 MB | 1.1 MB
2026.09.22 01:22:27 INFO  Progress (5): 6.3 MB | 8.2/12 MB | 112 kB | 2.6/2.6 MB | 1.1 MB
2026.09.22 01:22:27 INFO  Progress (5): 6.3 MB | 8.2/12 MB | 112 kB | 2.6/2.6 MB | 1.1 MB
2026.09.22 01:22:27 INFO  Progress (5): 6.3 MB | 8.2/12 MB | 112 kB | 2.6/2.6 MB | 1.1 MB
2026.09.22 01:22:27 INFO  Progress (5): 6.3 MB | 8.2/12 MB | 112 kB | 2.6/2.6 MB | 1.1 MB
2026.09.22 01:22:27 INFO  Progress (5): 6.3 MB | 8.2/12 MB | 112 kB | 2.6/2.6 MB | 1.1 MB
2026.09.22 01:22:27 INFO  Progress (5): 6.3 MB | 8.2/12 MB | 112 kB | 2.6/2.6 MB | 1.1 MB
2026.09.22 01:22:27 INFO  Progress (5): 6.3 MB | 8.3/12 MB | 112 kB | 2.6/2.6 MB | 1.1 MB
2026.09.22 01:22:27 INFO  Progress (5): 6.3 MB | 8.3/12 MB | 112 kB | 2.6/2.6 MB | 1.1 MB
2026.09.22 01:22:27 INFO  Progress (5): 6.3 MB | 8.3/12 MB | 112 kB | 2.6/2.6 MB | 1.1 MB
2026.09.22 01:22:27 INFO  Progress (5): 6.3 MB | 8.3/12 MB | 112 kB | 2.6/2.6 MB | 1.1 MB
2026.09.22 01:22:27 INFO  Progress (5): 6.3 MB | 8.3/12 MB | 112 kB | 2.6/2.6 MB | 1.1 MB
2026.09.22 01:22:27 INFO  Progress (5): 6.3 MB | 8.3/12 MB | 112 kB | 2.6/2.6 MB | 1.1 MB
2026.09.22 01:22:27 INFO  Progress (5): 6.3 MB | 8.3/12 MB | 112 kB | 2.6/2.6 MB | 1.1 MB
2026.09.22 01:22:27 INFO  Progress (5): 6.3 MB | 8.4/12 MB | 112 kB | 2.6/2.6 MB | 1.1 MB
2026.09.22 01:22:27 INFO  Progress (5): 6.3 MB | 8.4/12 MB | 112 kB | 2.6/2.6 MB | 1.1 MB
2026.09.22 01:22:27 INFO  Progress (5): 6.3 MB | 8.4/12 MB | 112 kB | 2.6/2.6 MB | 1.1 MB
2026.09.22 01:22:27 INFO  Progress (5): 6.3 MB | 8.4/12 MB | 112 kB | 2.6/2.6 MB | 1.1 MB
2026.09.22 01:22:27 INFO  Progress (5): 6.3 MB | 8.4/12 MB | 112 kB | 2.6/2.6 MB | 1.1 MB
2026.09.22 01:22:27 INFO  Progress (5): 6.3 MB | 8.4/12 MB | 112 kB | 2.6/2.6 MB | 1.1 MB
2026.09.22 01:22:27 INFO  Progress (5): 6.3 MB | 8.5/12 MB | 112 kB | 2.6/2.6 MB | 1.1 MB
2026.09.22 01:22:27 INFO  Progress (5): 6.3 MB | 8.5/12 MB | 112 kB | 2.6/2.6 MB | 1.1 MB
2026.09.22 01:22:27 INFO  Progress (5): 6.3 MB | 8.5/12 MB | 112 kB | 2.6/2.6 MB | 1.1 MB
2026.09.22 01:22:27 INFO  Progress (5): 6.3 MB | 8.5/12 MB | 112 kB | 2.6/2.6 MB | 1.1 MB
2026.09.22 01:22:27 INFO  Progress (5): 6.3 MB | 8.5/12 MB | 112 kB | 2.6/2.6 MB | 1.1 MB
2026.09.22 01:22:27 INFO  Progress (5): 6.3 MB | 8.5/12 MB | 112 kB | 2.6/2.6 MB | 1.1 MB
2026.09.22 01:22:27 INFO  Progress (5): 6.3 MB | 8.5/12 MB | 112 kB | 2.6 MB | 1.1 MB    
2026.09.22 01:22:27 INFO  Progress (5): 6.3 MB | 8.5/12 MB | 112 kB | 2.6 MB | 1.1 MB
2026.09.22 01:22:27 INFO  Progress (5): 6.3 MB | 8.6/12 MB | 112 kB | 2.6 MB | 1.1 MB
2026.09.22 01:22:27 INFO  Progress (5): 6.3 MB | 8.6/12 MB | 112 kB | 2.6 MB | 1.1 MB
2026.09.22 01:22:27 INFO  Progress (5): 6.3 MB | 8.6/12 MB | 112 kB | 2.6 MB | 1.1 MB
2026.09.22 01:22:27 INFO  Progress (5): 6.3 MB | 8.6/12 MB | 112 kB | 2.6 MB | 1.1 MB
2026.09.22 01:22:27 INFO  Progress (5): 6.3 MB | 8.6/12 MB | 112 kB | 2.6 MB | 1.1 MB
2026.09.22 01:22:27 INFO  Progress (5): 6.3 MB | 8.6/12 MB | 112 kB | 2.6 MB | 1.1 MB
2026.09.22 01:22:27 INFO  Progress (5): 6.3 MB | 8.6/12 MB | 112 kB | 2.6 MB | 1.1 MB
2026.09.22 01:22:27 INFO  Progress (5): 6.3 MB | 8.7/12 MB | 112 kB | 2.6 MB | 1.1 MB
2026.09.22 01:22:27 INFO  Progress (5): 6.3 MB | 8.7/12 MB | 112 kB | 2.6 MB | 1.1 MB
2026.09.22 01:22:27 INFO  Progress (5): 6.3 MB | 8.7/12 MB | 112 kB | 2.6 MB | 1.1 MB
2026.09.22 01:22:27 INFO  Progress (5): 6.3 MB | 8.7/12 MB | 112 kB | 2.6 MB | 1.1 MB
2026.09.22 01:22:27 INFO  Progress (5): 6.3 MB | 8.7/12 MB | 112 kB | 2.6 MB | 1.1 MB
2026.09.22 01:22:27 INFO  Progress (5): 6.3 MB | 8.7/12 MB | 112 kB | 2.6 MB | 1.1 MB
2026.09.22 01:22:27 INFO  Progress (5): 6.3 MB | 8.8/12 MB | 112 kB | 2.6 MB | 1.1 MB
2026.09.22 01:22:27 INFO  Progress (5): 6.3 MB | 8.8/12 MB | 112 kB | 2.6 MB | 1.1 MB
2026.09.22 01:22:27 INFO  Progress (5): 6.3 MB | 8.8/12 MB | 112 kB | 2.6 MB | 1.1 MB
2026.09.22 01:22:27 INFO  Progress (5): 6.3 MB | 8.8/12 MB | 112 kB | 2.6 MB | 1.1 MB
2026.09.22 01:22:27 INFO  Progress (5): 6.3 MB | 8.8/12 MB | 112 kB | 2.6 MB | 1.1 MB
2026.09.22 01:22:27 INFO  Progress (5): 6.3 MB | 8.8/12 MB | 112 kB | 2.6 MB | 1.1 MB
2026.09.22 01:22:27 INFO  Progress (5): 6.3 MB | 8.8/12 MB | 112 kB | 2.6 MB | 1.1 MB
2026.09.22 01:22:27 INFO  Progress (5): 6.3 MB | 8.9/12 MB | 112 kB | 2.6 MB | 1.1 MB
2026.09.22 01:22:27 INFO  Progress (5): 6.3 MB | 8.9/12 MB | 112 kB | 2.6 MB | 1.1 MB
2026.09.22 01:22:27 INFO  Progress (5): 6.3 MB | 8.9/12 MB | 112 kB | 2.6 MB | 1.1 MB
2026.09.22 01:22:27 INFO  Progress (5): 6.3 MB | 8.9/12 MB | 112 kB | 2.6 MB | 1.1 MB
2026.09.22 01:22:27 INFO  Progress (5): 6.3 MB | 8.9/12 MB | 112 kB | 2.6 MB | 1.1 MB
2026.09.22 01:22:27 INFO                                                             
2026.09.22 01:22:27 INFO  Downloaded from central: https://repo.maven.apache.org/maven2/org/scala-sbt/compiler-interface/1.8.0/compiler-interface-1.8.0.jar (112 kB at 32 kB/s)
2026.09.22 01:22:27 INFO  Downloading from central: https://repo.maven.apache.org/maven2/org/scala-sbt/io_2.13/1.8.0/io_2.13-1.8.0.jar
2026.09.22 01:22:27 INFO  Progress (4): 6.3 MB | 8.9/12 MB | 2.6 MB | 1.1 MB
2026.09.22 01:22:27 INFO  Progress (4): 6.3 MB | 9.0/12 MB | 2.6 MB | 1.1 MB
2026.09.22 01:22:27 INFO  Progress (4): 6.3 MB | 9.0/12 MB | 2.6 MB | 1.1 MB
2026.09.22 01:22:27 INFO  Progress (4): 6.3 MB | 9.0/12 MB | 2.6 MB | 1.1 MB
2026.09.22 01:22:27 INFO  Progress (4): 6.3 MB | 9.0/12 MB | 2.6 MB | 1.1 MB
2026.09.22 01:22:27 INFO  Progress (4): 6.3 MB | 9.0/12 MB | 2.6 MB | 1.1 MB
2026.09.22 01:22:27 INFO  Progress (4): 6.3 MB | 9.0/12 MB | 2.6 MB | 1.1 MB
2026.09.22 01:22:27 INFO  Progress (4): 6.3 MB | 9.1/12 MB | 2.6 MB | 1.1 MB
2026.09.22 01:22:27 INFO  Progress (4): 6.3 MB | 9.1/12 MB | 2.6 MB | 1.1 MB
2026.09.22 01:22:27 INFO  Progress (4): 6.3 MB | 9.1/12 MB | 2.6 MB | 1.1 MB
2026.09.22 01:22:27 INFO  Progress (4): 6.3 MB | 9.1/12 MB | 2.6 MB | 1.1 MB
2026.09.22 01:22:27 INFO  Progress (4): 6.3 MB | 9.1/12 MB | 2.6 MB | 1.1 MB
2026.09.22 01:22:27 INFO  Progress (4): 6.3 MB | 9.1/12 MB | 2.6 MB | 1.1 MB
2026.09.22 01:22:27 INFO  Progress (4): 6.3 MB | 9.2/12 MB | 2.6 MB | 1.1 MB
2026.09.22 01:22:27 INFO  Progress (4): 6.3 MB | 9.2/12 MB | 2.6 MB | 1.1 MB
2026.09.22 01:22:27 INFO  Progress (4): 6.3 MB | 9.2/12 MB | 2.6 MB | 1.1 MB
2026.09.22 01:22:27 INFO  Progress (4): 6.3 MB | 9.2/12 MB | 2.6 MB | 1.1 MB
2026.09.22 01:22:27 INFO  Progress (4): 6.3 MB | 9.2/12 MB | 2.6 MB | 1.1 MB
2026.09.22 01:22:27 INFO  Progress (4): 6.3 MB | 9.2/12 MB | 2.6 MB | 1.1 MB
2026.09.22 01:22:27 INFO  Progress (4): 6.3 MB | 9.3/12 MB | 2.6 MB | 1.1 MB
2026.09.22 01:22:27 INFO  Progress (4): 6.3 MB | 9.3/12 MB | 2.6 MB | 1.1 MB
2026.09.22 01:22:27 INFO  Progress (4): 6.3 MB | 9.3/12 MB | 2.6 MB | 1.1 MB
2026.09.22 01:22:27 INFO  Progress (4): 6.3 MB | 9.3/12 MB | 2.6 MB | 1.1 MB
2026.09.22 01:22:27 INFO  Progress (4): 6.3 MB | 9.3/12 MB | 2.6 MB | 1.1 MB
2026.09.22 01:22:27 INFO  Progress (4): 6.3 MB | 9.3/12 MB | 2.6 MB | 1.1 MB
2026.09.22 01:22:27 INFO  Progress (4): 6.3 MB | 9.4/12 MB | 2.6 MB | 1.1 MB
2026.09.22 01:22:27 INFO  Progress (4): 6.3 MB | 9.4/12 MB | 2.6 MB | 1.1 MB
2026.09.22 01:22:27 INFO  Progress (4): 6.3 MB | 9.4/12 MB | 2.6 MB | 1.1 MB
2026.09.22 01:22:27 INFO  Progress (4): 6.3 MB | 9.4/12 MB | 2.6 MB | 1.1 MB
2026.09.22 01:22:27 INFO  Progress (4): 6.3 MB | 9.4/12 MB | 2.6 MB | 1.1 MB
2026.09.22 01:22:27 INFO  Progress (4): 6.3 MB | 9.4/12 MB | 2.6 MB | 1.1 MB
2026.09.22 01:22:27 INFO  Progress (4): 6.3 MB | 9.4/12 MB | 2.6 MB | 1.1 MB
2026.09.22 01:22:27 INFO  Progress (4): 6.3 MB | 9.5/12 MB | 2.6 MB | 1.1 MB
2026.09.22 01:22:27 INFO  Progress (4): 6.3 MB | 9.5/12 MB | 2.6 MB | 1.1 MB
2026.09.22 01:22:27 INFO  Progress (4): 6.3 MB | 9.5/12 MB | 2.6 MB | 1.1 MB
2026.09.22 01:22:27 INFO  Progress (4): 6.3 MB | 9.5/12 MB | 2.6 MB | 1.1 MB
2026.09.22 01:22:27 INFO  Progress (4): 6.3 MB | 9.5/12 MB | 2.6 MB | 1.1 MB
2026.09.22 01:22:27 INFO  Progress (4): 6.3 MB | 9.5/12 MB | 2.6 MB | 1.1 MB
2026.09.22 01:22:27 INFO  Progress (4): 6.3 MB | 9.6/12 MB | 2.6 MB | 1.1 MB
2026.09.22 01:22:27 INFO  Progress (4): 6.3 MB | 9.6/12 MB | 2.6 MB | 1.1 MB
2026.09.22 01:22:27 INFO  Progress (4): 6.3 MB | 9.6/12 MB | 2.6 MB | 1.1 MB
2026.09.22 01:22:27 INFO  Progress (4): 6.3 MB | 9.6/12 MB | 2.6 MB | 1.1 MB
2026.09.22 01:22:27 INFO  Progress (4): 6.3 MB | 9.6/12 MB | 2.6 MB | 1.1 MB
2026.09.22 01:22:27 INFO  Progress (4): 6.3 MB | 9.6/12 MB | 2.6 MB | 1.1 MB
2026.09.22 01:22:27 INFO  Progress (4): 6.3 MB | 9.7/12 MB | 2.6 MB | 1.1 MB
2026.09.22 01:22:27 INFO  Progress (4): 6.3 MB | 9.7/12 MB | 2.6 MB | 1.1 MB
2026.09.22 01:22:27 INFO  Progress (4): 6.3 MB | 9.7/12 MB | 2.6 MB | 1.1 MB
2026.09.22 01:22:27 INFO  Progress (4): 6.3 MB | 9.7/12 MB | 2.6 MB | 1.1 MB
2026.09.22 01:22:27 INFO  Progress (4): 6.3 MB | 9.7/12 MB | 2.6 MB | 1.1 MB
2026.09.22 01:22:27 INFO  Progress (4): 6.3 MB | 9.7/12 MB | 2.6 MB | 1.1 MB
2026.09.22 01:22:27 INFO  Progress (4): 6.3 MB | 9.8/12 MB | 2.6 MB | 1.1 MB
2026.09.22 01:22:27 INFO  Progress (4): 6.3 MB | 9.8/12 MB | 2.6 MB | 1.1 MB
2026.09.22 01:22:27 INFO  Progress (4): 6.3 MB | 9.8/12 MB | 2.6 MB | 1.1 MB
2026.09.22 01:22:27 INFO  Progress (4): 6.3 MB | 9.8/12 MB | 2.6 MB | 1.1 MB
2026.09.22 01:22:27 INFO  Progress (4): 6.3 MB | 9.8/12 MB | 2.6 MB | 1.1 MB
2026.09.22 01:22:27 INFO  Progress (4): 6.3 MB | 9.8/12 MB | 2.6 MB | 1.1 MB
2026.09.22 01:22:27 INFO  Progress (4): 6.3 MB | 9.9/12 MB | 2.6 MB | 1.1 MB
2026.09.22 01:22:27 INFO  Progress (4): 6.3 MB | 9.9/12 MB | 2.6 MB | 1.1 MB
2026.09.22 01:22:27 INFO  Progress (4): 6.3 MB | 9.9/12 MB | 2.6 MB | 1.1 MB
2026.09.22 01:22:27 INFO  Progress (4): 6.3 MB | 9.9/12 MB | 2.6 MB | 1.1 MB
2026.09.22 01:22:27 INFO  Progress (4): 6.3 MB | 9.9/12 MB | 2.6 MB | 1.1 MB
2026.09.22 01:22:27 INFO  Progress (4): 6.3 MB | 9.9/12 MB | 2.6 MB | 1.1 MB
2026.09.22 01:22:27 INFO  Progress (4): 6.3 MB | 10.0/12 MB | 2.6 MB | 1.1 MB
2026.09.22 01:22:27 INFO  Progress (4): 6.3 MB | 10.0/12 MB | 2.6 MB | 1.1 MB
2026.09.22 01:22:27 INFO  Progress (4): 6.3 MB | 10.0/12 MB | 2.6 MB | 1.1 MB
2026.09.22 01:22:27 INFO  Progress (4): 6.3 MB | 10/12 MB | 2.6 MB | 1.1 MB  
2026.09.22 01:22:27 INFO  Progress (4): 6.3 MB | 10/12 MB | 2.6 MB | 1.1 MB
2026.09.22 01:22:27 INFO  Progress (4): 6.3 MB | 10/12 MB | 2.6 MB | 1.1 MB
2026.09.22 01:22:27 INFO  Progress (4): 6.3 MB | 10/12 MB | 2.6 MB | 1.1 MB
2026.09.22 01:22:27 INFO  Progress (4): 6.3 MB | 10/12 MB | 2.6 MB | 1.1 MB
2026.09.22 01:22:27 INFO  Progress (4): 6.3 MB | 10/12 MB | 2.6 MB | 1.1 MB
2026.09.22 01:22:27 INFO  Progress (4): 6.3 MB | 10/12 MB | 2.6 MB | 1.1 MB
2026.09.22 01:22:27 INFO  Progress (4): 6.3 MB | 10/12 MB | 2.6 MB | 1.1 MB
2026.09.22 01:22:27 INFO  Progress (4): 6.3 MB | 10/12 MB | 2.6 MB | 1.1 MB
2026.09.22 01:22:27 INFO  Progress (4): 6.3 MB | 10/12 MB | 2.6 MB | 1.1 MB
2026.09.22 01:22:27 INFO  Progress (4): 6.3 MB | 10/12 MB | 2.6 MB | 1.1 MB
2026.09.22 01:22:27 INFO  Progress (4): 6.3 MB | 10/12 MB | 2.6 MB | 1.1 MB
2026.09.22 01:22:27 INFO  Progress (4): 6.3 MB | 10/12 MB | 2.6 MB | 1.1 MB
2026.09.22 01:22:27 INFO  Progress (4): 6.3 MB | 10/12 MB | 2.6 MB | 1.1 MB
2026.09.22 01:22:27 INFO  Progress (4): 6.3 MB | 10/12 MB | 2.6 MB | 1.1 MB
2026.09.22 01:22:27 INFO  Progress (4): 6.3 MB | 10/12 MB | 2.6 MB | 1.1 MB
2026.09.22 01:22:27 INFO  Progress (4): 6.3 MB | 10/12 MB | 2.6 MB | 1.1 MB
2026.09.22 01:22:27 INFO  Progress (4): 6.3 MB | 10/12 MB | 2.6 MB | 1.1 MB
2026.09.22 01:22:27 INFO  Progress (4): 6.3 MB | 10/12 MB | 2.6 MB | 1.1 MB
2026.09.22 01:22:27 INFO  Progress (4): 6.3 MB | 10/12 MB | 2.6 MB | 1.1 MB
2026.09.22 01:22:27 INFO  Progress (4): 6.3 MB | 10/12 MB | 2.6 MB | 1.1 MB
2026.09.22 01:22:27 INFO  Progress (4): 6.3 MB | 10/12 MB | 2.6 MB | 1.1 MB
2026.09.22 01:22:27 INFO  Progress (4): 6.3 MB | 10/12 MB | 2.6 MB | 1.1 MB
2026.09.22 01:22:27 INFO  Progress (4): 6.3 MB | 10/12 MB | 2.6 MB | 1.1 MB
2026.09.22 01:22:27 INFO  Progress (4): 6.3 MB | 10/12 MB | 2.6 MB | 1.1 MB
2026.09.22 01:22:27 INFO  Progress (4): 6.3 MB | 10/12 MB | 2.6 MB | 1.1 MB
2026.09.22 01:22:27 INFO  Progress (4): 6.3 MB | 10/12 MB | 2.6 MB | 1.1 MB
2026.09.22 01:22:27 INFO  Progress (4): 6.3 MB | 10/12 MB | 2.6 MB | 1.1 MB
2026.09.22 01:22:27 INFO  Progress (4): 6.3 MB | 10/12 MB | 2.6 MB | 1.1 MB
2026.09.22 01:22:27 INFO  Progress (4): 6.3 MB | 10/12 MB | 2.6 MB | 1.1 MB
2026.09.22 01:22:27 INFO  Progress (4): 6.3 MB | 10/12 MB | 2.6 MB | 1.1 MB
2026.09.22 01:22:27 INFO  Progress (4): 6.3 MB | 10/12 MB | 2.6 MB | 1.1 MB
2026.09.22 01:22:27 INFO  Progress (4): 6.3 MB | 10/12 MB | 2.6 MB | 1.1 MB
2026.09.22 01:22:27 INFO  Progress (4): 6.3 MB | 11/12 MB | 2.6 MB | 1.1 MB
2026.09.22 01:22:27 INFO  Progress (4): 6.3 MB | 11/12 MB | 2.6 MB | 1.1 MB
2026.09.22 01:22:27 INFO  Progress (4): 6.3 MB | 11/12 MB | 2.6 MB | 1.1 MB
2026.09.22 01:22:27 INFO  Progress (4): 6.3 MB | 11/12 MB | 2.6 MB | 1.1 MB
2026.09.22 01:22:27 INFO  Progress (4): 6.3 MB | 11/12 MB | 2.6 MB | 1.1 MB
2026.09.22 01:22:27 INFO  Progress (4): 6.3 MB | 11/12 MB | 2.6 MB | 1.1 MB
2026.09.22 01:22:27 INFO  Progress (4): 6.3 MB | 11/12 MB | 2.6 MB | 1.1 MB
2026.09.22 01:22:27 INFO  Progress (5): 6.3 MB | 11/12 MB | 2.6 MB | 1.1 MB | 7.7/636 kB
2026.09.22 01:22:27 INFO  Progress (5): 6.3 MB | 11/12 MB | 2.6 MB | 1.1 MB | 7.7/636 kB
2026.09.22 01:22:27 INFO  Progress (5): 6.3 MB | 11/12 MB | 2.6 MB | 1.1 MB | 16/636 kB 
2026.09.22 01:22:27 INFO  Progress (5): 6.3 MB | 11/12 MB | 2.6 MB | 1.1 MB | 16/636 kB
2026.09.22 01:22:27 INFO  Progress (5): 6.3 MB | 11/12 MB | 2.6 MB | 1.1 MB | 16/636 kB
2026.09.22 01:22:27 INFO  Progress (5): 6.3 MB | 11/12 MB | 2.6 MB | 1.1 MB | 16/636 kB
2026.09.22 01:22:27 INFO  Progress (5): 6.3 MB | 11/12 MB | 2.6 MB | 1.1 MB | 32/636 kB
2026.09.22 01:22:27 INFO  Progress (5): 6.3 MB | 11/12 MB | 2.6 MB | 1.1 MB | 49/636 kB
2026.09.22 01:22:27 INFO  Progress (5): 6.3 MB | 11/12 MB | 2.6 MB | 1.1 MB | 65/636 kB
2026.09.22 01:22:27 INFO  Progress (5): 6.3 MB | 11/12 MB | 2.6 MB | 1.1 MB | 81/636 kB
2026.09.22 01:22:27 INFO  Progress (5): 6.3 MB | 11/12 MB | 2.6 MB | 1.1 MB | 98/636 kB
2026.09.22 01:22:27 INFO  Progress (5): 6.3 MB | 11/12 MB | 2.6 MB | 1.1 MB | 114/636 kB
2026.09.22 01:22:27 INFO  Progress (5): 6.3 MB | 11/12 MB | 2.6 MB | 1.1 MB | 131/636 kB
2026.09.22 01:22:27 INFO  Progress (5): 6.3 MB | 11/12 MB | 2.6 MB | 1.1 MB | 147/636 kB
2026.09.22 01:22:27 INFO  Progress (5): 6.3 MB | 11/12 MB | 2.6 MB | 1.1 MB | 163/636 kB
2026.09.22 01:22:27 INFO  Progress (5): 6.3 MB | 11/12 MB | 2.6 MB | 1.1 MB | 164/636 kB
2026.09.22 01:22:27 INFO  Progress (5): 6.3 MB | 11/12 MB | 2.6 MB | 1.1 MB | 180/636 kB
2026.09.22 01:22:27 INFO  Progress (5): 6.3 MB | 11/12 MB | 2.6 MB | 1.1 MB | 197/636 kB
2026.09.22 01:22:27 INFO  Progress (5): 6.3 MB | 11/12 MB | 2.6 MB | 1.1 MB | 213/636 kB
2026.09.22 01:22:27 INFO  Progress (5): 6.3 MB | 11/12 MB | 2.6 MB | 1.1 MB | 229/636 kB
2026.09.22 01:22:27 INFO  Progress (5): 6.3 MB | 11/12 MB | 2.6 MB | 1.1 MB | 246/636 kB
2026.09.22 01:22:27 INFO  Progress (5): 6.3 MB | 11/12 MB | 2.6 MB | 1.1 MB | 262/636 kB
2026.09.22 01:22:27 INFO  Progress (5): 6.3 MB | 11/12 MB | 2.6 MB | 1.1 MB | 279/636 kB
2026.09.22 01:22:27 INFO  Progress (5): 6.3 MB | 11/12 MB | 2.6 MB | 1.1 MB | 295/636 kB
2026.09.22 01:22:27 INFO  Progress (5): 6.3 MB | 11/12 MB | 2.6 MB | 1.1 MB | 311/636 kB
2026.09.22 01:22:27 INFO  Progress (5): 6.3 MB | 11/12 MB | 2.6 MB | 1.1 MB | 328/636 kB
2026.09.22 01:22:27 INFO  Progress (5): 6.3 MB | 11/12 MB | 2.6 MB | 1.1 MB | 344/636 kB
2026.09.22 01:22:27 INFO  Progress (5): 6.3 MB | 11/12 MB | 2.6 MB | 1.1 MB | 360/636 kB
2026.09.22 01:22:27 INFO  Progress (5): 6.3 MB | 11/12 MB | 2.6 MB | 1.1 MB | 377/636 kB
2026.09.22 01:22:27 INFO  Progress (5): 6.3 MB | 11/12 MB | 2.6 MB | 1.1 MB | 393/636 kB
2026.09.22 01:22:27 INFO  Progress (5): 6.3 MB | 11/12 MB | 2.6 MB | 1.1 MB | 410/636 kB
2026.09.22 01:22:27 INFO  Progress (5): 6.3 MB | 11/12 MB | 2.6 MB | 1.1 MB | 426/636 kB
2026.09.22 01:22:27 INFO  Progress (5): 6.3 MB | 11/12 MB | 2.6 MB | 1.1 MB | 442/636 kB
2026.09.22 01:22:27 INFO  Progress (5): 6.3 MB | 11/12 MB | 2.6 MB | 1.1 MB | 459/636 kB
2026.09.22 01:22:27 INFO  Progress (5): 6.3 MB | 11/12 MB | 2.6 MB | 1.1 MB | 475/636 kB
2026.09.22 01:22:27 INFO  Progress (5): 6.3 MB | 11/12 MB | 2.6 MB | 1.1 MB | 492/636 kB
2026.09.22 01:22:27 INFO  Progress (5): 6.3 MB | 11/12 MB | 2.6 MB | 1.1 MB | 508/636 kB
2026.09.22 01:22:27 INFO  Progress (5): 6.3 MB | 11/12 MB | 2.6 MB | 1.1 MB | 524/636 kB
2026.09.22 01:22:27 INFO  Progress (5): 6.3 MB | 11/12 MB | 2.6 MB | 1.1 MB | 541/636 kB
2026.09.22 01:22:27 INFO  Progress (5): 6.3 MB | 11/12 MB | 2.6 MB | 1.1 MB | 557/636 kB
2026.09.22 01:22:27 INFO  Progress (5): 6.3 MB | 11/12 MB | 2.6 MB | 1.1 MB | 573/636 kB
2026.09.22 01:22:27 INFO  Progress (5): 6.3 MB | 11/12 MB | 2.6 MB | 1.1 MB | 590/636 kB
2026.09.22 01:22:27 INFO  Progress (5): 6.3 MB | 11/12 MB | 2.6 MB | 1.1 MB | 606/636 kB
2026.09.22 01:22:27 INFO  Progress (5): 6.3 MB | 11/12 MB | 2.6 MB | 1.1 MB | 623/636 kB
2026.09.22 01:22:27 INFO  Progress (5): 6.3 MB | 11/12 MB | 2.6 MB | 1.1 MB | 636 kB    
2026.09.22 01:22:27 INFO  Progress (5): 6.3 MB | 11/12 MB | 2.6 MB | 1.1 MB | 636 kB
2026.09.22 01:22:27 INFO  Progress (5): 6.3 MB | 11/12 MB | 2.6 MB | 1.1 MB | 636 kB
2026.09.22 01:22:27 INFO  Progress (5): 6.3 MB | 11/12 MB | 2.6 MB | 1.1 MB | 636 kB
2026.09.22 01:22:27 INFO  Progress (5): 6.3 MB | 11/12 MB | 2.6 MB | 1.1 MB | 636 kB
2026.09.22 01:22:27 INFO  Progress (5): 6.3 MB | 11/12 MB | 2.6 MB | 1.1 MB | 636 kB
2026.09.22 01:22:27 INFO                                                            
2026.09.22 01:22:27 INFO  Downloaded from central: https://repo.maven.apache.org/maven2/org/scala-lang/modules/scala-parallel-collections_2.13/0.2.0/scala-parallel-collections_2.13-0.2.0.jar (1.1 MB at 300 kB/s)
2026.09.22 01:22:27 INFO  Downloading from central: https://repo.maven.apache.org/maven2/com/swoval/file-tree-views/2.1.9/file-tree-views-2.1.9.jar
2026.09.22 01:22:27 INFO  Progress (4): 6.3 MB | 11/12 MB | 2.6 MB | 636 kB
2026.09.22 01:22:27 INFO  Progress (4): 6.3 MB | 11/12 MB | 2.6 MB | 636 kB
2026.09.22 01:22:27 INFO  Progress (4): 6.3 MB | 11/12 MB | 2.6 MB | 636 kB
2026.09.22 01:22:27 INFO  Progress (4): 6.3 MB | 11/12 MB | 2.6 MB | 636 kB
2026.09.22 01:22:27 INFO  Progress (4): 6.3 MB | 11/12 MB | 2.6 MB | 636 kB
2026.09.22 01:22:27 INFO  Progress (4): 6.3 MB | 11/12 MB | 2.6 MB | 636 kB
2026.09.22 01:22:27 INFO  Progress (4): 6.3 MB | 11/12 MB | 2.6 MB | 636 kB
2026.09.22 01:22:27 INFO  Progress (4): 6.3 MB | 11/12 MB | 2.6 MB | 636 kB
2026.09.22 01:22:27 INFO  Progress (4): 6.3 MB | 11/12 MB | 2.6 MB | 636 kB
2026.09.22 01:22:27 INFO  Progress (4): 6.3 MB | 11/12 MB | 2.6 MB | 636 kB
2026.09.22 01:22:27 INFO  Progress (4): 6.3 MB | 11/12 MB | 2.6 MB | 636 kB
2026.09.22 01:22:27 INFO  Progress (4): 6.3 MB | 11/12 MB | 2.6 MB | 636 kB
2026.09.22 01:22:27 INFO  Progress (4): 6.3 MB | 11/12 MB | 2.6 MB | 636 kB
2026.09.22 01:22:27 INFO  Progress (4): 6.3 MB | 11/12 MB | 2.6 MB | 636 kB
2026.09.22 01:22:27 INFO  Progress (4): 6.3 MB | 11/12 MB | 2.6 MB | 636 kB
2026.09.22 01:22:27 INFO  Progress (4): 6.3 MB | 11/12 MB | 2.6 MB | 636 kB
2026.09.22 01:22:27 INFO  Progress (4): 6.3 MB | 11/12 MB | 2.6 MB | 636 kB
2026.09.22 01:22:27 INFO  Progress (4): 6.3 MB | 11/12 MB | 2.6 MB | 636 kB
2026.09.22 01:22:27 INFO  Progress (4): 6.3 MB | 11/12 MB | 2.6 MB | 636 kB
2026.09.22 01:22:27 INFO  Progress (4): 6.3 MB | 11/12 MB | 2.6 MB | 636 kB
2026.09.22 01:22:27 INFO  Progress (4): 6.3 MB | 11/12 MB | 2.6 MB | 636 kB
2026.09.22 01:22:27 INFO  Progress (4): 6.3 MB | 11/12 MB | 2.6 MB | 636 kB
2026.09.22 01:22:27 INFO  Progress (4): 6.3 MB | 11/12 MB | 2.6 MB | 636 kB
2026.09.22 01:22:27 INFO  Progress (4): 6.3 MB | 11/12 MB | 2.6 MB | 636 kB
2026.09.22 01:22:27 INFO  Progress (4): 6.3 MB | 11/12 MB | 2.6 MB | 636 kB
2026.09.22 01:22:27 INFO  Progress (4): 6.3 MB | 11/12 MB | 2.6 MB | 636 kB
2026.09.22 01:22:27 INFO  Progress (4): 6.3 MB | 11/12 MB | 2.6 MB | 636 kB
2026.09.22 01:22:27 INFO  Progress (4): 6.3 MB | 11/12 MB | 2.6 MB | 636 kB
2026.09.22 01:22:27 INFO  Progress (4): 6.3 MB | 11/12 MB | 2.6 MB | 636 kB
2026.09.22 01:22:27 INFO  Progress (4): 6.3 MB | 11/12 MB | 2.6 MB | 636 kB
2026.09.22 01:22:27 INFO  Progress (4): 6.3 MB | 11/12 MB | 2.6 MB | 636 kB
2026.09.22 01:22:27 INFO  Progress (4): 6.3 MB | 11/12 MB | 2.6 MB | 636 kB
2026.09.22 01:22:27 INFO  Progress (4): 6.3 MB | 11/12 MB | 2.6 MB | 636 kB
2026.09.22 01:22:27 INFO  Progress (4): 6.3 MB | 11/12 MB | 2.6 MB | 636 kB
2026.09.22 01:22:27 INFO  Progress (4): 6.3 MB | 11/12 MB | 2.6 MB | 636 kB
2026.09.22 01:22:27 INFO  Progress (4): 6.3 MB | 11/12 MB | 2.6 MB | 636 kB
2026.09.22 01:22:27 INFO  Progress (4): 6.3 MB | 11/12 MB | 2.6 MB | 636 kB
2026.09.22 01:22:27 INFO  Progress (4): 6.3 MB | 11/12 MB | 2.6 MB | 636 kB
2026.09.22 01:22:27 INFO  Progress (4): 6.3 MB | 11/12 MB | 2.6 MB | 636 kB
2026.09.22 01:22:27 INFO  Progress (4): 6.3 MB | 11/12 MB | 2.6 MB | 636 kB
2026.09.22 01:22:27 INFO  Progress (4): 6.3 MB | 11/12 MB | 2.6 MB | 636 kB
2026.09.22 01:22:27 INFO  Progress (4): 6.3 MB | 11/12 MB | 2.6 MB | 636 kB
2026.09.22 01:22:27 INFO  Progress (4): 6.3 MB | 11/12 MB | 2.6 MB | 636 kB
2026.09.22 01:22:27 INFO  Progress (4): 6.3 MB | 11/12 MB | 2.6 MB | 636 kB
2026.09.22 01:22:27 INFO  Progress (4): 6.3 MB | 11/12 MB | 2.6 MB | 636 kB
2026.09.22 01:22:27 INFO  Progress (4): 6.3 MB | 11/12 MB | 2.6 MB | 636 kB
2026.09.22 01:22:27 INFO  Progress (4): 6.3 MB | 12/12 MB | 2.6 MB | 636 kB
2026.09.22 01:22:27 INFO  Progress (4): 6.3 MB | 12/12 MB | 2.6 MB | 636 kB
2026.09.22 01:22:27 INFO  Progress (4): 6.3 MB | 12/12 MB | 2.6 MB | 636 kB
2026.09.22 01:22:27 INFO  Progress (4): 6.3 MB | 12/12 MB | 2.6 MB | 636 kB
2026.09.22 01:22:27 INFO  Progress (4): 6.3 MB | 12/12 MB | 2.6 MB | 636 kB
2026.09.22 01:22:27 INFO  Progress (4): 6.3 MB | 12/12 MB | 2.6 MB | 636 kB
2026.09.22 01:22:27 INFO  Progress (4): 6.3 MB | 12/12 MB | 2.6 MB | 636 kB
2026.09.22 01:22:27 INFO  Progress (4): 6.3 MB | 12/12 MB | 2.6 MB | 636 kB
2026.09.22 01:22:27 INFO  Progress (4): 6.3 MB | 12/12 MB | 2.6 MB | 636 kB
2026.09.22 01:22:27 INFO  Progress (4): 6.3 MB | 12/12 MB | 2.6 MB | 636 kB
2026.09.22 01:22:27 INFO  Progress (4): 6.3 MB | 12/12 MB | 2.6 MB | 636 kB
2026.09.22 01:22:27 INFO  Progress (4): 6.3 MB | 12/12 MB | 2.6 MB | 636 kB
2026.09.22 01:22:27 INFO  Progress (4): 6.3 MB | 12/12 MB | 2.6 MB | 636 kB
2026.09.22 01:22:27 INFO  Progress (4): 6.3 MB | 12/12 MB | 2.6 MB | 636 kB
2026.09.22 01:22:27 INFO  Progress (4): 6.3 MB | 12/12 MB | 2.6 MB | 636 kB
2026.09.22 01:22:27 INFO  Progress (4): 6.3 MB | 12/12 MB | 2.6 MB | 636 kB
2026.09.22 01:22:27 INFO  Progress (4): 6.3 MB | 12/12 MB | 2.6 MB | 636 kB
2026.09.22 01:22:27 INFO  Progress (4): 6.3 MB | 12/12 MB | 2.6 MB | 636 kB
2026.09.22 01:22:27 INFO  Progress (4): 6.3 MB | 12/12 MB | 2.6 MB | 636 kB
2026.09.22 01:22:27 INFO  Progress (4): 6.3 MB | 12/12 MB | 2.6 MB | 636 kB
2026.09.22 01:22:27 INFO  Progress (4): 6.3 MB | 12/12 MB | 2.6 MB | 636 kB
2026.09.22 01:22:27 INFO  Progress (4): 6.3 MB | 12/12 MB | 2.6 MB | 636 kB
2026.09.22 01:22:27 INFO  Progress (4): 6.3 MB | 12/12 MB | 2.6 MB | 636 kB
2026.09.22 01:22:27 INFO  Progress (4): 6.3 MB | 12/12 MB | 2.6 MB | 636 kB
2026.09.22 01:22:27 INFO  Progress (4): 6.3 MB | 12/12 MB | 2.6 MB | 636 kB
2026.09.22 01:22:27 INFO  Progress (4): 6.3 MB | 12/12 MB | 2.6 MB | 636 kB
2026.09.22 01:22:27 INFO  Progress (4): 6.3 MB | 12/12 MB | 2.6 MB | 636 kB
2026.09.22 01:22:27 INFO  Progress (4): 6.3 MB | 12/12 MB | 2.6 MB | 636 kB
2026.09.22 01:22:27 INFO  Progress (4): 6.3 MB | 12/12 MB | 2.6 MB | 636 kB
2026.09.22 01:22:27 INFO  Progress (4): 6.3 MB | 12/12 MB | 2.6 MB | 636 kB
2026.09.22 01:22:27 INFO  Progress (4): 6.3 MB | 12/12 MB | 2.6 MB | 636 kB
2026.09.22 01:22:27 INFO  Progress (4): 6.3 MB | 12/12 MB | 2.6 MB | 636 kB
2026.09.22 01:22:27 INFO  Progress (4): 6.3 MB | 12/12 MB | 2.6 MB | 636 kB
2026.09.22 01:22:27 INFO  Progress (4): 6.3 MB | 12/12 MB | 2.6 MB | 636 kB
2026.09.22 01:22:27 INFO  Progress (4): 6.3 MB | 12/12 MB | 2.6 MB | 636 kB
2026.09.22 01:22:27 INFO  Progress (4): 6.3 MB | 12/12 MB | 2.6 MB | 636 kB
2026.09.22 01:22:27 INFO  Progress (4): 6.3 MB | 12/12 MB | 2.6 MB | 636 kB
2026.09.22 01:22:27 INFO  Progress (4): 6.3 MB | 12 MB | 2.6 MB | 636 kB   
2026.09.22 01:22:27 INFO  Progress (5): 6.3 MB | 12 MB | 2.6 MB | 636 kB | 3.2/229 kB
2026.09.22 01:22:27 INFO  Progress (5): 6.3 MB | 12 MB | 2.6 MB | 636 kB | 20/229 kB 
2026.09.22 01:22:27 INFO  Progress (5): 6.3 MB | 12 MB | 2.6 MB | 636 kB | 36/229 kB
2026.09.22 01:22:27 INFO  Progress (5): 6.3 MB | 12 MB | 2.6 MB | 636 kB | 52/229 kB
2026.09.22 01:22:27 INFO  Progress (5): 6.3 MB | 12 MB | 2.6 MB | 636 kB | 69/229 kB
2026.09.22 01:22:27 INFO  Progress (5): 6.3 MB | 12 MB | 2.6 MB | 636 kB | 85/229 kB
2026.09.22 01:22:27 INFO  Progress (5): 6.3 MB | 12 MB | 2.6 MB | 636 kB | 101/229 kB
2026.09.22 01:22:27 INFO  Progress (5): 6.3 MB | 12 MB | 2.6 MB | 636 kB | 118/229 kB
2026.09.22 01:22:27 INFO  Progress (5): 6.3 MB | 12 MB | 2.6 MB | 636 kB | 126/229 kB
2026.09.22 01:22:27 INFO  Progress (5): 6.3 MB | 12 MB | 2.6 MB | 636 kB | 142/229 kB
2026.09.22 01:22:27 INFO  Progress (5): 6.3 MB | 12 MB | 2.6 MB | 636 kB | 159/229 kB
2026.09.22 01:22:27 INFO  Progress (5): 6.3 MB | 12 MB | 2.6 MB | 636 kB | 175/229 kB
2026.09.22 01:22:27 INFO  Progress (5): 6.3 MB | 12 MB | 2.6 MB | 636 kB | 192/229 kB
2026.09.22 01:22:27 INFO  Progress (5): 6.3 MB | 12 MB | 2.6 MB | 636 kB | 208/229 kB
2026.09.22 01:22:27 INFO  Progress (5): 6.3 MB | 12 MB | 2.6 MB | 636 kB | 224/229 kB
2026.09.22 01:22:27 INFO  Progress (5): 6.3 MB | 12 MB | 2.6 MB | 636 kB | 229 kB    
2026.09.22 01:22:27 INFO                                                         
2026.09.22 01:22:27 INFO  Downloaded from central: https://repo.maven.apache.org/maven2/com/swoval/file-tree-views/2.1.9/file-tree-views-2.1.9.jar (229 kB at 55 kB/s)
2026.09.22 01:22:27 INFO  Downloading from central: https://repo.maven.apache.org/maven2/net/java/dev/jna/jna/5.12.0/jna-5.12.0.jar
2026.09.22 01:22:27 INFO  Downloaded from central: https://repo.maven.apache.org/maven2/org/scala-sbt/io_2.13/1.8.0/io_2.13-1.8.0.jar (636 kB at 152 kB/s)
2026.09.22 01:22:27 INFO  Downloading from central: https://repo.maven.apache.org/maven2/net/java/dev/jna/jna-platform/5.12.0/jna-platform-5.12.0.jar
2026.09.22 01:22:28 INFO  Progress (4): 6.3 MB | 12 MB | 2.6 MB | 0/1.9 MB
2026.09.22 01:22:28 INFO  Progress (4): 6.3 MB | 12 MB | 2.6 MB | 0/1.9 MB
2026.09.22 01:22:28 INFO  Progress (4): 6.3 MB | 12 MB | 2.6 MB | 0/1.9 MB
2026.09.22 01:22:28 INFO  Progress (4): 6.3 MB | 12 MB | 2.6 MB | 0/1.9 MB
2026.09.22 01:22:28 INFO  Progress (4): 6.3 MB | 12 MB | 2.6 MB | 0.1/1.9 MB
2026.09.22 01:22:28 INFO  Progress (4): 6.3 MB | 12 MB | 2.6 MB | 0.1/1.9 MB
2026.09.22 01:22:28 INFO  Progress (4): 6.3 MB | 12 MB | 2.6 MB | 0.1/1.9 MB
2026.09.22 01:22:28 INFO  Progress (4): 6.3 MB | 12 MB | 2.6 MB | 0.1/1.9 MB
2026.09.22 01:22:28 INFO  Progress (4): 6.3 MB | 12 MB | 2.6 MB | 0.1/1.9 MB
2026.09.22 01:22:28 INFO  Progress (4): 6.3 MB | 12 MB | 2.6 MB | 0.1/1.9 MB
2026.09.22 01:22:28 INFO  Progress (4): 6.3 MB | 12 MB | 2.6 MB | 0.2/1.9 MB
2026.09.22 01:22:28 INFO  Progress (4): 6.3 MB | 12 MB | 2.6 MB | 0.2/1.9 MB
2026.09.22 01:22:28 INFO  Progress (4): 6.3 MB | 12 MB | 2.6 MB | 0.2/1.9 MB
2026.09.22 01:22:28 INFO  Progress (4): 6.3 MB | 12 MB | 2.6 MB | 0.2/1.9 MB
2026.09.22 01:22:28 INFO  Progress (4): 6.3 MB | 12 MB | 2.6 MB | 0.2/1.9 MB
2026.09.22 01:22:28 INFO  Progress (4): 6.3 MB | 12 MB | 2.6 MB | 0.2/1.9 MB
2026.09.22 01:22:28 INFO  Progress (4): 6.3 MB | 12 MB | 2.6 MB | 0.2/1.9 MB
2026.09.22 01:22:28 INFO  Progress (4): 6.3 MB | 12 MB | 2.6 MB | 0.3/1.9 MB
2026.09.22 01:22:28 INFO  Progress (4): 6.3 MB | 12 MB | 2.6 MB | 0.3/1.9 MB
2026.09.22 01:22:28 INFO  Progress (4): 6.3 MB | 12 MB | 2.6 MB | 0.3/1.9 MB
2026.09.22 01:22:28 INFO  Progress (4): 6.3 MB | 12 MB | 2.6 MB | 0.3/1.9 MB
2026.09.22 01:22:28 INFO  Progress (4): 6.3 MB | 12 MB | 2.6 MB | 0.3/1.9 MB
2026.09.22 01:22:28 INFO  Progress (4): 6.3 MB | 12 MB | 2.6 MB | 0.3/1.9 MB
2026.09.22 01:22:28 INFO  Progress (4): 6.3 MB | 12 MB | 2.6 MB | 0.4/1.9 MB
2026.09.22 01:22:28 INFO  Progress (4): 6.3 MB | 12 MB | 2.6 MB | 0.4/1.9 MB
2026.09.22 01:22:28 INFO  Progress (4): 6.3 MB | 12 MB | 2.6 MB | 0.4/1.9 MB
2026.09.22 01:22:28 INFO  Progress (4): 6.3 MB | 12 MB | 2.6 MB | 0.4/1.9 MB
2026.09.22 01:22:28 INFO  Progress (4): 6.3 MB | 12 MB | 2.6 MB | 0.4/1.9 MB
2026.09.22 01:22:28 INFO  Progress (4): 6.3 MB | 12 MB | 2.6 MB | 0.4/1.9 MB
2026.09.22 01:22:28 INFO  Progress (4): 6.3 MB | 12 MB | 2.6 MB | 0.5/1.9 MB
2026.09.22 01:22:28 INFO  Progress (4): 6.3 MB | 12 MB | 2.6 MB | 0.5/1.9 MB
2026.09.22 01:22:28 INFO  Progress (4): 6.3 MB | 12 MB | 2.6 MB | 0.5/1.9 MB
2026.09.22 01:22:28 INFO  Progress (4): 6.3 MB | 12 MB | 2.6 MB | 0.5/1.9 MB
2026.09.22 01:22:28 INFO  Progress (5): 6.3 MB | 12 MB | 2.6 MB | 0.5/1.9 MB | 0/1.4 MB
2026.09.22 01:22:28 INFO  Progress (5): 6.3 MB | 12 MB | 2.6 MB | 0.5/1.9 MB | 0/1.4 MB
2026.09.22 01:22:28 INFO  Progress (5): 6.3 MB | 12 MB | 2.6 MB | 0.5/1.9 MB | 0/1.4 MB
2026.09.22 01:22:28 INFO  Progress (5): 6.3 MB | 12 MB | 2.6 MB | 0.5/1.9 MB | 0/1.4 MB
2026.09.22 01:22:28 INFO  Progress (5): 6.3 MB | 12 MB | 2.6 MB | 0.5/1.9 MB | 0/1.4 MB
2026.09.22 01:22:28 INFO  Progress (5): 6.3 MB | 12 MB | 2.6 MB | 0.5/1.9 MB | 0/1.4 MB
2026.09.22 01:22:28 INFO  Progress (5): 6.3 MB | 12 MB | 2.6 MB | 0.5/1.9 MB | 0/1.4 MB
2026.09.22 01:22:28 INFO  Progress (5): 6.3 MB | 12 MB | 2.6 MB | 0.5/1.9 MB | 0.1/1.4 MB
2026.09.22 01:22:28 INFO  Progress (5): 6.3 MB | 12 MB | 2.6 MB | 0.5/1.9 MB | 0.1/1.4 MB
2026.09.22 01:22:28 INFO  Progress (5): 6.3 MB | 12 MB | 2.6 MB | 0.5/1.9 MB | 0.1/1.4 MB
2026.09.22 01:22:28 INFO  Progress (5): 6.3 MB | 12 MB | 2.6 MB | 0.5/1.9 MB | 0.1/1.4 MB
2026.09.22 01:22:28 INFO  Progress (5): 6.3 MB | 12 MB | 2.6 MB | 0.5/1.9 MB | 0.1/1.4 MB
2026.09.22 01:22:28 INFO  Progress (5): 6.3 MB | 12 MB | 2.6 MB | 0.5/1.9 MB | 0.1/1.4 MB
2026.09.22 01:22:28 INFO  Progress (5): 6.3 MB | 12 MB | 2.6 MB | 0.6/1.9 MB | 0.1/1.4 MB
2026.09.22 01:22:28 INFO  Progress (5): 6.3 MB | 12 MB | 2.6 MB | 0.6/1.9 MB | 0.1/1.4 MB
2026.09.22 01:22:28 INFO  Progress (5): 6.3 MB | 12 MB | 2.6 MB | 0.6/1.9 MB | 0.1/1.4 MB
2026.09.22 01:22:28 INFO  Progress (5): 6.3 MB | 12 MB | 2.6 MB | 0.6/1.9 MB | 0.1/1.4 MB
2026.09.22 01:22:28 INFO  Progress (5): 6.3 MB | 12 MB | 2.6 MB | 0.6/1.9 MB | 0.1/1.4 MB
2026.09.22 01:22:28 INFO  Progress (5): 6.3 MB | 12 MB | 2.6 MB | 0.6/1.9 MB | 0.1/1.4 MB
2026.09.22 01:22:28 INFO  Progress (5): 6.3 MB | 12 MB | 2.6 MB | 0.6/1.9 MB | 0.1/1.4 MB
2026.09.22 01:22:28 INFO  Progress (5): 6.3 MB | 12 MB | 2.6 MB | 0.6/1.9 MB | 0.2/1.4 MB
2026.09.22 01:22:28 INFO  Progress (5): 6.3 MB | 12 MB | 2.6 MB | 0.6/1.9 MB | 0.2/1.4 MB
2026.09.22 01:22:28 INFO  Progress (5): 6.3 MB | 12 MB | 2.6 MB | 0.6/1.9 MB | 0.2/1.4 MB
2026.09.22 01:22:28 INFO  Progress (5): 6.3 MB | 12 MB | 2.6 MB | 0.6/1.9 MB | 0.2/1.4 MB
2026.09.22 01:22:28 INFO  Progress (5): 6.3 MB | 12 MB | 2.6 MB | 0.6/1.9 MB | 0.2/1.4 MB
2026.09.22 01:22:28 INFO  Progress (5): 6.3 MB | 12 MB | 2.6 MB | 0.6/1.9 MB | 0.2/1.4 MB
2026.09.22 01:22:28 INFO  Progress (5): 6.3 MB | 12 MB | 2.6 MB | 0.6/1.9 MB | 0.2/1.4 MB
2026.09.22 01:22:28 INFO  Progress (5): 6.3 MB | 12 MB | 2.6 MB | 0.6/1.9 MB | 0.2/1.4 MB
2026.09.22 01:22:28 INFO  Progress (5): 6.3 MB | 12 MB | 2.6 MB | 0.6/1.9 MB | 0.2/1.4 MB
2026.09.22 01:22:28 INFO  Progress (5): 6.3 MB | 12 MB | 2.6 MB | 0.7/1.9 MB | 0.2/1.4 MB
2026.09.22 01:22:28 INFO  Progress (5): 6.3 MB | 12 MB | 2.6 MB | 0.7/1.9 MB | 0.2/1.4 MB
2026.09.22 01:22:28 INFO  Progress (5): 6.3 MB | 12 MB | 2.6 MB | 0.7/1.9 MB | 0.2/1.4 MB
2026.09.22 01:22:28 INFO  Progress (5): 6.3 MB | 12 MB | 2.6 MB | 0.7/1.9 MB | 0.2/1.4 MB
2026.09.22 01:22:28 INFO  Progress (5): 6.3 MB | 12 MB | 2.6 MB | 0.7/1.9 MB | 0.2/1.4 MB
2026.09.22 01:22:28 INFO  Progress (5): 6.3 MB | 12 MB | 2.6 MB | 0.7/1.9 MB | 0.2/1.4 MB
2026.09.22 01:22:28 INFO  Progress (5): 6.3 MB | 12 MB | 2.6 MB | 0.7/1.9 MB | 0.2/1.4 MB
2026.09.22 01:22:28 INFO  Progress (5): 6.3 MB | 12 MB | 2.6 MB | 0.7/1.9 MB | 0.2/1.4 MB
2026.09.22 01:22:28 INFO  Progress (5): 6.3 MB | 12 MB | 2.6 MB | 0.7/1.9 MB | 0.3/1.4 MB
2026.09.22 01:22:28 INFO  Progress (5): 6.3 MB | 12 MB | 2.6 MB | 0.7/1.9 MB | 0.3/1.4 MB
2026.09.22 01:22:28 INFO  Progress (5): 6.3 MB | 12 MB | 2.6 MB | 0.7/1.9 MB | 0.3/1.4 MB
2026.09.22 01:22:28 INFO  Progress (5): 6.3 MB | 12 MB | 2.6 MB | 0.8/1.9 MB | 0.3/1.4 MB
2026.09.22 01:22:28 INFO                                                                 
2026.09.22 01:22:28 INFO  Downloaded from central: https://repo.maven.apache.org/maven2/org/scala-sbt/zinc-persist-core-assembly/1.8.0/zinc-persist-core-assembly-1.8.0.jar (2.6 MB at 594 kB/s)
2026.09.22 01:22:28 INFO  Downloading from central: https://repo.maven.apache.org/maven2/org/scala-sbt/util-logging_2.13/1.8.0/util-logging_2.13-1.8.0.jar
2026.09.22 01:22:28 INFO  Progress (4): 6.3 MB | 12 MB | 0.8/1.9 MB | 0.3/1.4 MB
2026.09.22 01:22:28 INFO  Progress (4): 6.3 MB | 12 MB | 0.8/1.9 MB | 0.3/1.4 MB
2026.09.22 01:22:28 INFO  Progress (4): 6.3 MB | 12 MB | 0.8/1.9 MB | 0.3/1.4 MB
2026.09.22 01:22:28 INFO  Progress (4): 6.3 MB | 12 MB | 0.8/1.9 MB | 0.3/1.4 MB
2026.09.22 01:22:28 INFO  Progress (4): 6.3 MB | 12 MB | 0.8/1.9 MB | 0.3/1.4 MB
2026.09.22 01:22:28 INFO  Progress (4): 6.3 MB | 12 MB | 0.8/1.9 MB | 0.3/1.4 MB
2026.09.22 01:22:28 INFO  Progress (4): 6.3 MB | 12 MB | 0.8/1.9 MB | 0.3/1.4 MB
2026.09.22 01:22:28 INFO  Progress (4): 6.3 MB | 12 MB | 0.8/1.9 MB | 0.3/1.4 MB
2026.09.22 01:22:28 INFO  Progress (4): 6.3 MB | 12 MB | 0.8/1.9 MB | 0.3/1.4 MB
2026.09.22 01:22:28 INFO  Progress (4): 6.3 MB | 12 MB | 0.8/1.9 MB | 0.3/1.4 MB
2026.09.22 01:22:28 INFO  Progress (4): 6.3 MB | 12 MB | 0.8/1.9 MB | 0.4/1.4 MB
2026.09.22 01:22:28 INFO  Progress (4): 6.3 MB | 12 MB | 0.8/1.9 MB | 0.4/1.4 MB
2026.09.22 01:22:28 INFO  Progress (4): 6.3 MB | 12 MB | 0.9/1.9 MB | 0.4/1.4 MB
2026.09.22 01:22:28 INFO  Progress (4): 6.3 MB | 12 MB | 0.9/1.9 MB | 0.4/1.4 MB
2026.09.22 01:22:28 INFO  Progress (4): 6.3 MB | 12 MB | 0.9/1.9 MB | 0.4/1.4 MB
2026.09.22 01:22:28 INFO  Progress (4): 6.3 MB | 12 MB | 0.9/1.9 MB | 0.4/1.4 MB
2026.09.22 01:22:28 INFO  Progress (4): 6.3 MB | 12 MB | 0.9/1.9 MB | 0.4/1.4 MB
2026.09.22 01:22:28 INFO  Progress (4): 6.3 MB | 12 MB | 0.9/1.9 MB | 0.4/1.4 MB
2026.09.22 01:22:28 INFO  Progress (4): 6.3 MB | 12 MB | 0.9/1.9 MB | 0.4/1.4 MB
2026.09.22 01:22:28 INFO  Progress (4): 6.3 MB | 12 MB | 0.9/1.9 MB | 0.4/1.4 MB
2026.09.22 01:22:28 INFO  Progress (4): 6.3 MB | 12 MB | 0.9/1.9 MB | 0.4/1.4 MB
2026.09.22 01:22:28 INFO  Progress (4): 6.3 MB | 12 MB | 0.9/1.9 MB | 0.4/1.4 MB
2026.09.22 01:22:28 INFO  Progress (4): 6.3 MB | 12 MB | 0.9/1.9 MB | 0.4/1.4 MB
2026.09.22 01:22:28 INFO  Progress (4): 6.3 MB | 12 MB | 0.9/1.9 MB | 0.4/1.4 MB
2026.09.22 01:22:28 INFO  Progress (4): 6.3 MB | 12 MB | 0.9/1.9 MB | 0.5/1.4 MB
2026.09.22 01:22:28 INFO  Progress (4): 6.3 MB | 12 MB | 1.0/1.9 MB | 0.5/1.4 MB
2026.09.22 01:22:28 INFO  Progress (4): 6.3 MB | 12 MB | 1.0/1.9 MB | 0.5/1.4 MB
2026.09.22 01:22:28 INFO  Progress (4): 6.3 MB | 12 MB | 1.0/1.9 MB | 0.5/1.4 MB
2026.09.22 01:22:28 INFO  Progress (4): 6.3 MB | 12 MB | 1.0/1.9 MB | 0.5/1.4 MB
2026.09.22 01:22:28 INFO  Progress (4): 6.3 MB | 12 MB | 1.0/1.9 MB | 0.5/1.4 MB
2026.09.22 01:22:28 INFO  Progress (4): 6.3 MB | 12 MB | 1.0/1.9 MB | 0.5/1.4 MB
2026.09.22 01:22:28 INFO  Progress (4): 6.3 MB | 12 MB | 1.0/1.9 MB | 0.5/1.4 MB
2026.09.22 01:22:28 INFO  Progress (4): 6.3 MB | 12 MB | 1.0/1.9 MB | 0.5/1.4 MB
2026.09.22 01:22:28 INFO  Progress (4): 6.3 MB | 12 MB | 1.0/1.9 MB | 0.5/1.4 MB
2026.09.22 01:22:28 INFO  Progress (4): 6.3 MB | 12 MB | 1.0/1.9 MB | 0.5/1.4 MB
2026.09.22 01:22:28 INFO  Progress (4): 6.3 MB | 12 MB | 1.0/1.9 MB | 0.5/1.4 MB
2026.09.22 01:22:28 INFO  Progress (4): 6.3 MB | 12 MB | 1.0/1.9 MB | 0.5/1.4 MB
2026.09.22 01:22:28 INFO  Progress (4): 6.3 MB | 12 MB | 1.0/1.9 MB | 0.5/1.4 MB
2026.09.22 01:22:28 INFO  Progress (4): 6.3 MB | 12 MB | 1.0/1.9 MB | 0.5/1.4 MB
2026.09.22 01:22:28 INFO  Progress (4): 6.3 MB | 12 MB | 1.1/1.9 MB | 0.5/1.4 MB
2026.09.22 01:22:28 INFO  Progress (4): 6.3 MB | 12 MB | 1.1/1.9 MB | 0.5/1.4 MB
2026.09.22 01:22:28 INFO  Progress (4): 6.3 MB | 12 MB | 1.1/1.9 MB | 0.6/1.4 MB
2026.09.22 01:22:28 INFO  Progress (4): 6.3 MB | 12 MB | 1.1/1.9 MB | 0.6/1.4 MB
2026.09.22 01:22:28 INFO  Progress (4): 6.3 MB | 12 MB | 1.1/1.9 MB | 0.6/1.4 MB
2026.09.22 01:22:28 INFO  Progress (4): 6.3 MB | 12 MB | 1.1/1.9 MB | 0.6/1.4 MB
2026.09.22 01:22:28 INFO  Progress (4): 6.3 MB | 12 MB | 1.1/1.9 MB | 0.6/1.4 MB
2026.09.22 01:22:28 INFO  Progress (4): 6.3 MB | 12 MB | 1.1/1.9 MB | 0.6/1.4 MB
2026.09.22 01:22:28 INFO  Progress (4): 6.3 MB | 12 MB | 1.1/1.9 MB | 0.6/1.4 MB
2026.09.22 01:22:28 INFO  Progress (4): 6.3 MB | 12 MB | 1.1/1.9 MB | 0.6/1.4 MB
2026.09.22 01:22:28 INFO  Progress (4): 6.3 MB | 12 MB | 1.1/1.9 MB | 0.6/1.4 MB
2026.09.22 01:22:28 INFO  Progress (4): 6.3 MB | 12 MB | 1.1/1.9 MB | 0.6/1.4 MB
2026.09.22 01:22:28 INFO  Progress (4): 6.3 MB | 12 MB | 1.1/1.9 MB | 0.6/1.4 MB
2026.09.22 01:22:28 INFO  Progress (4): 6.3 MB | 12 MB | 1.2/1.9 MB | 0.6/1.4 MB
2026.09.22 01:22:28 INFO  Progress (4): 6.3 MB | 12 MB | 1.2/1.9 MB | 0.6/1.4 MB
2026.09.22 01:22:28 INFO  Progress (4): 6.3 MB | 12 MB | 1.2/1.9 MB | 0.6/1.4 MB
2026.09.22 01:22:28 INFO  Progress (4): 6.3 MB | 12 MB | 1.2/1.9 MB | 0.6/1.4 MB
2026.09.22 01:22:28 INFO  Progress (4): 6.3 MB | 12 MB | 1.2/1.9 MB | 0.6/1.4 MB
2026.09.22 01:22:28 INFO  Progress (4): 6.3 MB | 12 MB | 1.2/1.9 MB | 0.7/1.4 MB
2026.09.22 01:22:28 INFO  Progress (4): 6.3 MB | 12 MB | 1.2/1.9 MB | 0.7/1.4 MB
2026.09.22 01:22:28 INFO  Progress (4): 6.3 MB | 12 MB | 1.2/1.9 MB | 0.7/1.4 MB
2026.09.22 01:22:28 INFO  Progress (4): 6.3 MB | 12 MB | 1.2/1.9 MB | 0.7/1.4 MB
2026.09.22 01:22:28 INFO  Progress (4): 6.3 MB | 12 MB | 1.2/1.9 MB | 0.7/1.4 MB
2026.09.22 01:22:28 INFO  Progress (4): 6.3 MB | 12 MB | 1.2/1.9 MB | 0.7/1.4 MB
2026.09.22 01:22:28 INFO  Progress (4): 6.3 MB | 12 MB | 1.2/1.9 MB | 0.7/1.4 MB
2026.09.22 01:22:28 INFO  Progress (4): 6.3 MB | 12 MB | 1.2/1.9 MB | 0.7/1.4 MB
2026.09.22 01:22:28 INFO  Progress (4): 6.3 MB | 12 MB | 1.2/1.9 MB | 0.7/1.4 MB
2026.09.22 01:22:28 INFO  Progress (4): 6.3 MB | 12 MB | 1.3/1.9 MB | 0.7/1.4 MB
2026.09.22 01:22:28 INFO  Progress (4): 6.3 MB | 12 MB | 1.3/1.9 MB | 0.7/1.4 MB
2026.09.22 01:22:28 INFO  Progress (4): 6.3 MB | 12 MB | 1.3/1.9 MB | 0.7/1.4 MB
2026.09.22 01:22:28 INFO  Progress (4): 6.3 MB | 12 MB | 1.3/1.9 MB | 0.7/1.4 MB
2026.09.22 01:22:28 INFO  Progress (4): 6.3 MB | 12 MB | 1.3/1.9 MB | 0.7/1.4 MB
2026.09.22 01:22:28 INFO  Progress (4): 6.3 MB | 12 MB | 1.3/1.9 MB | 0.7/1.4 MB
2026.09.22 01:22:28 INFO  Progress (4): 6.3 MB | 12 MB | 1.3/1.9 MB | 0.7/1.4 MB
2026.09.22 01:22:28 INFO  Progress (4): 6.3 MB | 12 MB | 1.3/1.9 MB | 0.7/1.4 MB
2026.09.22 01:22:28 INFO  Progress (4): 6.3 MB | 12 MB | 1.3/1.9 MB | 0.7/1.4 MB
2026.09.22 01:22:28 INFO  Progress (4): 6.3 MB | 12 MB | 1.3/1.9 MB | 0.8/1.4 MB
2026.09.22 01:22:28 INFO  Progress (4): 6.3 MB | 12 MB | 1.3/1.9 MB | 0.8/1.4 MB
2026.09.22 01:22:28 INFO  Progress (4): 6.3 MB | 12 MB | 1.4/1.9 MB | 0.8/1.4 MB
2026.09.22 01:22:28 INFO  Progress (4): 6.3 MB | 12 MB | 1.4/1.9 MB | 0.8/1.4 MB
2026.09.22 01:22:28 INFO  Progress (4): 6.3 MB | 12 MB | 1.4/1.9 MB | 0.8/1.4 MB
2026.09.22 01:22:28 INFO  Progress (4): 6.3 MB | 12 MB | 1.4/1.9 MB | 0.8/1.4 MB
2026.09.22 01:22:28 INFO  Progress (4): 6.3 MB | 12 MB | 1.4/1.9 MB | 0.8/1.4 MB
2026.09.22 01:22:28 INFO  Progress (4): 6.3 MB | 12 MB | 1.4/1.9 MB | 0.8/1.4 MB
2026.09.22 01:22:28 INFO  Progress (4): 6.3 MB | 12 MB | 1.4/1.9 MB | 0.8/1.4 MB
2026.09.22 01:22:28 INFO  Progress (4): 6.3 MB | 12 MB | 1.4/1.9 MB | 0.8/1.4 MB
2026.09.22 01:22:28 INFO  Progress (4): 6.3 MB | 12 MB | 1.4/1.9 MB | 0.8/1.4 MB
2026.09.22 01:22:28 INFO  Progress (4): 6.3 MB | 12 MB | 1.4/1.9 MB | 0.8/1.4 MB
2026.09.22 01:22:28 INFO  Progress (4): 6.3 MB | 12 MB | 1.5/1.9 MB | 0.8/1.4 MB
2026.09.22 01:22:28 INFO  Progress (4): 6.3 MB | 12 MB | 1.5/1.9 MB | 0.8/1.4 MB
2026.09.22 01:22:28 INFO  Progress (4): 6.3 MB | 12 MB | 1.5/1.9 MB | 0.8/1.4 MB
2026.09.22 01:22:28 INFO  Progress (4): 6.3 MB | 12 MB | 1.5/1.9 MB | 0.8/1.4 MB
2026.09.22 01:22:28 INFO  Progress (4): 6.3 MB | 12 MB | 1.5/1.9 MB | 0.8/1.4 MB
2026.09.22 01:22:28 INFO  Progress (4): 6.3 MB | 12 MB | 1.5/1.9 MB | 0.8/1.4 MB
2026.09.22 01:22:28 INFO  Progress (4): 6.3 MB | 12 MB | 1.6/1.9 MB | 0.8/1.4 MB
2026.09.22 01:22:28 INFO  Progress (4): 6.3 MB | 12 MB | 1.6/1.9 MB | 0.8/1.4 MB
2026.09.22 01:22:28 INFO  Progress (4): 6.3 MB | 12 MB | 1.6/1.9 MB | 0.8/1.4 MB
2026.09.22 01:22:28 INFO  Progress (4): 6.3 MB | 12 MB | 1.6/1.9 MB | 0.8/1.4 MB
2026.09.22 01:22:28 INFO  Progress (4): 6.3 MB | 12 MB | 1.6/1.9 MB | 0.8/1.4 MB
2026.09.22 01:22:28 INFO  Progress (4): 6.3 MB | 12 MB | 1.6/1.9 MB | 0.8/1.4 MB
2026.09.22 01:22:28 INFO  Progress (4): 6.3 MB | 12 MB | 1.7/1.9 MB | 0.8/1.4 MB
2026.09.22 01:22:28 INFO  Progress (4): 6.3 MB | 12 MB | 1.7/1.9 MB | 0.8/1.4 MB
2026.09.22 01:22:28 INFO  Progress (4): 6.3 MB | 12 MB | 1.7/1.9 MB | 0.8/1.4 MB
2026.09.22 01:22:28 INFO  Progress (4): 6.3 MB | 12 MB | 1.7/1.9 MB | 0.8/1.4 MB
2026.09.22 01:22:28 INFO  Progress (4): 6.3 MB | 12 MB | 1.7/1.9 MB | 0.8/1.4 MB
2026.09.22 01:22:28 INFO  Progress (4): 6.3 MB | 12 MB | 1.7/1.9 MB | 0.8/1.4 MB
2026.09.22 01:22:28 INFO  Progress (4): 6.3 MB | 12 MB | 1.8/1.9 MB | 0.8/1.4 MB
2026.09.22 01:22:28 INFO  Progress (4): 6.3 MB | 12 MB | 1.8/1.9 MB | 0.8/1.4 MB
2026.09.22 01:22:28 INFO  Progress (4): 6.3 MB | 12 MB | 1.8/1.9 MB | 0.8/1.4 MB
2026.09.22 01:22:28 INFO  Progress (4): 6.3 MB | 12 MB | 1.8/1.9 MB | 0.8/1.4 MB
2026.09.22 01:22:28 INFO  Progress (4): 6.3 MB | 12 MB | 1.8/1.9 MB | 0.8/1.4 MB
2026.09.22 01:22:28 INFO  Progress (4): 6.3 MB | 12 MB | 1.8/1.9 MB | 0.8/1.4 MB
2026.09.22 01:22:28 INFO  Progress (4): 6.3 MB | 12 MB | 1.9/1.9 MB | 0.8/1.4 MB
2026.09.22 01:22:28 INFO  Progress (4): 6.3 MB | 12 MB | 1.9 MB | 0.8/1.4 MB    
2026.09.22 01:22:28 INFO  Progress (4): 6.3 MB | 12 MB | 1.9 MB | 0.8/1.4 MB
2026.09.22 01:22:28 INFO  Progress (4): 6.3 MB | 12 MB | 1.9 MB | 0.8/1.4 MB
2026.09.22 01:22:28 INFO  Progress (4): 6.3 MB | 12 MB | 1.9 MB | 0.8/1.4 MB
2026.09.22 01:22:28 INFO  Progress (4): 6.3 MB | 12 MB | 1.9 MB | 0.8/1.4 MB
2026.09.22 01:22:28 INFO  Progress (4): 6.3 MB | 12 MB | 1.9 MB | 0.9/1.4 MB
2026.09.22 01:22:28 INFO  Progress (4): 6.3 MB | 12 MB | 1.9 MB | 0.9/1.4 MB
2026.09.22 01:22:28 INFO  Progress (4): 6.3 MB | 12 MB | 1.9 MB | 0.9/1.4 MB
2026.09.22 01:22:28 INFO  Progress (4): 6.3 MB | 12 MB | 1.9 MB | 0.9/1.4 MB
2026.09.22 01:22:28 INFO  Progress (4): 6.3 MB | 12 MB | 1.9 MB | 0.9/1.4 MB
2026.09.22 01:22:28 INFO  Progress (4): 6.3 MB | 12 MB | 1.9 MB | 0.9/1.4 MB
2026.09.22 01:22:28 INFO  Progress (4): 6.3 MB | 12 MB | 1.9 MB | 1.0/1.4 MB
2026.09.22 01:22:28 INFO  Progress (4): 6.3 MB | 12 MB | 1.9 MB | 1.0/1.4 MB
2026.09.22 01:22:28 INFO                                                    
2026.09.22 01:22:28 INFO  Downloaded from central: https://repo.maven.apache.org/maven2/com/github/luben/zstd-jni/1.5.2-5/zstd-jni-1.5.2-5.jar (6.3 MB at 1.4 MB/s)
2026.09.22 01:22:28 INFO  Downloading from central: https://repo.maven.apache.org/maven2/org/scala-sbt/collections_2.13/1.8.0/collections_2.13-1.8.0.jar
2026.09.22 01:22:28 INFO  Progress (3): 12 MB | 1.9 MB | 1.0/1.4 MB
2026.09.22 01:22:28 INFO  Progress (3): 12 MB | 1.9 MB | 1.0/1.4 MB
2026.09.22 01:22:28 INFO  Progress (3): 12 MB | 1.9 MB | 1.0/1.4 MB
2026.09.22 01:22:28 INFO  Progress (3): 12 MB | 1.9 MB | 1.0/1.4 MB
2026.09.22 01:22:28 INFO  Progress (3): 12 MB | 1.9 MB | 1.0/1.4 MB
2026.09.22 01:22:28 INFO  Progress (3): 12 MB | 1.9 MB | 1.0/1.4 MB
2026.09.22 01:22:28 INFO  Progress (3): 12 MB | 1.9 MB | 1.1/1.4 MB
2026.09.22 01:22:28 INFO  Progress (3): 12 MB | 1.9 MB | 1.1/1.4 MB
2026.09.22 01:22:28 INFO  Progress (3): 12 MB | 1.9 MB | 1.1/1.4 MB
2026.09.22 01:22:28 INFO  Progress (3): 12 MB | 1.9 MB | 1.1/1.4 MB
2026.09.22 01:22:28 INFO  Progress (3): 12 MB | 1.9 MB | 1.1/1.4 MB
2026.09.22 01:22:28 INFO  Progress (3): 12 MB | 1.9 MB | 1.1/1.4 MB
2026.09.22 01:22:28 INFO  Progress (3): 12 MB | 1.9 MB | 1.1/1.4 MB
2026.09.22 01:22:28 INFO  Progress (3): 12 MB | 1.9 MB | 1.2/1.4 MB
2026.09.22 01:22:28 INFO  Progress (3): 12 MB | 1.9 MB | 1.2/1.4 MB
2026.09.22 01:22:28 INFO  Progress (3): 12 MB | 1.9 MB | 1.2/1.4 MB
2026.09.22 01:22:28 INFO  Progress (3): 12 MB | 1.9 MB | 1.2/1.4 MB
2026.09.22 01:22:28 INFO  Progress (3): 12 MB | 1.9 MB | 1.2/1.4 MB
2026.09.22 01:22:28 INFO  Progress (3): 12 MB | 1.9 MB | 1.2/1.4 MB
2026.09.22 01:22:28 INFO  Progress (3): 12 MB | 1.9 MB | 1.2/1.4 MB
2026.09.22 01:22:28 INFO  Progress (3): 12 MB | 1.9 MB | 1.3/1.4 MB
2026.09.22 01:22:28 INFO  Progress (3): 12 MB | 1.9 MB | 1.3/1.4 MB
2026.09.22 01:22:28 INFO  Progress (3): 12 MB | 1.9 MB | 1.3/1.4 MB
2026.09.22 01:22:28 INFO  Progress (3): 12 MB | 1.9 MB | 1.3/1.4 MB
2026.09.22 01:22:28 INFO  Progress (3): 12 MB | 1.9 MB | 1.3/1.4 MB
2026.09.22 01:22:28 INFO  Progress (3): 12 MB | 1.9 MB | 1.3/1.4 MB
2026.09.22 01:22:28 INFO  Progress (3): 12 MB | 1.9 MB | 1.3/1.4 MB
2026.09.22 01:22:28 INFO  Progress (3): 12 MB | 1.9 MB | 1.4 MB    
2026.09.22 01:22:28 INFO  Progress (4): 12 MB | 1.9 MB | 1.4 MB | 3.2/463 kB
2026.09.22 01:22:28 INFO  Progress (4): 12 MB | 1.9 MB | 1.4 MB | 20/463 kB 
2026.09.22 01:22:28 INFO  Progress (4): 12 MB | 1.9 MB | 1.4 MB | 36/463 kB
2026.09.22 01:22:28 INFO  Progress (4): 12 MB | 1.9 MB | 1.4 MB | 52/463 kB
2026.09.22 01:22:28 INFO  Progress (4): 12 MB | 1.9 MB | 1.4 MB | 69/463 kB
2026.09.22 01:22:28 INFO  Progress (4): 12 MB | 1.9 MB | 1.4 MB | 85/463 kB
2026.09.22 01:22:28 INFO  Progress (4): 12 MB | 1.9 MB | 1.4 MB | 101/463 kB
2026.09.22 01:22:28 INFO  Progress (4): 12 MB | 1.9 MB | 1.4 MB | 118/463 kB
2026.09.22 01:22:28 INFO  Progress (4): 12 MB | 1.9 MB | 1.4 MB | 134/463 kB
2026.09.22 01:22:28 INFO  Progress (4): 12 MB | 1.9 MB | 1.4 MB | 151/463 kB
2026.09.22 01:22:28 INFO  Progress (4): 12 MB | 1.9 MB | 1.4 MB | 167/463 kB
2026.09.22 01:22:28 INFO  Progress (4): 12 MB | 1.9 MB | 1.4 MB | 183/463 kB
2026.09.22 01:22:28 INFO  Progress (4): 12 MB | 1.9 MB | 1.4 MB | 200/463 kB
2026.09.22 01:22:28 INFO  Progress (4): 12 MB | 1.9 MB | 1.4 MB | 216/463 kB
2026.09.22 01:22:28 INFO  Progress (4): 12 MB | 1.9 MB | 1.4 MB | 233/463 kB
2026.09.22 01:22:28 INFO  Progress (4): 12 MB | 1.9 MB | 1.4 MB | 233/463 kB
2026.09.22 01:22:28 INFO  Progress (4): 12 MB | 1.9 MB | 1.4 MB | 250/463 kB
2026.09.22 01:22:28 INFO  Progress (4): 12 MB | 1.9 MB | 1.4 MB | 266/463 kB
2026.09.22 01:22:28 INFO  Progress (4): 12 MB | 1.9 MB | 1.4 MB | 282/463 kB
2026.09.22 01:22:28 INFO  Progress (4): 12 MB | 1.9 MB | 1.4 MB | 299/463 kB
2026.09.22 01:22:28 INFO  Progress (4): 12 MB | 1.9 MB | 1.4 MB | 315/463 kB
2026.09.22 01:22:28 INFO  Progress (4): 12 MB | 1.9 MB | 1.4 MB | 331/463 kB
2026.09.22 01:22:28 INFO  Progress (4): 12 MB | 1.9 MB | 1.4 MB | 348/463 kB
2026.09.22 01:22:28 INFO  Progress (4): 12 MB | 1.9 MB | 1.4 MB | 364/463 kB
2026.09.22 01:22:28 INFO  Progress (4): 12 MB | 1.9 MB | 1.4 MB | 381/463 kB
2026.09.22 01:22:28 INFO  Progress (4): 12 MB | 1.9 MB | 1.4 MB | 397/463 kB
2026.09.22 01:22:28 INFO  Progress (4): 12 MB | 1.9 MB | 1.4 MB | 413/463 kB
2026.09.22 01:22:28 INFO  Progress (4): 12 MB | 1.9 MB | 1.4 MB | 430/463 kB
2026.09.22 01:22:28 INFO  Progress (4): 12 MB | 1.9 MB | 1.4 MB | 446/463 kB
2026.09.22 01:22:28 INFO  Progress (4): 12 MB | 1.9 MB | 1.4 MB | 452/463 kB
2026.09.22 01:22:28 INFO  Progress (4): 12 MB | 1.9 MB | 1.4 MB | 463 kB    
2026.09.22 01:22:28 INFO  Progress (5): 12 MB | 1.9 MB | 1.4 MB | 463 kB | 7.7/365 kB
2026.09.22 01:22:28 INFO  Progress (5): 12 MB | 1.9 MB | 1.4 MB | 463 kB | 7.7/365 kB
2026.09.22 01:22:28 INFO  Progress (5): 12 MB | 1.9 MB | 1.4 MB | 463 kB | 24/365 kB 
2026.09.22 01:22:28 INFO  Progress (5): 12 MB | 1.9 MB | 1.4 MB | 463 kB | 40/365 kB
2026.09.22 01:22:28 INFO  Progress (5): 12 MB | 1.9 MB | 1.4 MB | 463 kB | 57/365 kB
2026.09.22 01:22:28 INFO  Progress (5): 12 MB | 1.9 MB | 1.4 MB | 463 kB | 73/365 kB
2026.09.22 01:22:28 INFO  Progress (5): 12 MB | 1.9 MB | 1.4 MB | 463 kB | 90/365 kB
2026.09.22 01:22:28 INFO  Progress (5): 12 MB | 1.9 MB | 1.4 MB | 463 kB | 106/365 kB
2026.09.22 01:22:28 INFO  Progress (5): 12 MB | 1.9 MB | 1.4 MB | 463 kB | 122/365 kB
2026.09.22 01:22:28 INFO  Progress (5): 12 MB | 1.9 MB | 1.4 MB | 463 kB | 139/365 kB
2026.09.22 01:22:28 INFO  Progress (5): 12 MB | 1.9 MB | 1.4 MB | 463 kB | 155/365 kB
2026.09.22 01:22:28 INFO  Progress (5): 12 MB | 1.9 MB | 1.4 MB | 463 kB | 172/365 kB
2026.09.22 01:22:28 INFO  Progress (5): 12 MB | 1.9 MB | 1.4 MB | 463 kB | 188/365 kB
2026.09.22 01:22:28 INFO  Progress (5): 12 MB | 1.9 MB | 1.4 MB | 463 kB | 204/365 kB
2026.09.22 01:22:28 INFO  Progress (5): 12 MB | 1.9 MB | 1.4 MB | 463 kB | 221/365 kB
2026.09.22 01:22:28 INFO  Progress (5): 12 MB | 1.9 MB | 1.4 MB | 463 kB | 237/365 kB
2026.09.22 01:22:28 INFO  Progress (5): 12 MB | 1.9 MB | 1.4 MB | 463 kB | 253/365 kB
2026.09.22 01:22:28 INFO  Progress (5): 12 MB | 1.9 MB | 1.4 MB | 463 kB | 270/365 kB
2026.09.22 01:22:28 INFO  Progress (5): 12 MB | 1.9 MB | 1.4 MB | 463 kB | 286/365 kB
2026.09.22 01:22:28 INFO  Progress (5): 12 MB | 1.9 MB | 1.4 MB | 463 kB | 303/365 kB
2026.09.22 01:22:28 INFO  Progress (5): 12 MB | 1.9 MB | 1.4 MB | 463 kB | 319/365 kB
2026.09.22 01:22:28 INFO  Progress (5): 12 MB | 1.9 MB | 1.4 MB | 463 kB | 335/365 kB
2026.09.22 01:22:28 INFO  Progress (5): 12 MB | 1.9 MB | 1.4 MB | 463 kB | 339/365 kB
2026.09.22 01:22:28 INFO  Progress (5): 12 MB | 1.9 MB | 1.4 MB | 463 kB | 355/365 kB
2026.09.22 01:22:28 INFO  Progress (5): 12 MB | 1.9 MB | 1.4 MB | 463 kB | 365 kB    
2026.09.22 01:22:28 INFO                                                         
2026.09.22 01:22:28 INFO  Downloaded from central: https://repo.maven.apache.org/maven2/net/java/dev/jna/jna/5.12.0/jna-5.12.0.jar (1.9 MB at 386 kB/s)
2026.09.22 01:22:28 INFO  Downloading from central: https://repo.maven.apache.org/maven2/org/scala-sbt/util-position_2.13/1.8.0/util-position_2.13-1.8.0.jar
2026.09.22 01:22:28 INFO  Downloaded from central: https://repo.maven.apache.org/maven2/org/scala-lang/scala-compiler/2.13.8/scala-compiler-2.13.8.jar (12 MB at 2.5 MB/s)
2026.09.22 01:22:28 INFO  Downloading from central: https://repo.maven.apache.org/maven2/org/scala-sbt/core-macros_2.13/1.8.0/core-macros_2.13-1.8.0.jar
2026.09.22 01:22:28 INFO  Downloaded from central: https://repo.maven.apache.org/maven2/org/scala-sbt/collections_2.13/1.8.0/collections_2.13-1.8.0.jar (365 kB at 74 kB/s)
2026.09.22 01:22:28 INFO  Downloading from central: https://repo.maven.apache.org/maven2/org/jline/jline-terminal/3.19.0/jline-terminal-3.19.0.jar
2026.09.22 01:22:28 INFO  Progress (3): 1.4 MB | 463 kB | 7.7/28 kB
2026.09.22 01:22:28 INFO  Progress (3): 1.4 MB | 463 kB | 16/28 kB 
2026.09.22 01:22:28 INFO  Progress (3): 1.4 MB | 463 kB | 28/28 kB
2026.09.22 01:22:28 INFO  Progress (3): 1.4 MB | 463 kB | 28 kB   
2026.09.22 01:22:28 INFO  Progress (4): 1.4 MB | 463 kB | 28 kB | 3.2/87 kB
2026.09.22 01:22:28 INFO  Progress (4): 1.4 MB | 463 kB | 28 kB | 20/87 kB 
2026.09.22 01:22:28 INFO  Progress (4): 1.4 MB | 463 kB | 28 kB | 33/87 kB
2026.09.22 01:22:28 INFO  Progress (4): 1.4 MB | 463 kB | 28 kB | 49/87 kB
2026.09.22 01:22:28 INFO  Progress (4): 1.4 MB | 463 kB | 28 kB | 66/87 kB
2026.09.22 01:22:28 INFO  Progress (4): 1.4 MB | 463 kB | 28 kB | 82/87 kB
2026.09.22 01:22:28 INFO  Progress (4): 1.4 MB | 463 kB | 28 kB | 87 kB   
2026.09.22 01:22:28 INFO                                               
2026.09.22 01:22:28 INFO  Downloaded from central: https://repo.maven.apache.org/maven2/net/java/dev/jna/jna-platform/5.12.0/jna-platform-5.12.0.jar (1.4 MB at 265 kB/s)
2026.09.22 01:22:28 INFO  Downloading from central: https://repo.maven.apache.org/maven2/org/scala-lang/scala-reflect/2.13.8/scala-reflect-2.13.8.jar
2026.09.22 01:22:28 INFO  Progress (4): 463 kB | 28 kB | 87 kB | 7.7/228 kB
2026.09.22 01:22:28 INFO  Progress (4): 463 kB | 28 kB | 87 kB | 11/228 kB 
2026.09.22 01:22:28 INFO  Progress (4): 463 kB | 28 kB | 87 kB | 28/228 kB
2026.09.22 01:22:28 INFO  Progress (4): 463 kB | 28 kB | 87 kB | 44/228 kB
2026.09.22 01:22:28 INFO  Progress (5): 463 kB | 28 kB | 87 kB | 44/228 kB | 0/3.8 MB
2026.09.22 01:22:28 INFO  Progress (5): 463 kB | 28 kB | 87 kB | 61/228 kB | 0/3.8 MB
2026.09.22 01:22:28 INFO  Progress (5): 463 kB | 28 kB | 87 kB | 61/228 kB | 0/3.8 MB
2026.09.22 01:22:28 INFO  Progress (5): 463 kB | 28 kB | 87 kB | 61/228 kB | 0/3.8 MB
2026.09.22 01:22:28 INFO  Progress (5): 463 kB | 28 kB | 87 kB | 77/228 kB | 0/3.8 MB
2026.09.22 01:22:28 INFO  Progress (5): 463 kB | 28 kB | 87 kB | 77/228 kB | 0/3.8 MB
2026.09.22 01:22:28 INFO  Progress (5): 463 kB | 28 kB | 87 kB | 93/228 kB | 0/3.8 MB
2026.09.22 01:22:28 INFO  Progress (5): 463 kB | 28 kB | 87 kB | 93/228 kB | 0.1/3.8 MB
2026.09.22 01:22:28 INFO  Progress (5): 463 kB | 28 kB | 87 kB | 110/228 kB | 0.1/3.8 MB
2026.09.22 01:22:28 INFO  Progress (5): 463 kB | 28 kB | 87 kB | 110/228 kB | 0.1/3.8 MB
2026.09.22 01:22:28 INFO  Progress (5): 463 kB | 28 kB | 87 kB | 126/228 kB | 0.1/3.8 MB
2026.09.22 01:22:28 INFO  Progress (5): 463 kB | 28 kB | 87 kB | 126/228 kB | 0.1/3.8 MB
2026.09.22 01:22:28 INFO  Progress (5): 463 kB | 28 kB | 87 kB | 126/228 kB | 0.1/3.8 MB
2026.09.22 01:22:28 INFO  Progress (5): 463 kB | 28 kB | 87 kB | 142/228 kB | 0.1/3.8 MB
2026.09.22 01:22:28 INFO  Progress (5): 463 kB | 28 kB | 87 kB | 142/228 kB | 0.1/3.8 MB
2026.09.22 01:22:28 INFO  Progress (5): 463 kB | 28 kB | 87 kB | 142/228 kB | 0.1/3.8 MB
2026.09.22 01:22:28 INFO  Progress (5): 463 kB | 28 kB | 87 kB | 159/228 kB | 0.1/3.8 MB
2026.09.22 01:22:28 INFO  Progress (5): 463 kB | 28 kB | 87 kB | 159/228 kB | 0.1/3.8 MB
2026.09.22 01:22:28 INFO  Progress (5): 463 kB | 28 kB | 87 kB | 175/228 kB | 0.1/3.8 MB
2026.09.22 01:22:28 INFO  Progress (5): 463 kB | 28 kB | 87 kB | 175/228 kB | 0.2/3.8 MB
2026.09.22 01:22:28 INFO  Progress (5): 463 kB | 28 kB | 87 kB | 192/228 kB | 0.2/3.8 MB
2026.09.22 01:22:28 INFO  Progress (5): 463 kB | 28 kB | 87 kB | 192/228 kB | 0.2/3.8 MB
2026.09.22 01:22:28 INFO  Progress (5): 463 kB | 28 kB | 87 kB | 208/228 kB | 0.2/3.8 MB
2026.09.22 01:22:28 INFO  Progress (5): 463 kB | 28 kB | 87 kB | 224/228 kB | 0.2/3.8 MB
2026.09.22 01:22:28 INFO  Progress (5): 463 kB | 28 kB | 87 kB | 228 kB | 0.2/3.8 MB    
2026.09.22 01:22:28 INFO  Progress (5): 463 kB | 28 kB | 87 kB | 228 kB | 0.2/3.8 MB
2026.09.22 01:22:28 INFO  Progress (5): 463 kB | 28 kB | 87 kB | 228 kB | 0.2/3.8 MB
2026.09.22 01:22:28 INFO  Progress (5): 463 kB | 28 kB | 87 kB | 228 kB | 0.2/3.8 MB
2026.09.22 01:22:28 INFO  Progress (5): 463 kB | 28 kB | 87 kB | 228 kB | 0.2/3.8 MB
2026.09.22 01:22:28 INFO  Progress (5): 463 kB | 28 kB | 87 kB | 228 kB | 0.3/3.8 MB
2026.09.22 01:22:28 INFO  Progress (5): 463 kB | 28 kB | 87 kB | 228 kB | 0.3/3.8 MB
2026.09.22 01:22:28 INFO  Progress (5): 463 kB | 28 kB | 87 kB | 228 kB | 0.3/3.8 MB
2026.09.22 01:22:28 INFO  Progress (5): 463 kB | 28 kB | 87 kB | 228 kB | 0.3/3.8 MB
2026.09.22 01:22:28 INFO  Progress (5): 463 kB | 28 kB | 87 kB | 228 kB | 0.3/3.8 MB
2026.09.22 01:22:28 INFO  Progress (5): 463 kB | 28 kB | 87 kB | 228 kB | 0.3/3.8 MB
2026.09.22 01:22:28 INFO  Progress (5): 463 kB | 28 kB | 87 kB | 228 kB | 0.4/3.8 MB
2026.09.22 01:22:28 INFO  Progress (5): 463 kB | 28 kB | 87 kB | 228 kB | 0.4/3.8 MB
2026.09.22 01:22:28 INFO  Progress (5): 463 kB | 28 kB | 87 kB | 228 kB | 0.4/3.8 MB
2026.09.22 01:22:28 INFO  Progress (5): 463 kB | 28 kB | 87 kB | 228 kB | 0.4/3.8 MB
2026.09.22 01:22:28 INFO  Progress (5): 463 kB | 28 kB | 87 kB | 228 kB | 0.4/3.8 MB
2026.09.22 01:22:28 INFO  Progress (5): 463 kB | 28 kB | 87 kB | 228 kB | 0.4/3.8 MB
2026.09.22 01:22:28 INFO  Progress (5): 463 kB | 28 kB | 87 kB | 228 kB | 0.5/3.8 MB
2026.09.22 01:22:28 INFO  Progress (5): 463 kB | 28 kB | 87 kB | 228 kB | 0.5/3.8 MB
2026.09.22 01:22:28 INFO  Progress (5): 463 kB | 28 kB | 87 kB | 228 kB | 0.5/3.8 MB
2026.09.22 01:22:28 INFO  Progress (5): 463 kB | 28 kB | 87 kB | 228 kB | 0.5/3.8 MB
2026.09.22 01:22:28 INFO  Progress (5): 463 kB | 28 kB | 87 kB | 228 kB | 0.5/3.8 MB
2026.09.22 01:22:28 INFO  Progress (5): 463 kB | 28 kB | 87 kB | 228 kB | 0.5/3.8 MB
2026.09.22 01:22:28 INFO  Progress (5): 463 kB | 28 kB | 87 kB | 228 kB | 0.6/3.8 MB
2026.09.22 01:22:28 INFO  Progress (5): 463 kB | 28 kB | 87 kB | 228 kB | 0.6/3.8 MB
2026.09.22 01:22:28 INFO  Progress (5): 463 kB | 28 kB | 87 kB | 228 kB | 0.6/3.8 MB
2026.09.22 01:22:28 INFO  Progress (5): 463 kB | 28 kB | 87 kB | 228 kB | 0.6/3.8 MB
2026.09.22 01:22:28 INFO  Progress (5): 463 kB | 28 kB | 87 kB | 228 kB | 0.6/3.8 MB
2026.09.22 01:22:28 INFO  Progress (5): 463 kB | 28 kB | 87 kB | 228 kB | 0.6/3.8 MB
2026.09.22 01:22:28 INFO  Progress (5): 463 kB | 28 kB | 87 kB | 228 kB | 0.7/3.8 MB
2026.09.22 01:22:28 INFO  Progress (5): 463 kB | 28 kB | 87 kB | 228 kB | 0.7/3.8 MB
2026.09.22 01:22:28 INFO  Progress (5): 463 kB | 28 kB | 87 kB | 228 kB | 0.7/3.8 MB
2026.09.22 01:22:28 INFO  Progress (5): 463 kB | 28 kB | 87 kB | 228 kB | 0.7/3.8 MB
2026.09.22 01:22:28 INFO  Progress (5): 463 kB | 28 kB | 87 kB | 228 kB | 0.7/3.8 MB
2026.09.22 01:22:28 INFO  Progress (5): 463 kB | 28 kB | 87 kB | 228 kB | 0.7/3.8 MB
2026.09.22 01:22:28 INFO  Progress (5): 463 kB | 28 kB | 87 kB | 228 kB | 0.8/3.8 MB
2026.09.22 01:22:28 INFO  Progress (5): 463 kB | 28 kB | 87 kB | 228 kB | 0.8/3.8 MB
2026.09.22 01:22:28 INFO  Progress (5): 463 kB | 28 kB | 87 kB | 228 kB | 0.8/3.8 MB
2026.09.22 01:22:28 INFO  Progress (5): 463 kB | 28 kB | 87 kB | 228 kB | 0.8/3.8 MB
2026.09.22 01:22:28 INFO  Progress (5): 463 kB | 28 kB | 87 kB | 228 kB | 0.8/3.8 MB
2026.09.22 01:22:28 INFO  Progress (5): 463 kB | 28 kB | 87 kB | 228 kB | 0.8/3.8 MB
2026.09.22 01:22:28 INFO  Progress (5): 463 kB | 28 kB | 87 kB | 228 kB | 0.9/3.8 MB
2026.09.22 01:22:28 INFO  Progress (5): 463 kB | 28 kB | 87 kB | 228 kB | 0.9/3.8 MB
2026.09.22 01:22:28 INFO  Progress (5): 463 kB | 28 kB | 87 kB | 228 kB | 0.9/3.8 MB
2026.09.22 01:22:28 INFO  Progress (5): 463 kB | 28 kB | 87 kB | 228 kB | 0.9/3.8 MB
2026.09.22 01:22:28 INFO  Progress (5): 463 kB | 28 kB | 87 kB | 228 kB | 0.9/3.8 MB
2026.09.22 01:22:28 INFO  Progress (5): 463 kB | 28 kB | 87 kB | 228 kB | 0.9/3.8 MB
2026.09.22 01:22:28 INFO  Progress (5): 463 kB | 28 kB | 87 kB | 228 kB | 1.0/3.8 MB
2026.09.22 01:22:28 INFO  Progress (5): 463 kB | 28 kB | 87 kB | 228 kB | 1.0/3.8 MB
2026.09.22 01:22:28 INFO  Progress (5): 463 kB | 28 kB | 87 kB | 228 kB | 1.0/3.8 MB
2026.09.22 01:22:28 INFO  Progress (5): 463 kB | 28 kB | 87 kB | 228 kB | 1.0/3.8 MB
2026.09.22 01:22:28 INFO  Progress (5): 463 kB | 28 kB | 87 kB | 228 kB | 1.0/3.8 MB
2026.09.22 01:22:28 INFO  Progress (5): 463 kB | 28 kB | 87 kB | 228 kB | 1.0/3.8 MB
2026.09.22 01:22:28 INFO  Progress (5): 463 kB | 28 kB | 87 kB | 228 kB | 1.0/3.8 MB
2026.09.22 01:22:28 INFO  Progress (5): 463 kB | 28 kB | 87 kB | 228 kB | 1.1/3.8 MB
2026.09.22 01:22:28 INFO  Progress (5): 463 kB | 28 kB | 87 kB | 228 kB | 1.1/3.8 MB
2026.09.22 01:22:28 INFO  Progress (5): 463 kB | 28 kB | 87 kB | 228 kB | 1.1/3.8 MB
2026.09.22 01:22:28 INFO  Progress (5): 463 kB | 28 kB | 87 kB | 228 kB | 1.1/3.8 MB
2026.09.22 01:22:28 INFO  Progress (5): 463 kB | 28 kB | 87 kB | 228 kB | 1.1/3.8 MB
2026.09.22 01:22:28 INFO  Progress (5): 463 kB | 28 kB | 87 kB | 228 kB | 1.1/3.8 MB
2026.09.22 01:22:28 INFO  Progress (5): 463 kB | 28 kB | 87 kB | 228 kB | 1.2/3.8 MB
2026.09.22 01:22:28 INFO  Progress (5): 463 kB | 28 kB | 87 kB | 228 kB | 1.2/3.8 MB
2026.09.22 01:22:28 INFO  Progress (5): 463 kB | 28 kB | 87 kB | 228 kB | 1.2/3.8 MB
2026.09.22 01:22:28 INFO  Progress (5): 463 kB | 28 kB | 87 kB | 228 kB | 1.2/3.8 MB
2026.09.22 01:22:28 INFO  Progress (5): 463 kB | 28 kB | 87 kB | 228 kB | 1.2/3.8 MB
2026.09.22 01:22:28 INFO  Progress (5): 463 kB | 28 kB | 87 kB | 228 kB | 1.2/3.8 MB
2026.09.22 01:22:28 INFO  Progress (5): 463 kB | 28 kB | 87 kB | 228 kB | 1.3/3.8 MB
2026.09.22 01:22:28 INFO  Progress (5): 463 kB | 28 kB | 87 kB | 228 kB | 1.3/3.8 MB
2026.09.22 01:22:28 INFO  Progress (5): 463 kB | 28 kB | 87 kB | 228 kB | 1.3/3.8 MB
2026.09.22 01:22:28 INFO  Progress (5): 463 kB | 28 kB | 87 kB | 228 kB | 1.3/3.8 MB
2026.09.22 01:22:28 INFO  Progress (5): 463 kB | 28 kB | 87 kB | 228 kB | 1.3/3.8 MB
2026.09.22 01:22:28 INFO  Progress (5): 463 kB | 28 kB | 87 kB | 228 kB | 1.3/3.8 MB
2026.09.22 01:22:28 INFO  Progress (5): 463 kB | 28 kB | 87 kB | 228 kB | 1.4/3.8 MB
2026.09.22 01:22:28 INFO  Progress (5): 463 kB | 28 kB | 87 kB | 228 kB | 1.4/3.8 MB
2026.09.22 01:22:28 INFO  Progress (5): 463 kB | 28 kB | 87 kB | 228 kB | 1.4/3.8 MB
2026.09.22 01:22:28 INFO  Progress (5): 463 kB | 28 kB | 87 kB | 228 kB | 1.4/3.8 MB
2026.09.22 01:22:28 INFO  Progress (5): 463 kB | 28 kB | 87 kB | 228 kB | 1.4/3.8 MB
2026.09.22 01:22:28 INFO  Progress (5): 463 kB | 28 kB | 87 kB | 228 kB | 1.4/3.8 MB
2026.09.22 01:22:28 INFO  Progress (5): 463 kB | 28 kB | 87 kB | 228 kB | 1.5/3.8 MB
2026.09.22 01:22:28 INFO  Progress (5): 463 kB | 28 kB | 87 kB | 228 kB | 1.5/3.8 MB
2026.09.22 01:22:28 INFO  Progress (5): 463 kB | 28 kB | 87 kB | 228 kB | 1.5/3.8 MB
2026.09.22 01:22:28 INFO  Progress (5): 463 kB | 28 kB | 87 kB | 228 kB | 1.5/3.8 MB
2026.09.22 01:22:28 INFO  Progress (5): 463 kB | 28 kB | 87 kB | 228 kB | 1.5/3.8 MB
2026.09.22 01:22:28 INFO  Progress (5): 463 kB | 28 kB | 87 kB | 228 kB | 1.5/3.8 MB
2026.09.22 01:22:28 INFO  Progress (5): 463 kB | 28 kB | 87 kB | 228 kB | 1.6/3.8 MB
2026.09.22 01:22:28 INFO  Progress (5): 463 kB | 28 kB | 87 kB | 228 kB | 1.6/3.8 MB
2026.09.22 01:22:28 INFO  Progress (5): 463 kB | 28 kB | 87 kB | 228 kB | 1.6/3.8 MB
2026.09.22 01:22:28 INFO  Progress (5): 463 kB | 28 kB | 87 kB | 228 kB | 1.6/3.8 MB
2026.09.22 01:22:28 INFO  Progress (5): 463 kB | 28 kB | 87 kB | 228 kB | 1.6/3.8 MB
2026.09.22 01:22:28 INFO  Progress (5): 463 kB | 28 kB | 87 kB | 228 kB | 1.6/3.8 MB
2026.09.22 01:22:28 INFO  Progress (5): 463 kB | 28 kB | 87 kB | 228 kB | 1.7/3.8 MB
2026.09.22 01:22:28 INFO  Progress (5): 463 kB | 28 kB | 87 kB | 228 kB | 1.7/3.8 MB
2026.09.22 01:22:28 INFO  Progress (5): 463 kB | 28 kB | 87 kB | 228 kB | 1.7/3.8 MB
2026.09.22 01:22:28 INFO  Progress (5): 463 kB | 28 kB | 87 kB | 228 kB | 1.7/3.8 MB
2026.09.22 01:22:28 INFO  Progress (5): 463 kB | 28 kB | 87 kB | 228 kB | 1.7/3.8 MB
2026.09.22 01:22:28 INFO  Progress (5): 463 kB | 28 kB | 87 kB | 228 kB | 1.7/3.8 MB
2026.09.22 01:22:28 INFO  Progress (5): 463 kB | 28 kB | 87 kB | 228 kB | 1.8/3.8 MB
2026.09.22 01:22:28 INFO  Progress (5): 463 kB | 28 kB | 87 kB | 228 kB | 1.8/3.8 MB
2026.09.22 01:22:28 INFO  Progress (5): 463 kB | 28 kB | 87 kB | 228 kB | 1.8/3.8 MB
2026.09.22 01:22:28 INFO  Progress (5): 463 kB | 28 kB | 87 kB | 228 kB | 1.8/3.8 MB
2026.09.22 01:22:28 INFO  Progress (5): 463 kB | 28 kB | 87 kB | 228 kB | 1.8/3.8 MB
2026.09.22 01:22:28 INFO  Progress (5): 463 kB | 28 kB | 87 kB | 228 kB | 1.8/3.8 MB
2026.09.22 01:22:28 INFO  Progress (5): 463 kB | 28 kB | 87 kB | 228 kB | 1.9/3.8 MB
2026.09.22 01:22:28 INFO  Progress (5): 463 kB | 28 kB | 87 kB | 228 kB | 1.9/3.8 MB
2026.09.22 01:22:28 INFO  Progress (5): 463 kB | 28 kB | 87 kB | 228 kB | 1.9/3.8 MB
2026.09.22 01:22:28 INFO  Progress (5): 463 kB | 28 kB | 87 kB | 228 kB | 1.9/3.8 MB
2026.09.22 01:22:28 INFO  Progress (5): 463 kB | 28 kB | 87 kB | 228 kB | 1.9/3.8 MB
2026.09.22 01:22:28 INFO  Progress (5): 463 kB | 28 kB | 87 kB | 228 kB | 1.9/3.8 MB
2026.09.22 01:22:28 INFO  Progress (5): 463 kB | 28 kB | 87 kB | 228 kB | 1.9/3.8 MB
2026.09.22 01:22:28 INFO  Progress (5): 463 kB | 28 kB | 87 kB | 228 kB | 2.0/3.8 MB
2026.09.22 01:22:28 INFO  Progress (5): 463 kB | 28 kB | 87 kB | 228 kB | 2.0/3.8 MB
2026.09.22 01:22:28 INFO  Progress (5): 463 kB | 28 kB | 87 kB | 228 kB | 2.0/3.8 MB
2026.09.22 01:22:28 INFO  Progress (5): 463 kB | 28 kB | 87 kB | 228 kB | 2.0/3.8 MB
2026.09.22 01:22:28 INFO  Progress (5): 463 kB | 28 kB | 87 kB | 228 kB | 2.0/3.8 MB
2026.09.22 01:22:28 INFO  Progress (5): 463 kB | 28 kB | 87 kB | 228 kB | 2.0/3.8 MB
2026.09.22 01:22:28 INFO  Progress (5): 463 kB | 28 kB | 87 kB | 228 kB | 2.1/3.8 MB
2026.09.22 01:22:28 INFO  Progress (5): 463 kB | 28 kB | 87 kB | 228 kB | 2.1/3.8 MB
2026.09.22 01:22:28 INFO  Progress (5): 463 kB | 28 kB | 87 kB | 228 kB | 2.1/3.8 MB
2026.09.22 01:22:28 INFO  Progress (5): 463 kB | 28 kB | 87 kB | 228 kB | 2.1/3.8 MB
2026.09.22 01:22:28 INFO  Progress (5): 463 kB | 28 kB | 87 kB | 228 kB | 2.1/3.8 MB
2026.09.22 01:22:28 INFO  Progress (5): 463 kB | 28 kB | 87 kB | 228 kB | 2.1/3.8 MB
2026.09.22 01:22:28 INFO  Progress (5): 463 kB | 28 kB | 87 kB | 228 kB | 2.1/3.8 MB
2026.09.22 01:22:28 INFO  Progress (5): 463 kB | 28 kB | 87 kB | 228 kB | 2.2/3.8 MB
2026.09.22 01:22:28 INFO  Progress (5): 463 kB | 28 kB | 87 kB | 228 kB | 2.2/3.8 MB
2026.09.22 01:22:28 INFO  Progress (5): 463 kB | 28 kB | 87 kB | 228 kB | 2.2/3.8 MB
2026.09.22 01:22:28 INFO  Progress (5): 463 kB | 28 kB | 87 kB | 228 kB | 2.2/3.8 MB
2026.09.22 01:22:28 INFO  Progress (5): 463 kB | 28 kB | 87 kB | 228 kB | 2.2/3.8 MB
2026.09.22 01:22:28 INFO  Progress (5): 463 kB | 28 kB | 87 kB | 228 kB | 2.2/3.8 MB
2026.09.22 01:22:28 INFO  Progress (5): 463 kB | 28 kB | 87 kB | 228 kB | 2.3/3.8 MB
2026.09.22 01:22:28 INFO  Progress (5): 463 kB | 28 kB | 87 kB | 228 kB | 2.3/3.8 MB
2026.09.22 01:22:28 INFO  Progress (5): 463 kB | 28 kB | 87 kB | 228 kB | 2.3/3.8 MB
2026.09.22 01:22:28 INFO  Progress (5): 463 kB | 28 kB | 87 kB | 228 kB | 2.3/3.8 MB
2026.09.22 01:22:28 INFO  Progress (5): 463 kB | 28 kB | 87 kB | 228 kB | 2.3/3.8 MB
2026.09.22 01:22:28 INFO  Progress (5): 463 kB | 28 kB | 87 kB | 228 kB | 2.3/3.8 MB
2026.09.22 01:22:28 INFO  Progress (5): 463 kB | 28 kB | 87 kB | 228 kB | 2.4/3.8 MB
2026.09.22 01:22:28 INFO  Progress (5): 463 kB | 28 kB | 87 kB | 228 kB | 2.4/3.8 MB
2026.09.22 01:22:28 INFO  Progress (5): 463 kB | 28 kB | 87 kB | 228 kB | 2.4/3.8 MB
2026.09.22 01:22:28 INFO  Progress (5): 463 kB | 28 kB | 87 kB | 228 kB | 2.4/3.8 MB
2026.09.22 01:22:28 INFO  Progress (5): 463 kB | 28 kB | 87 kB | 228 kB | 2.4/3.8 MB
2026.09.22 01:22:28 INFO  Progress (5): 463 kB | 28 kB | 87 kB | 228 kB | 2.4/3.8 MB
2026.09.22 01:22:28 INFO  Progress (5): 463 kB | 28 kB | 87 kB | 228 kB | 2.5/3.8 MB
2026.09.22 01:22:28 INFO  Progress (5): 463 kB | 28 kB | 87 kB | 228 kB | 2.5/3.8 MB
2026.09.22 01:22:28 INFO  Progress (5): 463 kB | 28 kB | 87 kB | 228 kB | 2.5/3.8 MB
2026.09.22 01:22:28 INFO  Progress (5): 463 kB | 28 kB | 87 kB | 228 kB | 2.5/3.8 MB
2026.09.22 01:22:28 INFO  Progress (5): 463 kB | 28 kB | 87 kB | 228 kB | 2.5/3.8 MB
2026.09.22 01:22:28 INFO  Progress (5): 463 kB | 28 kB | 87 kB | 228 kB | 2.5/3.8 MB
2026.09.22 01:22:28 INFO  Progress (5): 463 kB | 28 kB | 87 kB | 228 kB | 2.6/3.8 MB
2026.09.22 01:22:28 INFO  Progress (5): 463 kB | 28 kB | 87 kB | 228 kB | 2.6/3.8 MB
2026.09.22 01:22:28 INFO  Progress (5): 463 kB | 28 kB | 87 kB | 228 kB | 2.6/3.8 MB
2026.09.22 01:22:28 INFO  Progress (5): 463 kB | 28 kB | 87 kB | 228 kB | 2.6/3.8 MB
2026.09.22 01:22:28 INFO  Progress (5): 463 kB | 28 kB | 87 kB | 228 kB | 2.6/3.8 MB
2026.09.22 01:22:28 INFO  Progress (5): 463 kB | 28 kB | 87 kB | 228 kB | 2.6/3.8 MB
2026.09.22 01:22:28 INFO  Progress (5): 463 kB | 28 kB | 87 kB | 228 kB | 2.7/3.8 MB
2026.09.22 01:22:28 INFO  Progress (5): 463 kB | 28 kB | 87 kB | 228 kB | 2.7/3.8 MB
2026.09.22 01:22:28 INFO  Progress (5): 463 kB | 28 kB | 87 kB | 228 kB | 2.7/3.8 MB
2026.09.22 01:22:28 INFO  Progress (5): 463 kB | 28 kB | 87 kB | 228 kB | 2.7/3.8 MB
2026.09.22 01:22:28 INFO  Progress (5): 463 kB | 28 kB | 87 kB | 228 kB | 2.7/3.8 MB
2026.09.22 01:22:28 INFO  Progress (5): 463 kB | 28 kB | 87 kB | 228 kB | 2.7/3.8 MB
2026.09.22 01:22:28 INFO  Progress (5): 463 kB | 28 kB | 87 kB | 228 kB | 2.8/3.8 MB
2026.09.22 01:22:28 INFO  Progress (5): 463 kB | 28 kB | 87 kB | 228 kB | 2.8/3.8 MB
2026.09.22 01:22:28 INFO  Progress (5): 463 kB | 28 kB | 87 kB | 228 kB | 2.8/3.8 MB
2026.09.22 01:22:28 INFO  Progress (5): 463 kB | 28 kB | 87 kB | 228 kB | 2.8/3.8 MB
2026.09.22 01:22:28 INFO  Progress (5): 463 kB | 28 kB | 87 kB | 228 kB | 2.8/3.8 MB
2026.09.22 01:22:28 INFO  Progress (5): 463 kB | 28 kB | 87 kB | 228 kB | 2.8/3.8 MB
2026.09.22 01:22:28 INFO  Progress (5): 463 kB | 28 kB | 87 kB | 228 kB | 2.9/3.8 MB
2026.09.22 01:22:28 INFO  Progress (5): 463 kB | 28 kB | 87 kB | 228 kB | 2.9/3.8 MB
2026.09.22 01:22:28 INFO  Progress (5): 463 kB | 28 kB | 87 kB | 228 kB | 2.9/3.8 MB
2026.09.22 01:22:28 INFO  Progress (5): 463 kB | 28 kB | 87 kB | 228 kB | 2.9/3.8 MB
2026.09.22 01:22:28 INFO  Progress (5): 463 kB | 28 kB | 87 kB | 228 kB | 2.9/3.8 MB
2026.09.22 01:22:28 INFO  Progress (5): 463 kB | 28 kB | 87 kB | 228 kB | 2.9/3.8 MB
2026.09.22 01:22:28 INFO  Progress (5): 463 kB | 28 kB | 87 kB | 228 kB | 2.9/3.8 MB
2026.09.22 01:22:28 INFO  Progress (5): 463 kB | 28 kB | 87 kB | 228 kB | 3.0/3.8 MB
2026.09.22 01:22:28 INFO  Progress (5): 463 kB | 28 kB | 87 kB | 228 kB | 3.0/3.8 MB
2026.09.22 01:22:28 INFO  Progress (5): 463 kB | 28 kB | 87 kB | 228 kB | 3.0/3.8 MB
2026.09.22 01:22:28 INFO  Progress (5): 463 kB | 28 kB | 87 kB | 228 kB | 3.0/3.8 MB
2026.09.22 01:22:28 INFO  Progress (5): 463 kB | 28 kB | 87 kB | 228 kB | 3.0/3.8 MB
2026.09.22 01:22:28 INFO  Progress (5): 463 kB | 28 kB | 87 kB | 228 kB | 3.0/3.8 MB
2026.09.22 01:22:28 INFO  Progress (5): 463 kB | 28 kB | 87 kB | 228 kB | 3.1/3.8 MB
2026.09.22 01:22:28 INFO  Progress (5): 463 kB | 28 kB | 87 kB | 228 kB | 3.1/3.8 MB
2026.09.22 01:22:28 INFO  Progress (5): 463 kB | 28 kB | 87 kB | 228 kB | 3.1/3.8 MB
2026.09.22 01:22:28 INFO  Progress (5): 463 kB | 28 kB | 87 kB | 228 kB | 3.1/3.8 MB
2026.09.22 01:22:28 INFO  Progress (5): 463 kB | 28 kB | 87 kB | 228 kB | 3.1/3.8 MB
2026.09.22 01:22:28 INFO  Progress (5): 463 kB | 28 kB | 87 kB | 228 kB | 3.1/3.8 MB
2026.09.22 01:22:28 INFO  Progress (5): 463 kB | 28 kB | 87 kB | 228 kB | 3.2/3.8 MB
2026.09.22 01:22:28 INFO  Progress (5): 463 kB | 28 kB | 87 kB | 228 kB | 3.2/3.8 MB
2026.09.22 01:22:28 INFO  Progress (5): 463 kB | 28 kB | 87 kB | 228 kB | 3.2/3.8 MB
2026.09.22 01:22:28 INFO  Progress (5): 463 kB | 28 kB | 87 kB | 228 kB | 3.2/3.8 MB
2026.09.22 01:22:28 INFO  Progress (5): 463 kB | 28 kB | 87 kB | 228 kB | 3.2/3.8 MB
2026.09.22 01:22:28 INFO  Progress (5): 463 kB | 28 kB | 87 kB | 228 kB | 3.2/3.8 MB
2026.09.22 01:22:28 INFO  Progress (5): 463 kB | 28 kB | 87 kB | 228 kB | 3.3/3.8 MB
2026.09.22 01:22:28 INFO  Progress (5): 463 kB | 28 kB | 87 kB | 228 kB | 3.3/3.8 MB
2026.09.22 01:22:28 INFO  Progress (5): 463 kB | 28 kB | 87 kB | 228 kB | 3.3/3.8 MB
2026.09.22 01:22:28 INFO  Progress (5): 463 kB | 28 kB | 87 kB | 228 kB | 3.3/3.8 MB
2026.09.22 01:22:28 INFO  Progress (5): 463 kB | 28 kB | 87 kB | 228 kB | 3.3/3.8 MB
2026.09.22 01:22:28 INFO  Progress (5): 463 kB | 28 kB | 87 kB | 228 kB | 3.3/3.8 MB
2026.09.22 01:22:28 INFO  Progress (5): 463 kB | 28 kB | 87 kB | 228 kB | 3.4/3.8 MB
2026.09.22 01:22:28 INFO  Progress (5): 463 kB | 28 kB | 87 kB | 228 kB | 3.4/3.8 MB
2026.09.22 01:22:28 INFO  Progress (5): 463 kB | 28 kB | 87 kB | 228 kB | 3.4/3.8 MB
2026.09.22 01:22:28 INFO  Progress (5): 463 kB | 28 kB | 87 kB | 228 kB | 3.4/3.8 MB
2026.09.22 01:22:28 INFO  Progress (5): 463 kB | 28 kB | 87 kB | 228 kB | 3.4/3.8 MB
2026.09.22 01:22:28 INFO  Progress (5): 463 kB | 28 kB | 87 kB | 228 kB | 3.4/3.8 MB
2026.09.22 01:22:28 INFO  Progress (5): 463 kB | 28 kB | 87 kB | 228 kB | 3.5/3.8 MB
2026.09.22 01:22:28 INFO  Progress (5): 463 kB | 28 kB | 87 kB | 228 kB | 3.5/3.8 MB
2026.09.22 01:22:28 INFO  Progress (5): 463 kB | 28 kB | 87 kB | 228 kB | 3.5/3.8 MB
2026.09.22 01:22:28 INFO  Progress (5): 463 kB | 28 kB | 87 kB | 228 kB | 3.5/3.8 MB
2026.09.22 01:22:28 INFO  Progress (5): 463 kB | 28 kB | 87 kB | 228 kB | 3.5/3.8 MB
2026.09.22 01:22:28 INFO  Progress (5): 463 kB | 28 kB | 87 kB | 228 kB | 3.5/3.8 MB
2026.09.22 01:22:28 INFO  Progress (5): 463 kB | 28 kB | 87 kB | 228 kB | 3.6/3.8 MB
2026.09.22 01:22:28 INFO  Progress (5): 463 kB | 28 kB | 87 kB | 228 kB | 3.6/3.8 MB
2026.09.22 01:22:28 INFO  Progress (5): 463 kB | 28 kB | 87 kB | 228 kB | 3.6/3.8 MB
2026.09.22 01:22:28 INFO  Progress (5): 463 kB | 28 kB | 87 kB | 228 kB | 3.6/3.8 MB
2026.09.22 01:22:28 INFO  Progress (5): 463 kB | 28 kB | 87 kB | 228 kB | 3.6/3.8 MB
2026.09.22 01:22:28 INFO  Progress (5): 463 kB | 28 kB | 87 kB | 228 kB | 3.6/3.8 MB
2026.09.22 01:22:28 INFO  Progress (5): 463 kB | 28 kB | 87 kB | 228 kB | 3.6/3.8 MB
2026.09.22 01:22:28 INFO  Progress (5): 463 kB | 28 kB | 87 kB | 228 kB | 3.7/3.8 MB
2026.09.22 01:22:28 INFO  Progress (5): 463 kB | 28 kB | 87 kB | 228 kB | 3.7/3.8 MB
2026.09.22 01:22:28 INFO  Progress (5): 463 kB | 28 kB | 87 kB | 228 kB | 3.7/3.8 MB
2026.09.22 01:22:28 INFO  Progress (5): 463 kB | 28 kB | 87 kB | 228 kB | 3.7/3.8 MB
2026.09.22 01:22:28 INFO  Progress (5): 463 kB | 28 kB | 87 kB | 228 kB | 3.7/3.8 MB
2026.09.22 01:22:28 INFO  Progress (5): 463 kB | 28 kB | 87 kB | 228 kB | 3.7/3.8 MB
2026.09.22 01:22:28 INFO  Progress (5): 463 kB | 28 kB | 87 kB | 228 kB | 3.8/3.8 MB
2026.09.22 01:22:28 INFO  Progress (5): 463 kB | 28 kB | 87 kB | 228 kB | 3.8/3.8 MB
2026.09.22 01:22:28 INFO  Progress (5): 463 kB | 28 kB | 87 kB | 228 kB | 3.8 MB    
2026.09.22 01:22:30 INFO                                                        
2026.09.22 01:22:30 INFO  Downloaded from central: https://repo.maven.apache.org/maven2/org/scala-sbt/util-logging_2.13/1.8.0/util-logging_2.13-1.8.0.jar (463 kB at 84 kB/s)
2026.09.22 01:22:30 INFO  Downloading from central: https://repo.maven.apache.org/maven2/org/scala-sbt/util-relation_2.13/1.8.0/util-relation_2.13-1.8.0.jar
2026.09.22 01:22:30 INFO  Downloaded from central: https://repo.maven.apache.org/maven2/org/scala-sbt/util-position_2.13/1.8.0/util-position_2.13-1.8.0.jar (28 kB at 5.1 kB/s)
2026.09.22 01:22:30 INFO  Downloading from central: https://repo.maven.apache.org/maven2/org/scala-sbt/zinc-persist_2.13/1.8.0/zinc-persist_2.13-1.8.0.jar
2026.09.22 01:22:30 INFO  Downloaded from central: https://repo.maven.apache.org/maven2/org/scala-sbt/core-macros_2.13/1.8.0/core-macros_2.13-1.8.0.jar (87 kB at 15 kB/s)
2026.09.22 01:22:30 INFO  Downloading from central: https://repo.maven.apache.org/maven2/org/scala-sbt/zinc-compile-core_2.13/1.8.0/zinc-compile-core_2.13-1.8.0.jar
2026.09.22 01:22:30 INFO  Downloaded from central: https://repo.maven.apache.org/maven2/org/jline/jline-terminal/3.19.0/jline-terminal-3.19.0.jar (228 kB at 40 kB/s)
2026.09.22 01:22:30 INFO  Downloading from central: https://repo.maven.apache.org/maven2/org/scala-lang/modules/scala-parser-combinators_2.13/1.1.2/scala-parser-combinators_2.13-1.1.2.jar
2026.09.22 01:22:30 INFO  Progress (2): 3.8 MB | 7.7/15 kB
2026.09.22 01:22:30 INFO  Progress (2): 3.8 MB | 15 kB    
2026.09.22 01:22:30 INFO  Progress (3): 3.8 MB | 15 kB | 8.2/270 kB
2026.09.22 01:22:30 INFO  Progress (3): 3.8 MB | 15 kB | 25/270 kB 
2026.09.22 01:22:30 INFO  Progress (3): 3.8 MB | 15 kB | 41/270 kB
2026.09.22 01:22:30 INFO  Progress (3): 3.8 MB | 15 kB | 57/270 kB
2026.09.22 01:22:30 INFO  Progress (3): 3.8 MB | 15 kB | 74/270 kB
2026.09.22 01:22:30 INFO  Progress (3): 3.8 MB | 15 kB | 82/270 kB
2026.09.22 01:22:30 INFO  Progress (3): 3.8 MB | 15 kB | 98/270 kB
2026.09.22 01:22:30 INFO  Progress (3): 3.8 MB | 15 kB | 115/270 kB
2026.09.22 01:22:30 INFO  Progress (3): 3.8 MB | 15 kB | 131/270 kB
2026.09.22 01:22:30 INFO  Progress (3): 3.8 MB | 15 kB | 139/270 kB
2026.09.22 01:22:30 INFO  Progress (3): 3.8 MB | 15 kB | 156/270 kB
2026.09.22 01:22:30 INFO  Progress (3): 3.8 MB | 15 kB | 172/270 kB
2026.09.22 01:22:30 INFO  Progress (3): 3.8 MB | 15 kB | 188/270 kB
2026.09.22 01:22:30 INFO  Progress (3): 3.8 MB | 15 kB | 205/270 kB
2026.09.22 01:22:30 INFO  Progress (3): 3.8 MB | 15 kB | 221/270 kB
2026.09.22 01:22:30 INFO  Progress (3): 3.8 MB | 15 kB | 238/270 kB
2026.09.22 01:22:30 INFO  Progress (3): 3.8 MB | 15 kB | 246/270 kB
2026.09.22 01:22:30 INFO  Progress (3): 3.8 MB | 15 kB | 262/270 kB
2026.09.22 01:22:30 INFO  Progress (3): 3.8 MB | 15 kB | 270 kB    
2026.09.22 01:22:30 INFO                                       
2026.09.22 01:22:30 INFO  Downloaded from central: https://repo.maven.apache.org/maven2/org/scala-lang/scala-reflect/2.13.8/scala-reflect-2.13.8.jar (3.8 MB at 655 kB/s)
2026.09.22 01:22:30 INFO  Downloading from central: https://repo.maven.apache.org/maven2/net/openhft/zero-allocation-hashing/0.10.1/zero-allocation-hashing-0.10.1.jar
2026.09.22 01:22:30 INFO  Progress (3): 15 kB | 270 kB | 7.7/254 kB
2026.09.22 01:22:30 INFO  Progress (3): 15 kB | 270 kB | 16/254 kB 
2026.09.22 01:22:30 INFO  Progress (3): 15 kB | 270 kB | 32/254 kB
2026.09.22 01:22:30 INFO  Progress (3): 15 kB | 270 kB | 49/254 kB
2026.09.22 01:22:30 INFO  Progress (3): 15 kB | 270 kB | 57/254 kB
2026.09.22 01:22:30 INFO  Progress (3): 15 kB | 270 kB | 73/254 kB
2026.09.22 01:22:30 INFO  Progress (3): 15 kB | 270 kB | 90/254 kB
2026.09.22 01:22:30 INFO  Progress (3): 15 kB | 270 kB | 106/254 kB
2026.09.22 01:22:30 INFO  Progress (3): 15 kB | 270 kB | 122/254 kB
2026.09.22 01:22:30 INFO  Progress (3): 15 kB | 270 kB | 139/254 kB
2026.09.22 01:22:30 INFO  Progress (3): 15 kB | 270 kB | 155/254 kB
2026.09.22 01:22:30 INFO  Progress (3): 15 kB | 270 kB | 172/254 kB
2026.09.22 01:22:30 INFO  Progress (3): 15 kB | 270 kB | 188/254 kB
2026.09.22 01:22:30 INFO  Progress (3): 15 kB | 270 kB | 204/254 kB
2026.09.22 01:22:30 INFO  Progress (3): 15 kB | 270 kB | 221/254 kB
2026.09.22 01:22:30 INFO  Progress (3): 15 kB | 270 kB | 237/254 kB
2026.09.22 01:22:30 INFO  Progress (3): 15 kB | 270 kB | 253/254 kB
2026.09.22 01:22:30 INFO  Progress (3): 15 kB | 270 kB | 254 kB    
2026.09.22 01:22:30 INFO  Progress (4): 15 kB | 270 kB | 254 kB | 7.7/225 kB
2026.09.22 01:22:30 INFO  Progress (4): 15 kB | 270 kB | 254 kB | 16/225 kB 
2026.09.22 01:22:30 INFO  Progress (4): 15 kB | 270 kB | 254 kB | 24/225 kB
2026.09.22 01:22:30 INFO  Progress (4): 15 kB | 270 kB | 254 kB | 33/225 kB
2026.09.22 01:22:30 INFO  Progress (4): 15 kB | 270 kB | 254 kB | 49/225 kB
2026.09.22 01:22:30 INFO  Progress (4): 15 kB | 270 kB | 254 kB | 66/225 kB
2026.09.22 01:22:30 INFO  Progress (4): 15 kB | 270 kB | 254 kB | 82/225 kB
2026.09.22 01:22:30 INFO  Progress (4): 15 kB | 270 kB | 254 kB | 98/225 kB
2026.09.22 01:22:30 INFO  Progress (4): 15 kB | 270 kB | 254 kB | 115/225 kB
2026.09.22 01:22:30 INFO  Progress (4): 15 kB | 270 kB | 254 kB | 131/225 kB
2026.09.22 01:22:30 INFO  Progress (4): 15 kB | 270 kB | 254 kB | 147/225 kB
2026.09.22 01:22:30 INFO  Progress (4): 15 kB | 270 kB | 254 kB | 164/225 kB
2026.09.22 01:22:30 INFO  Progress (4): 15 kB | 270 kB | 254 kB | 180/225 kB
2026.09.22 01:22:30 INFO  Progress (4): 15 kB | 270 kB | 254 kB | 197/225 kB
2026.09.22 01:22:30 INFO  Progress (4): 15 kB | 270 kB | 254 kB | 213/225 kB
2026.09.22 01:22:30 INFO  Progress (4): 15 kB | 270 kB | 254 kB | 225 kB    
2026.09.22 01:22:30 INFO                                                
2026.09.22 01:22:30 INFO  Downloaded from central: https://repo.maven.apache.org/maven2/org/scala-sbt/util-relation_2.13/1.8.0/util-relation_2.13-1.8.0.jar (15 kB at 2.6 kB/s)
2026.09.22 01:22:30 INFO  Downloading from central: https://repo.maven.apache.org/maven2/org/scala-sbt/util-control_2.13/1.8.0/util-control_2.13-1.8.0.jar
2026.09.22 01:22:30 INFO  Downloaded from central: https://repo.maven.apache.org/maven2/org/scala-sbt/zinc-persist_2.13/1.8.0/zinc-persist_2.13-1.8.0.jar (270 kB at 46 kB/s)
2026.09.22 01:22:30 INFO  Downloading from central: https://repo.maven.apache.org/maven2/org/scala-sbt/zinc-classfile_2.13/1.8.0/zinc-classfile_2.13-1.8.0.jar
2026.09.22 01:22:30 INFO  Progress (3): 254 kB | 225 kB | 7.7/60 kB
2026.09.22 01:22:30 INFO  Progress (3): 254 kB | 225 kB | 16/60 kB 
2026.09.22 01:22:30 INFO  Progress (3): 254 kB | 225 kB | 32/60 kB
2026.09.22 01:22:30 INFO  Progress (3): 254 kB | 225 kB | 49/60 kB
2026.09.22 01:22:30 INFO  Progress (3): 254 kB | 225 kB | 60 kB   
2026.09.22 01:22:30 INFO                                       
2026.09.22 01:22:30 INFO  Downloaded from central: https://repo.maven.apache.org/maven2/org/scala-sbt/zinc-compile-core_2.13/1.8.0/zinc-compile-core_2.13-1.8.0.jar (254 kB at 42 kB/s)
2026.09.22 01:22:30 INFO  Progress (3): 225 kB | 60 kB | 7.7/19 kB
2026.09.22 01:22:30 INFO  Progress (3): 225 kB | 60 kB | 16/19 kB 
2026.09.22 01:22:30 INFO  Progress (3): 225 kB | 60 kB | 19 kB   
2026.09.22 01:22:30 INFO  Progress (4): 225 kB | 60 kB | 19 kB | 7.7/108 kB
2026.09.22 01:22:30 INFO  Progress (4): 225 kB | 60 kB | 19 kB | 7.7/108 kB
2026.09.22 01:22:30 INFO  Progress (4): 225 kB | 60 kB | 19 kB | 24/108 kB 
2026.09.22 01:22:30 INFO  Progress (4): 225 kB | 60 kB | 19 kB | 40/108 kB
2026.09.22 01:22:30 INFO  Progress (4): 225 kB | 60 kB | 19 kB | 57/108 kB
2026.09.22 01:22:30 INFO  Progress (4): 225 kB | 60 kB | 19 kB | 73/108 kB
2026.09.22 01:22:30 INFO  Progress (4): 225 kB | 60 kB | 19 kB | 90/108 kB
2026.09.22 01:22:30 INFO  Progress (4): 225 kB | 60 kB | 19 kB | 106/108 kB
2026.09.22 01:22:30 INFO  Progress (4): 225 kB | 60 kB | 19 kB | 108 kB    
2026.09.22 01:22:30 INFO                                               
2026.09.22 01:22:30 INFO  Downloaded from central: https://repo.maven.apache.org/maven2/net/openhft/zero-allocation-hashing/0.10.1/zero-allocation-hashing-0.10.1.jar (60 kB at 9.8 kB/s)
2026.09.22 01:22:30 INFO  Downloaded from central: https://repo.maven.apache.org/maven2/org/scala-lang/modules/scala-parser-combinators_2.13/1.1.2/scala-parser-combinators_2.13-1.1.2.jar (225 kB at 37 kB/s)
2026.09.22 01:22:30 INFO  Downloaded from central: https://repo.maven.apache.org/maven2/org/scala-sbt/util-control_2.13/1.8.0/util-control_2.13-1.8.0.jar (19 kB at 3.1 kB/s)
2026.09.22 01:22:30 INFO  Downloaded from central: https://repo.maven.apache.org/maven2/org/scala-sbt/zinc-classfile_2.13/1.8.0/zinc-classfile_2.13-1.8.0.jar (108 kB at 17 kB/s)
2026.09.22 01:22:34 INFO  [ERROR] org.scala-lang:scala([0-9]?)-library is missing from project dependencies
2026.09.22 01:22:34 INFO  [INFO] Resolving artifact: org.opentest4j:opentest4j:jar:1.3.0:test (sources = false)
2026.09.22 01:22:34 INFO  [INFO] SUCCESS: org.opentest4j:opentest4j:jar:1.3.0:test (sources = false)
2026.09.22 01:22:34 INFO  [INFO] Resolving artifact: org.opentest4j:opentest4j:jar:1.3.0:test (sources = true)
2026.09.22 01:22:34 INFO  Downloading from central: https://repo.maven.apache.org/maven2/org/opentest4j/opentest4j/1.3.0/opentest4j-1.3.0-sources.jar
2026.09.22 01:22:34 INFO  Progress (1): 7.7/10 kB
2026.09.22 01:22:34 INFO  Progress (1): 10 kB    
2026.09.22 01:22:34 INFO                     
2026.09.22 01:22:34 INFO  Downloaded from central: https://repo.maven.apache.org/maven2/org/opentest4j/opentest4j/1.3.0/opentest4j-1.3.0-sources.jar (10 kB at 95 kB/s)
2026.09.22 01:22:34 INFO  [INFO] SUCCESS: org.opentest4j:opentest4j:jar:1.3.0:test (sources = true)
2026.09.22 01:22:34 INFO  [INFO] Resolving artifact: org.junit.jupiter:junit-jupiter-api:jar:5.10.2:test (sources = false)
2026.09.22 01:22:34 INFO  [INFO] SUCCESS: org.junit.jupiter:junit-jupiter-api:jar:5.10.2:test (sources = false)
2026.09.22 01:22:34 INFO  [INFO] Resolving artifact: org.junit.jupiter:junit-jupiter-api:jar:5.10.2:test (sources = true)
2026.09.22 01:22:34 INFO  Downloading from central: https://repo.maven.apache.org/maven2/org/junit/jupiter/junit-jupiter-api/5.10.2/junit-jupiter-api-5.10.2-sources.jar
2026.09.22 01:22:34 INFO  Progress (1): 8.2/210 kB
2026.09.22 01:22:34 INFO  Progress (1): 25/210 kB 
2026.09.22 01:22:34 INFO  Progress (1): 41/210 kB
2026.09.22 01:22:34 INFO  Progress (1): 57/210 kB
2026.09.22 01:22:34 INFO  Progress (1): 74/210 kB
2026.09.22 01:22:34 INFO  Progress (1): 82/210 kB
2026.09.22 01:22:34 INFO  Progress (1): 98/210 kB
2026.09.22 01:22:34 INFO  Progress (1): 115/210 kB
2026.09.22 01:22:34 INFO  Progress (1): 131/210 kB
2026.09.22 01:22:34 INFO  Progress (1): 147/210 kB
2026.09.22 01:22:34 INFO  Progress (1): 164/210 kB
2026.09.22 01:22:34 INFO  Progress (1): 180/210 kB
2026.09.22 01:22:34 INFO  Progress (1): 197/210 kB
2026.09.22 01:22:34 INFO  Progress (1): 210 kB    
2026.09.22 01:22:34 INFO                      
2026.09.22 01:22:34 INFO  Downloaded from central: https://repo.maven.apache.org/maven2/org/junit/jupiter/junit-jupiter-api/5.10.2/junit-jupiter-api-5.10.2-sources.jar (210 kB at 634 kB/s)
2026.09.22 01:22:34 INFO  [INFO] SUCCESS: org.junit.jupiter:junit-jupiter-api:jar:5.10.2:test (sources = true)
2026.09.22 01:22:34 INFO  [INFO] Resolving artifact: org.junit.platform:junit-platform-engine:jar:1.10.2:test (sources = false)
2026.09.22 01:22:34 INFO  [INFO] SUCCESS: org.junit.platform:junit-platform-engine:jar:1.10.2:test (sources = false)
2026.09.22 01:22:34 INFO  [INFO] Resolving artifact: org.junit.platform:junit-platform-engine:jar:1.10.2:test (sources = true)
2026.09.22 01:22:34 INFO  Downloading from central: https://repo.maven.apache.org/maven2/org/junit/platform/junit-platform-engine/1.10.2/junit-platform-engine-1.10.2-sources.jar
2026.09.22 01:22:35 INFO  Progress (1): 7.7/142 kB
2026.09.22 01:22:35 INFO  Progress (1): 16/142 kB 
2026.09.22 01:22:35 INFO  Progress (1): 32/142 kB
2026.09.22 01:22:35 INFO  Progress (1): 49/142 kB
2026.09.22 01:22:35 INFO  Progress (1): 65/142 kB
2026.09.22 01:22:35 INFO  Progress (1): 81/142 kB
2026.09.22 01:22:35 INFO  Progress (1): 98/142 kB
2026.09.22 01:22:35 INFO  Progress (1): 114/142 kB
2026.09.22 01:22:35 INFO  Progress (1): 131/142 kB
2026.09.22 01:22:35 INFO  Progress (1): 142 kB    
2026.09.22 01:22:35 INFO                      
2026.09.22 01:22:35 INFO  Downloaded from central: https://repo.maven.apache.org/maven2/org/junit/platform/junit-platform-engine/1.10.2/junit-platform-engine-1.10.2-sources.jar (142 kB at 490 kB/s)
2026.09.22 01:22:35 INFO  [INFO] SUCCESS: org.junit.platform:junit-platform-engine:jar:1.10.2:test (sources = true)
2026.09.22 01:22:35 INFO  [INFO] Resolving artifact: org.junit.jupiter:junit-jupiter-params:jar:5.10.2:test (sources = false)
2026.09.22 01:22:35 INFO  [INFO] SUCCESS: org.junit.jupiter:junit-jupiter-params:jar:5.10.2:test (sources = false)
2026.09.22 01:22:35 INFO  [INFO] Resolving artifact: org.junit.jupiter:junit-jupiter-params:jar:5.10.2:test (sources = true)
2026.09.22 01:22:35 INFO  Downloading from central: https://repo.maven.apache.org/maven2/org/junit/jupiter/junit-jupiter-params/5.10.2/junit-jupiter-params-5.10.2-sources.jar
2026.09.22 01:22:35 INFO  Progress (1): 7.7/83 kB
2026.09.22 01:22:35 INFO  Progress (1): 16/83 kB 
2026.09.22 01:22:35 INFO  Progress (1): 32/83 kB
2026.09.22 01:22:35 INFO  Progress (1): 48/83 kB
2026.09.22 01:22:35 INFO  Progress (1): 65/83 kB
2026.09.22 01:22:35 INFO  Progress (1): 81/83 kB
2026.09.22 01:22:35 INFO  Progress (1): 83 kB   
2026.09.22 01:22:35 INFO                     
2026.09.22 01:22:35 INFO  Downloaded from central: https://repo.maven.apache.org/maven2/org/junit/jupiter/junit-jupiter-params/5.10.2/junit-jupiter-params-5.10.2-sources.jar (83 kB at 768 kB/s)
2026.09.22 01:22:35 INFO  [INFO] SUCCESS: org.junit.jupiter:junit-jupiter-params:jar:5.10.2:test (sources = true)
2026.09.22 01:22:35 INFO  [INFO] Resolving artifact: org.junit.platform:junit-platform-commons:jar:1.10.2:test (sources = false)
2026.09.22 01:22:35 INFO  [INFO] SUCCESS: org.junit.platform:junit-platform-commons:jar:1.10.2:test (sources = false)
2026.09.22 01:22:35 INFO  [INFO] Resolving artifact: org.junit.platform:junit-platform-commons:jar:1.10.2:test (sources = true)
2026.09.22 01:22:35 INFO  Downloading from central: https://repo.maven.apache.org/maven2/org/junit/platform/junit-platform-commons/1.10.2/junit-platform-commons-1.10.2-sources.jar
2026.09.22 01:22:35 INFO  Progress (1): 7.7/78 kB
2026.09.22 01:22:35 INFO  Progress (1): 11/78 kB 
2026.09.22 01:22:35 INFO  Progress (1): 28/78 kB
2026.09.22 01:22:35 INFO  Progress (1): 44/78 kB
2026.09.22 01:22:35 INFO  Progress (1): 61/78 kB
2026.09.22 01:22:35 INFO  Progress (1): 77/78 kB
2026.09.22 01:22:35 INFO  Progress (1): 78 kB   
2026.09.22 01:22:35 INFO                     
2026.09.22 01:22:35 INFO  Downloaded from central: https://repo.maven.apache.org/maven2/org/junit/platform/junit-platform-commons/1.10.2/junit-platform-commons-1.10.2-sources.jar (78 kB at 597 kB/s)
2026.09.22 01:22:35 INFO  [INFO] SUCCESS: org.junit.platform:junit-platform-commons:jar:1.10.2:test (sources = true)
2026.09.22 01:22:35 INFO  [INFO] Resolving artifact: org.apiguardian:apiguardian-api:jar:1.1.2:test (sources = false)
2026.09.22 01:22:35 INFO  [INFO] SUCCESS: org.apiguardian:apiguardian-api:jar:1.1.2:test (sources = false)
2026.09.22 01:22:35 INFO  [INFO] Resolving artifact: org.apiguardian:apiguardian-api:jar:1.1.2:test (sources = true)
2026.09.22 01:22:35 INFO  Downloading from central: https://repo.maven.apache.org/maven2/org/apiguardian/apiguardian-api/1.1.2/apiguardian-api-1.1.2-sources.jar
2026.09.22 01:22:35 INFO  Progress (1): 6.6 kB
2026.09.22 01:22:35 INFO                      
2026.09.22 01:22:35 INFO  Downloaded from central: https://repo.maven.apache.org/maven2/org/apiguardian/apiguardian-api/1.1.2/apiguardian-api-1.1.2-sources.jar (6.6 kB at 64 kB/s)
2026.09.22 01:22:35 INFO  [INFO] SUCCESS: org.apiguardian:apiguardian-api:jar:1.1.2:test (sources = true)
2026.09.22 01:22:35 INFO  [INFO] Resolving artifact: org.junit.jupiter:junit-jupiter:jar:5.10.2:test (sources = false)
2026.09.22 01:22:35 INFO  [INFO] SUCCESS: org.junit.jupiter:junit-jupiter:jar:5.10.2:test (sources = false)
2026.09.22 01:22:35 INFO  [INFO] Resolving artifact: org.junit.jupiter:junit-jupiter:jar:5.10.2:test (sources = true)
2026.09.22 01:22:35 INFO  Downloading from central: https://repo.maven.apache.org/maven2/org/junit/jupiter/junit-jupiter/5.10.2/junit-jupiter-5.10.2-sources.jar
2026.09.22 01:22:35 INFO  Progress (1): 3.2/6.1 kB
2026.09.22 01:22:35 INFO  Progress (1): 6.1 kB    
2026.09.22 01:22:35 INFO                      
2026.09.22 01:22:35 INFO  Downloaded from central: https://repo.maven.apache.org/maven2/org/junit/jupiter/junit-jupiter/5.10.2/junit-jupiter-5.10.2-sources.jar (6.1 kB at 66 kB/s)
2026.09.22 01:22:35 INFO  [INFO] SUCCESS: org.junit.jupiter:junit-jupiter:jar:5.10.2:test (sources = true)
2026.09.22 01:22:35 INFO  [INFO] Resolving artifact: org.junit.jupiter:junit-jupiter-engine:jar:5.10.2:test (sources = false)
2026.09.22 01:22:35 INFO  [INFO] SUCCESS: org.junit.jupiter:junit-jupiter-engine:jar:5.10.2:test (sources = false)
2026.09.22 01:22:35 INFO  [INFO] Resolving artifact: org.junit.jupiter:junit-jupiter-engine:jar:5.10.2:test (sources = true)
2026.09.22 01:22:35 INFO  Downloading from central: https://repo.maven.apache.org/maven2/org/junit/jupiter/junit-jupiter-engine/5.10.2/junit-jupiter-engine-5.10.2-sources.jar
2026.09.22 01:22:35 INFO  Progress (1): 7.7/131 kB
2026.09.22 01:22:35 INFO  Progress (1): 12/131 kB 
2026.09.22 01:22:35 INFO  Progress (1): 29/131 kB
2026.09.22 01:22:35 INFO  Progress (1): 33/131 kB
2026.09.22 01:22:35 INFO  Progress (1): 49/131 kB
2026.09.22 01:22:35 INFO  Progress (1): 66/131 kB
2026.09.22 01:22:35 INFO  Progress (1): 82/131 kB
2026.09.22 01:22:35 INFO  Progress (1): 98/131 kB
2026.09.22 01:22:35 INFO  Progress (1): 115/131 kB
2026.09.22 01:22:35 INFO  Progress (1): 131/131 kB
2026.09.22 01:22:35 INFO  Progress (1): 131 kB    
2026.09.22 01:22:36 INFO                      
2026.09.22 01:22:36 INFO  Downloaded from central: https://repo.maven.apache.org/maven2/org/junit/jupiter/junit-jupiter-engine/5.10.2/junit-jupiter-engine-5.10.2-sources.jar (131 kB at 497 kB/s)
2026.09.22 01:22:36 INFO  [INFO] SUCCESS: org.junit.jupiter:junit-jupiter-engine:jar:5.10.2:test (sources = true)
2026.09.22 01:22:36 INFO  [INFO] Generated .bloop\semana6-lab-diagnostico.json
2026.09.22 01:22:36 INFO  [INFO] Starting to write configuration for project: semana6-lab-diagnostico with configuration: compile
2026.09.22 01:22:36 INFO  [INFO] Resolving artifact: org.opentest4j:opentest4j:jar:1.3.0:test (sources = false)
2026.09.22 01:22:36 INFO  [INFO] SUCCESS: org.opentest4j:opentest4j:jar:1.3.0:test (sources = false)
2026.09.22 01:22:36 INFO  [INFO] Resolving artifact: org.opentest4j:opentest4j:jar:1.3.0:test (sources = true)
2026.09.22 01:22:36 INFO  [INFO] SUCCESS: org.opentest4j:opentest4j:jar:1.3.0:test (sources = true)
2026.09.22 01:22:36 INFO  [INFO] Resolving artifact: org.junit.jupiter:junit-jupiter-api:jar:5.10.2:test (sources = false)
2026.09.22 01:22:36 INFO  [INFO] SUCCESS: org.junit.jupiter:junit-jupiter-api:jar:5.10.2:test (sources = false)
2026.09.22 01:22:36 INFO  [INFO] Resolving artifact: org.junit.jupiter:junit-jupiter-api:jar:5.10.2:test (sources = true)
2026.09.22 01:22:36 INFO  [INFO] SUCCESS: org.junit.jupiter:junit-jupiter-api:jar:5.10.2:test (sources = true)
2026.09.22 01:22:36 INFO  [INFO] Resolving artifact: org.junit.platform:junit-platform-engine:jar:1.10.2:test (sources = false)
2026.09.22 01:22:36 INFO  [INFO] SUCCESS: org.junit.platform:junit-platform-engine:jar:1.10.2:test (sources = false)
2026.09.22 01:22:36 INFO  [INFO] Resolving artifact: org.junit.platform:junit-platform-engine:jar:1.10.2:test (sources = true)
2026.09.22 01:22:36 INFO  [INFO] SUCCESS: org.junit.platform:junit-platform-engine:jar:1.10.2:test (sources = true)
2026.09.22 01:22:36 INFO  [INFO] Resolving artifact: org.junit.jupiter:junit-jupiter-params:jar:5.10.2:test (sources = false)
2026.09.22 01:22:36 INFO  [INFO] SUCCESS: org.junit.jupiter:junit-jupiter-params:jar:5.10.2:test (sources = false)
2026.09.22 01:22:36 INFO  [INFO] Resolving artifact: org.junit.jupiter:junit-jupiter-params:jar:5.10.2:test (sources = true)
2026.09.22 01:22:36 INFO  [INFO] SUCCESS: org.junit.jupiter:junit-jupiter-params:jar:5.10.2:test (sources = true)
2026.09.22 01:22:36 INFO  [INFO] Resolving artifact: org.junit.platform:junit-platform-commons:jar:1.10.2:test (sources = false)
2026.09.22 01:22:36 INFO  [INFO] SUCCESS: org.junit.platform:junit-platform-commons:jar:1.10.2:test (sources = false)
2026.09.22 01:22:36 INFO  [INFO] Resolving artifact: org.junit.platform:junit-platform-commons:jar:1.10.2:test (sources = true)
2026.09.22 01:22:36 INFO  [INFO] SUCCESS: org.junit.platform:junit-platform-commons:jar:1.10.2:test (sources = true)
2026.09.22 01:22:36 INFO  [INFO] Resolving artifact: org.apiguardian:apiguardian-api:jar:1.1.2:test (sources = false)
2026.09.22 01:22:36 INFO  [INFO] SUCCESS: org.apiguardian:apiguardian-api:jar:1.1.2:test (sources = false)
2026.09.22 01:22:36 INFO  [INFO] Resolving artifact: org.apiguardian:apiguardian-api:jar:1.1.2:test (sources = true)
2026.09.22 01:22:36 INFO  [INFO] SUCCESS: org.apiguardian:apiguardian-api:jar:1.1.2:test (sources = true)
2026.09.22 01:22:36 INFO  [INFO] Resolving artifact: org.junit.jupiter:junit-jupiter:jar:5.10.2:test (sources = false)
2026.09.22 01:22:36 INFO  [INFO] SUCCESS: org.junit.jupiter:junit-jupiter:jar:5.10.2:test (sources = false)
2026.09.22 01:22:36 INFO  [INFO] Resolving artifact: org.junit.jupiter:junit-jupiter:jar:5.10.2:test (sources = true)
2026.09.22 01:22:36 INFO  [INFO] SUCCESS: org.junit.jupiter:junit-jupiter:jar:5.10.2:test (sources = true)
2026.09.22 01:22:36 INFO  [INFO] Resolving artifact: org.junit.jupiter:junit-jupiter-engine:jar:5.10.2:test (sources = false)
2026.09.22 01:22:36 INFO  [INFO] SUCCESS: org.junit.jupiter:junit-jupiter-engine:jar:5.10.2:test (sources = false)
2026.09.22 01:22:36 INFO  [INFO] Resolving artifact: org.junit.jupiter:junit-jupiter-engine:jar:5.10.2:test (sources = true)
2026.09.22 01:22:36 INFO  [INFO] SUCCESS: org.junit.jupiter:junit-jupiter-engine:jar:5.10.2:test (sources = true)
2026.09.22 01:22:36 INFO  [INFO] Generated .bloop\semana6-lab-diagnostico-test.json
2026.09.22 01:22:36 INFO  [INFO] Starting to write configuration for project: semana6-lab-diagnostico with configuration: test
2026.09.22 01:22:36 INFO  [INFO] ------------------------------------------------------------------------
2026.09.22 01:22:36 INFO  [INFO] BUILD SUCCESS
2026.09.22 01:22:36 INFO  [INFO] ------------------------------------------------------------------------
2026.09.22 01:22:36 INFO  [INFO] Total time:  38.205 s
2026.09.22 01:22:36 INFO  [INFO] Finished at: 2026-09-22T01:22:37-05:00
2026.09.22 01:22:36 INFO  [INFO] ------------------------------------------------------------------------
2026.09.22 01:22:37 INFO  time: ran 'mvn bloopInstall' in 47s
2026.09.22 01:22:37 INFO  Attempting to connect to the build server...
2026.09.22 01:22:37 INFO  No running Bloop server found, starting one.
sept 22, 2026 1:22:39 A. M. org.eclipse.lsp4j.jsonrpc.services.GenericEndpoint notify
INFORMACIÓN: Unsupported notification method: $/setTrace
2026.09.22 01:22:39 INFO  no build target found for D:\personal joffre barre\UESS - INGENIERIA COMPUTACION\Diseño de Software\lab1-codigo-heredado\src\main\java\edu\uees\refactor\service\ServicioReservas.java. Using fallback presentation compiler.
sept 22, 2026 1:22:40 A. M. org.eclipse.lsp4j.jsonrpc.services.GenericEndpoint notify
INFORMACIÓN: Unsupported notification method: $/setTrace
sept 22, 2026 1:22:40 A. M. org.eclipse.lsp4j.jsonrpc.RemoteEndpoint handleCancellation
ADVERTENCIA: Unmatched cancel notification for request id 61
2026.09.22 01:22:39 INFO  no build target found for D:\personal joffre barre\UESS - INGENIERIA COMPUTACION\Diseño de Software\lab1-codigo-heredado\src\main\java\edu\uees\refactor\service\ServicioReservas.java. Using fallback presentation compiler.
2026.09.22 01:23:11 INFO  Starting compilation server
2026.09.22 01:23:26 INFO  Tracing is disabled for protocol BSP. To enable tracing of incoming and outgoing JSON messages, create an empty file at D:\personal joffre barre\UESS - INGENIERIA COMPUTACION\Diseño de Software\lab1-codigo-heredado\.metals\bsp.trace.json or C:\Users\jbarre\AppData\Local\scalameta\metals\cache\bsp.trace.json
2026.09.22 01:23:37 INFO  no build target found for D:\personal joffre barre\UESS - INGENIERIA COMPUTACION\Diseño de Software\lab1-codigo-heredado\src\main\java\edu\uees\refactor\service\ServicioReservas.java. Using fallback presentation compiler.
sept 22, 2026 1:23:39 A. M. org.eclipse.lsp4j.jsonrpc.RemoteEndpoint handleCancellation
ADVERTENCIA: Unmatched cancel notification for request id 65
2026.09.22 01:23:46 ERROR Timeout waiting for 'build/initialize' response
2026.09.22 01:23:46 WARN  Retrying connection to the build server Bloop
2026.09.22 01:23:46 INFO  Found a Bloop server running
2026.09.22 01:23:46 INFO  Tracing is disabled for protocol BSP. To enable tracing of incoming and outgoing JSON messages, create an empty file at D:\personal joffre barre\UESS - INGENIERIA COMPUTACION\Diseño de Software\lab1-codigo-heredado\.metals\bsp.trace.json or C:\Users\jbarre\AppData\Local\scalameta\metals\cache\bsp.trace.json
2026.09.22 01:24:07 ERROR Timeout waiting for 'build/initialize' response
2026.09.22 01:24:07 WARN  Retrying connection to the build server Bloop
2026.09.22 01:24:07 INFO  Found a Bloop server running
2026.09.22 01:24:07 INFO  Tracing is disabled for protocol BSP. To enable tracing of incoming and outgoing JSON messages, create an empty file at D:\personal joffre barre\UESS - INGENIERIA COMPUTACION\Diseño de Software\lab1-codigo-heredado\.metals\bsp.trace.json or C:\Users\jbarre\AppData\Local\scalameta\metals\cache\bsp.trace.json
2026.09.22 01:24:27 ERROR Timeout waiting for 'build/initialize' response
2026.09.22 01:24:27 WARN  Retrying connection to the build server Bloop
2026.09.22 01:24:27 INFO  Found a Bloop server running
2026.09.22 01:24:27 INFO  Tracing is disabled for protocol BSP. To enable tracing of incoming and outgoing JSON messages, create an empty file at D:\personal joffre barre\UESS - INGENIERIA COMPUTACION\Diseño de Software\lab1-codigo-heredado\.metals\bsp.trace.json or C:\Users\jbarre\AppData\Local\scalameta\metals\cache\bsp.trace.json
2026.09.22 01:24:47 ERROR Timeout waiting for 'build/initialize' response
2026.09.22 01:24:47 WARN  Retrying connection to the build server Bloop
2026.09.22 01:24:47 INFO  Found a Bloop server running
2026.09.22 01:24:47 INFO  Tracing is disabled for protocol BSP. To enable tracing of incoming and outgoing JSON messages, create an empty file at D:\personal joffre barre\UESS - INGENIERIA COMPUTACION\Diseño de Software\lab1-codigo-heredado\.metals\bsp.trace.json or C:\Users\jbarre\AppData\Local\scalameta\metals\cache\bsp.trace.json
2026.09.22 01:25:07 ERROR Timeout waiting for 'build/initialize' response
2026.09.22 01:25:07 WARN  Retrying connection to the build server Bloop
2026.09.22 01:25:07 INFO  Found a Bloop server running
2026.09.22 01:25:07 INFO  Tracing is disabled for protocol BSP. To enable tracing of incoming and outgoing JSON messages, create an empty file at D:\personal joffre barre\UESS - INGENIERIA COMPUTACION\Diseño de Software\lab1-codigo-heredado\.metals\bsp.trace.json or C:\Users\jbarre\AppData\Local\scalameta\metals\cache\bsp.trace.json
2026.09.22 01:25:25 INFO  time: Connected to build server in 2m47s
2026.09.22 01:25:25 INFO  Connected to Build server: Bloop v2.1.2
2026.09.22 01:25:25 INFO  time: Imported build in 0.32s
2026.09.22 01:25:29 WARN  Using H2 2.5.250 which is newer than the version Flyway has been verified with. The latest verified version of H2 is 2.3.232.
2026.09.22 01:25:52 INFO  time: indexed workspace in 26s
2026.09.22 01:25:53 INFO  compiling semana6-lab-diagnostico (5 java sources)
2026.09.22 01:25:55 WARN  javac: [options] location of system modules is not set in conjunction with -source 21
2026.09.22 01:25:55 INFO  time: compiled semana6-lab-diagnostico in 2.23s
2026.09.22 01:25:55 INFO  Created report: Optional.empty
2026.09.22 01:25:55 INFO  Unexpected error when compiling semana6-lab-diagnostico: java.nio.file.InvalidPathException: Illegal... (full report at: "D:\personal joffre barre\UESS - INGENIERIA COMPUTACION\Diseño de Software\lab1-codigo-heredado\.metals\.reports\bloop\2026-09-22\r_Unexpected error whe..._01-25-55-730.md")
2026.09.22 01:26:03 INFO  compiling semana6-lab-diagnostico (6 java sources)
2026.09.22 01:26:05 WARN  javac: [options] location of system modules is not set in conjunction with -source 21
2026.09.22 01:26:05 INFO  Created report: Optional.empty
2026.09.22 01:26:05 INFO  Unexpected error when compiling semana6-lab-diagnostico: java.nio.file.InvalidPathException: Illegal... (full report at: "D:\personal joffre barre\UESS - INGENIERIA COMPUTACION\Diseño de Software\lab1-codigo-heredado\.metals\.reports\bloop\2026-09-22\r_Unexpected error whe..._01-26-05-656.md")
2026.09.22 01:26:17 INFO  Deduplicating compilation of semana6-lab-diagnostico from bsp client 'Metals 1.6.9' (since 1m 10.17s)
2026.09.22 01:26:17 INFO  compiling semana6-lab-diagnostico (6 java sources)
2026.09.22 01:26:17 WARN  javac: [options] location of system modules is not set in conjunction with -source 21
2026.09.22 01:26:17 INFO  Unexpected error when compiling semana6-lab-diagnostico: java.nio.file.InvalidPathException: Illegal... (full report at: "D:\personal joffre barre\UESS - INGENIERIA COMPUTACION\Diseño de Software\lab1-codigo-heredado\.metals\.reports\bloop\2026-09-22\r_Unexpected error whe..._01-26-05-656.md")
sept 22, 2026 1:26:40 A. M. org.eclipse.lsp4j.jsonrpc.RemoteEndpoint handleCancellation
ADVERTENCIA: Unmatched cancel notification for request id 107
sept 22, 2026 1:26:52 A. M. org.eclipse.lsp4j.jsonrpc.RemoteEndpoint handleCancellation
ADVERTENCIA: Unmatched cancel notification for request id 121
2026.09.22 01:27:00 INFO  Deduplicating compilation of semana6-lab-diagnostico from bsp client 'Metals 1.6.9' (since 1m 52.85s)
2026.09.22 01:27:00 INFO  compiling semana6-lab-diagnostico (6 java sources)
2026.09.22 01:27:00 WARN  javac: [options] location of system modules is not set in conjunction with -source 21
2026.09.22 01:27:00 INFO  Unexpected error when compiling semana6-lab-diagnostico: java.nio.file.InvalidPathException: Illegal... (full report at: "D:\personal joffre barre\UESS - INGENIERIA COMPUTACION\Diseño de Software\lab1-codigo-heredado\.metals\.reports\bloop\2026-09-22\r_Unexpected error whe..._01-26-05-656.md")
